Date,crisis_prob,bull_prob,entropy
2003-12-31,0.06519202968363079,0.8531171983676984,0.3179944336136783
2004-01-02,0.19631062528198107,0.5505789645990785,0.540747957181668
2004-01-05,0.13543761095160417,0.6875475298487133,0.39872160224002834
2004-01-06,0.10314472220915176,0.7613697634403777,0.3136990454228612
2004-01-07,0.10060564160001229,0.6871182849264406,0.41764580937091883
2004-01-08,0.14403218889677505,0.5271065911641073,0.5165419091330763
2004-01-09,0.07902400210709606,0.4774984474926975,0.44247770068495507
2004-01-12,0.07660551324612153,0.2852076817082977,0.4975088799872095
2004-01-13,0.07585006823198621,0.0886403915826677,0.5645480623062817
2004-01-14,0.058402457749060756,0.010617999925857326,0.4770533897811503
2004-01-15,0.016058602432230028,6.265533689406828e-06,0.41510751738864754
2004-01-16,0.024696443686836038,7.070072501157248e-06,0.43255816566206295
2004-01-20,0.03353345153018613,6.329550048784406e-06,0.4541778771725225
2004-01-21,0.036888765437477405,6.472878021840839e-06,0.4656861967132405
2004-01-22,0.03876774903375473,6.390801924515191e-06,0.470520379723427
2004-01-23,0.03251348861363808,6.379411341471221e-06,0.4629419378497291
2004-01-26,0.06321473428238987,0.00019939180430173417,0.5221668557602785
2004-01-27,0.05780923705288292,0.00019396610262070082,0.5089766569552464
2004-01-28,0.11407361029625687,0.0001938200572034658,0.5408994244066951
2004-01-29,0.1740168110564592,0.00019381961597278373,0.5792240650485532
2004-01-30,0.21292022125920274,0.00019381948751725494,0.6060626629666227
2004-02-02,0.24396880619075906,6.106331460168077e-11,0.5731350333372409
2004-02-03,0.3266674550274774,1.0946726082848154e-17,0.6068699027170256
2004-02-04,0.4665333706819226,1.0944967382751116e-17,0.4847761267989057
2004-02-05,0.6040357598353101,1.3040857655126678e-21,0.3626175430985324
2004-02-06,0.7565811895197201,8.074589984258925e-15,0.24568274929039086
2004-02-09,0.8842383705442216,7.613500924064333e-14,0.12909207577457138
2004-02-10,0.9471784716237304,9.841478603974488e-13,0.09261718364056909
2004-02-11,0.7817365109137104,2.852742260891758e-07,0.24670836956617456
2004-02-12,0.6262682461714746,2.8527536769402163e-07,0.36657722577869845
2004-02-13,0.5423058733493583,2.852753596208352e-07,0.4723576995178435
2004-02-17,0.3677583417097007,2.9137034767397854e-07,0.5943725364501625
2004-02-18,0.220906916483663,3.049214115795512e-07,0.5978187350714275
2004-02-19,0.19072829588465678,1.9648169645128313e-08,0.531062785207012
2004-02-20,0.15614684687131336,1.964702804029915e-08,0.5065244295569336
2004-02-23,0.06321057721877091,1.964702803889567e-08,0.5057357073611508
2004-02-24,0.08259589173061029,1.3551971925333016e-08,0.49685437033459695
2004-02-25,0.09847486979554407,6.9091512999139625e-18,0.5142669086670159
2004-02-26,0.11059679875068824,1.670427473174721e-20,0.5295811250740888
2004-02-27,0.13569313682433162,8.425187099592058e-27,0.5495711778372361
2004-03-01,0.11643950667766105,6.75504298287644e-21,0.5269923973812596
2004-03-02,0.08266200048655448,6.755042984249354e-21,0.5032210281770848
2004-03-03,0.0817336335054996,6.75503483709979e-21,0.5024245957487424
2004-03-04,0.06825235695826508,6.755229838341687e-21,0.48465538886461534
2004-03-05,0.0419675367039245,6.755229838359951e-21,0.4631848284837842
2004-03-08,0.2230450094911462,1.9527899868823407e-25,0.4146932275184761
2004-03-09,0.39907028238328995,1.9527760572853356e-25,0.35390181031992085
2004-03-10,0.5810079675620822,1.9527760572426638e-25,0.2525922792723102
2004-03-11,0.7779689754926562,1.8366058367975473e-32,0.1678137056530275
2004-03-12,0.9682352044926599,1.030145953731284e-52,0.07767312883793881
2004-03-15,0.9837473804867838,1.0264173695370397e-52,0.04202986215507416
2004-03-16,0.9978821226768803,1.026417283760178e-52,0.008860137956394667
2004-03-17,0.9953090178743225,1.4225438324552889e-46,0.0166651616977175
2004-03-18,0.9911530525930481,1.430533749990723e-46,0.029392758634212514
2004-03-19,0.9918551760071141,1.4305327198449289e-46,0.02686964510027797
2004-03-22,0.9919126088401174,1.4305327198449289e-46,0.026629823399020047
2004-03-23,0.9921458475511289,1.4305327198449289e-46,0.025578420375684603
2004-03-24,0.9946208165605375,7.989913806923887e-49,0.018124999123777335
2004-03-25,0.9970060298815104,5.5467214845003214e-34,0.01161817535504058
2004-03-26,0.9932470008596237,9.83885606608201e-34,0.022850159849012473
2004-03-29,0.9408095992840488,2.674001957782801e-21,0.10645039024057297
2004-03-30,0.8319431011281079,1.1939683961443572e-19,0.22513579490065458
2004-03-31,0.7770180167089624,1.3387500064652187e-19,0.3096720705385512
2004-04-01,0.6411174899903188,1.0774552089305926e-16,0.42561795615331544
2004-04-02,0.4510537937558218,4.281828481832236e-06,0.5032211661161965
2004-04-05,0.30476637982313726,0.0006294284215491539,0.501512700996415
2004-04-06,0.21744478012977392,0.0006294491685244268,0.46909699404477745
2004-04-07,0.07961542772630302,0.000629452964562188,0.47280520691935085
2004-04-08,0.019594167688485587,0.0006294546317106964,0.43391723692213907
2004-04-12,0.015543872398955386,0.0006252235557437463,0.42617942248248813
2004-04-13,0.018216816955251645,7.696350780315198e-08,0.4297798676978222
2004-04-14,0.019336381499545537,5.6216926934269356e-08,0.43176619269786515
2004-04-15,0.05006206572363266,5.2420889173004684e-08,0.4574026378335434
2004-04-16,0.07026403052051551,5.0753740556984834e-08,0.4818227359774575
2004-04-19,0.0709616953912219,1.3831574928858914e-12,0.4833686114246121
2004-04-20,0.1047156597958789,5.517791111267528e-13,0.5136223600115322
2004-04-21,0.1302159023730257,1.5737498373026826e-13,0.5383318440967493
2004-04-22,0.16903521458101303,5.659244304802279e-12,0.5438751891632564
2004-04-23,0.2136514912843519,1.996744415855471e-08,0.5586559794042709
2004-04-26,0.26281755547206,2.08451603683649e-08,0.5958973567004817
2004-04-27,0.252132152978489,2.102457550937825e-08,0.5903256352609165
2004-04-28,0.3007736054337423,2.1024575565257943e-08,0.5988212182882924
2004-04-29,0.3006107543930174,2.1019073695931353e-08,0.5985946471786844
2004-04-30,0.4239585765258204,1.0572887816765221e-09,0.5009867282326885
2004-05-03,0.5280736748444895,1.794151968930693e-10,0.4556440161025882
2004-05-04,0.587105930694255,5.587972015417442e-17,0.4647553592256378
2004-05-05,0.5415121754249694,6.516013164584154e-23,0.4578982014699683
2004-05-06,0.482437423227594,6.435814646374357e-23,0.43914190748374776
2004-05-07,0.3237869757582512,6.435814807867127e-23,0.5281011635718398
2004-05-10,0.23418738932858546,6.435814713013215e-23,0.5748960225031945
2004-05-11,0.16827043945323614,6.515267192184168e-23,0.5605964666183254
2004-05-12,0.15234669560566622,3.686875830914949e-24,0.549634536704531
2004-05-13,0.16180626561566225,3.6667470836371464e-24,0.5571753083287276
2004-05-14,0.1850351051297187,3.666745488678764e-24,0.5649948373287959
2004-05-17,0.23209370625207004,3.666745488650357e-24,0.5523135969804903
2004-05-18,0.25590094301690475,2.8715941967184378e-24,0.5655920025031794
2004-05-19,0.318271047882832,3.958487707096392e-27,0.5834739315947761
2004-05-20,0.3576376164706854,4.481045558644701e-30,0.5954594941702211
2004-05-21,0.34947488980545033,5.1260635269043685e-30,0.593719402445827
2004-05-24,0.2602884196586749,7.140146843271592e-26,0.5928679255186399
2004-05-25,0.21782062895835966,1.3365252138116089e-14,0.5549442903481727
2004-05-26,0.13836741939369396,2.9373673658216356e-12,0.512284962046399
2004-05-27,0.07302003600884688,9.588290981562283e-12,0.4682912436271991
2004-05-28,0.02651353927519699,1.120535857303952e-11,0.42687191709228073
2004-06-01,0.0037090066164196293,1.1205358658779125e-11,0.3989328462046387
2004-06-02,0.003494672925227761,1.1191993419358331e-11,0.39841620304868053
2004-06-03,0.007342459362332578,8.2679913056752e-12,0.40676092634334415
2004-06-04,0.0098956014786752,1.6170676919968454e-12,0.412833346280549
2004-06-07,0.010178282381508476,3.164182758279044e-10,0.4136025092411028
2004-06-08,0.010472912473272889,3.912968871563849e-10,0.41424969960655
2004-06-09,0.013679918345526837,3.912977556869952e-10,0.42083831658868
2004-06-10,0.013794983140267874,3.937563800631359e-10,0.4210520073074486
2004-06-14,0.025715405617192256,3.9375661886838376e-10,0.43738703356269537
2004-06-15,0.03171389779236404,8.05021929838073e-11,0.44904691724906165
2004-06-16,0.04412993768228048,5.713199371399851e-12,0.46748675572055925
2004-06-17,0.11008547805411947,5.712335058951256e-12,0.5026652336736793
2004-06-18,0.13385740234599602,3.2538003457740852e-12,0.5269590817737899
2004-06-21,0.16794706254028885,3.253561623703671e-12,0.54627066145605
2004-06-22,0.16342194119187553,2.065517297905627e-12,0.5382796571733752
2004-06-23,0.15117525357165795,4.884914254884176e-08,0.5201591663683875
2004-06-24,0.0815811963704545,1.1901282683684757e-07,0.47712699492215693
2004-06-25,0.053755639950810376,5.416310600348385e-06,0.44433563797880427
2004-06-28,0.005033400689303015,5.674962104295227e-06,0.4020784787988398
2004-06-29,0.004097933011310968,0.00030964297352653304,0.40591460496131565
2004-06-30,0.011519939043045808,0.026525867182540696,0.47299918142068414
2004-07-01,0.011275184602557381,0.026533709898393976,0.47238696753475307
2004-07-02,0.011612162972588281,0.026528553465573833,0.4729711542574826
2004-07-06,0.022260957355051698,0.026528294814073754,0.49153171348561375
2004-07-07,0.023893591195262107,0.026224326800732823,0.4891462116930997
2004-07-08,0.017870511838326348,8.053744552013926e-06,0.4250819942314449
2004-07-09,0.020397553533156264,1.4086501444711387e-07,0.4310374520475232
2004-07-12,0.0234217350079878,6.098115197376142e-14,0.4377107784313508
2004-07-13,0.01735948367198896,5.711038777589617e-14,0.42914204805779316
2004-07-14,0.023724523082600563,7.10367397621836e-19,0.4392001682479442
2004-07-15,0.030547447757590183,5.782469995629703e-19,0.44965975303424965
2004-07-16,0.061669787108381245,2.2399173329941444e-22,0.4800668332912026
2004-07-19,0.10302409600417137,4.6209375238574763e-23,0.5133419861583948
2004-07-20,0.10283967209758922,6.566580827630858e-22,0.5130388091879504
2004-07-21,0.22059739782392845,6.566580734061578e-22,0.5197665814679983
2004-07-22,0.2960787599830617,6.56665524747733e-22,0.5443727637335443
2004-07-23,0.436434717668366,6.566655247477341e-22,0.4816279416214474
2004-07-26,0.5787720795529514,6.566655247477341e-22,0.39304131280467336
2004-07-27,0.6611810652435193,1.7696460547939257e-18,0.42525593235362635
2004-07-28,0.6756250653502379,1.7875125220421272e-18,0.4139672859994912
2004-07-29,0.7351765061129013,3.826697558444417e-15,0.3805378619864884
2004-07-30,0.6621159351678647,8.574406229301458e-14,0.4435244648528653
2004-08-02,0.5993742100775593,1.236937844430897e-13,0.515538068784403
2004-08-03,0.6070310384830897,1.236920200209431e-13,0.5131601385798735
2004-08-04,0.48334433949729316,1.236920027224036e-13,0.526922567893213
2004-08-05,0.41481125988688816,1.1986709267647381e-13,0.5620098034301897
2004-08-06,0.5016762548826877,3.7949727941903654e-14,0.47611541738033375
2004-08-09,0.5534838265548832,5.791828560245856e-21,0.42257126612411466
2004-08-10,0.5727021795694759,5.679277823751594e-22,0.41438731305997933
2004-08-11,0.7053201485220596,2.916403777199143e-29,0.3923106872448855
2004-08-12,0.8057730290822699,1.1751251520362202e-31,0.3192332749715307
2004-08-13,0.7886363002942707,1.175125153432164e-31,0.34700869590363465
2004-08-16,0.7638232539506643,1.1783063207353797e-31,0.3779070192407726
2004-08-17,0.7424323155791384,5.417191077156084e-28,0.3869593573439585
2004-08-18,0.6365763541225891,1.8051016652926497e-20,0.4244117477146122
2004-08-19,0.529268858159981,1.8051052180180297e-20,0.497955422966151
2004-08-20,0.3650224320514056,7.273579252303686e-20,0.5320127309595412
2004-08-23,0.2238541758971641,7.43791648695617e-20,0.5479575133524279
2004-08-24,0.14206119893759833,7.548384301870054e-20,0.5259577973138809
2004-08-25,0.09976110254457629,1.7888151656074768e-15,0.4899660771783603
2004-08-26,0.03271416554234643,2.0003748982857852e-15,0.45163203343623703
2004-08-27,0.027287466339312068,2.2371059956781487e-14,0.4417503895222118
2004-08-30,0.02319668687030229,2.2371075897237332e-14,0.43620623097777556
2004-08-31,0.018087604956948104,2.2371263183347004e-14,0.42914684781662144
2004-09-01,0.020451011049190115,2.0582876257360773e-14,0.43364704092560047
2004-09-02,0.01928626954390951,2.840406181971323e-13,0.43109196621798096
2004-09-03,0.03623773832549419,2.636698793573425e-13,0.45404609596163237
2004-09-07,0.11375805350402164,2.6366986177421454e-13,0.48394295045975566
2004-09-08,0.21245074344825396,2.6366967338350707e-13,0.5085541193414729
2004-09-09,0.263531259760564,2.6366930679045406e-13,0.5425671404446557
2004-09-10,0.31843910866311637,4.3112540738388875e-16,0.5829502135856964
2004-09-13,0.3639309968134195,6.129905469792393e-15,0.6011169297091069
2004-09-14,0.29415038968253343,1.8791632483668415e-13,0.5809327933894043
2004-09-15,0.2197830136174682,1.9276281523570816e-13,0.5797208052048125
2004-09-16,0.17921306386011943,2.2525429516143541e-13,0.5593540446194953
2004-09-17,0.13009370281448923,6.161609269510566e-13,0.52936664287622
2004-09-20,0.06850566626951311,1.5751186668480481e-12,0.49017262674714124
2004-09-21,0.05627333639318136,5.454928715414823e-11,0.4723984721922192
2004-09-22,0.043252473595480165,5.4575411380679925e-11,0.46266917436048793
2004-09-23,0.03915264770971265,5.455370927468203e-11,0.45813557176129444
2004-09-24,0.0351826337876662,5.4162917467733524e-11,0.4515893140328323
2004-09-27,0.038246265621277295,5.3198263102305265e-11,0.4572070778269836
2004-09-28,0.03918883383940926,4.2320873970807776e-14,0.45916658541007055
2004-09-29,0.024506895889752477,1.5919932801427134e-14,0.43935500634146124
2004-09-30,0.01555125388257215,2.981067622248058e-14,0.4253489664258372
2004-10-01,0.014509744455692516,2.235191774655398e-05,0.4234771463647144
2004-10-04,0.01048449087599416,0.00025256744492276853,0.41857081752063846
2004-10-05,0.01008521448324867,0.00025450974138396186,0.41742317608424956
2004-10-06,0.008603807103737307,0.0007926287458033234,0.41850574817626995
2004-10-07,0.007462404117145706,0.0007997171501906054,0.41569903124378654
2004-10-08,0.00932928900623079,0.0007773801608053736,0.4190776939805647
2004-10-11,0.009668419644595434,0.0005473930673798632,0.4171123178508279
2004-10-12,0.009715884460629761,0.000545557911239256,0.4185878001840814
2004-10-13,0.01096538786602948,7.475227161850944e-06,0.4175152357887012
2004-10-14,0.025077590283765917,3.872334107800693e-07,0.4388734976804856
2004-10-15,0.02138038130195058,5.408715189688513e-07,0.4311770162089143
2004-10-18,0.02327604261449434,0.00028727892223377315,0.44732589777271425
2004-10-19,0.02328436481103109,0.000314276263240565,0.4545704910618487
2004-10-20,0.02792869042524993,0.0005753338755659025,0.4801967564240597
2004-10-21,0.019417275655236214,0.003882983523162198,0.4963961093612605
2004-10-22,0.019726010029382884,0.003892503374447761,0.4969623596604557
2004-10-25,0.01708941474846388,0.003606405953129959,0.47888064162046196
2004-10-26,0.01565339471918718,0.0035822290143162024,0.46736507661219917
2004-10-27,0.023991649076173415,0.017664984004592835,0.5061958173826046
2004-10-28,0.07792083608018537,0.03167163848509098,0.5543694242917632
2004-10-29,0.15954532899134383,0.04008963696607992,0.601794479848616
2004-11-01,0.25028401886444235,0.04159731005265679,0.6085451072099397
2004-11-02,0.3422740723044107,0.043690763175099026,0.6173264487074677
2004-11-03,0.4203911700669469,0.031404957563715474,0.5601140709207428
2004-11-04,0.4542154601861764,0.01630933616432577,0.4902762509449773
2004-11-05,0.45748149075090494,0.024230744483187405,0.48818051871041773
2004-11-08,0.4597462575987586,0.031729927875958325,0.5086633371529864
2004-11-09,0.46099384638030233,0.03751512253826635,0.5235914157226871
2004-11-10,0.42674198070780134,0.12049581561439693,0.5591111624588663
2004-11-11,0.40426856306056075,0.1680137455459158,0.5994138198875525
2004-11-12,0.3779957239758952,0.2132883443587735,0.6273811593160807
2004-11-15,0.34036292999419815,0.2687484818716489,0.67532172700974
2004-11-16,0.3294413340196435,0.28890241423830143,0.7027570611234216
2004-11-17,0.34819301906081374,0.22997342613328775,0.721831631362422
2004-11-18,0.3548277177677238,0.2056078338545068,0.7296725901719654
2004-11-19,0.38354558435494784,0.16482154902195364,0.7071984558221966
2004-11-22,0.40067145777013985,0.10335721511562153,0.7028434162595383
2004-11-23,0.35995619501226506,0.07684104442082043,0.7392068142008111
2004-11-24,0.3537549287517827,0.0531316557525693,0.7358900301601619
2004-11-26,0.34391193113160573,0.027905284011698745,0.7223925000837036
2004-11-29,0.32951871079499107,0.007228119181625708,0.7110486711684867
2004-11-30,0.32569468130699136,0.0043641914375772434,0.687149599284959
2004-12-01,0.3695362966020671,0.0035581432801160633,0.6163024960900679
2004-12-02,0.3901910851862911,0.0022033706239946377,0.5711309177816815
2004-12-03,0.41371345178237473,0.002922706111378192,0.533086905327587
2004-12-06,0.43453460611407546,0.0043680291782693965,0.5117305849170493
2004-12-07,0.4540542889400527,0.006410581234460147,0.4866186314600749
2004-12-08,0.46335634912301993,0.007428367355299341,0.4798573019321676
2004-12-09,0.4666393474242615,0.008428602243871267,0.47371856767082904
2004-12-10,0.47151569880990074,0.00977515604092967,0.47259310417671696
2004-12-13,0.47287785140418304,0.00965901187475397,0.46178595022003144
2004-12-14,0.48014112960696276,0.009048081721311382,0.44697300199729284
2004-12-15,0.4819521498355173,0.013330388517018807,0.4560419777036909
2004-12-16,0.4861403324318817,0.014715511796391295,0.46135753402421226
2004-12-17,0.489307493982022,0.015209083852856579,0.46482857315089304
2004-12-20,0.48976835170777944,0.01932024372050372,0.4843236399140235
2004-12-21,0.4917659692034112,0.019719777001746285,0.49327578622593016
2004-12-22,0.49276234062428614,0.015911996787227493,0.49002702807059206
2004-12-23,0.49158346921705753,0.01485044490022271,0.49091649047044983
2004-12-27,0.4899495453777307,0.014024927508738627,0.4955953473554421
2004-12-28,0.48963416778539226,0.011577166734997622,0.48597305748318675
2004-12-29,0.48665549542262865,0.013394205079906157,0.4879758769406027
2004-12-30,0.48526616460619615,0.014695408629404588,0.4885178721575797
2004-12-31,0.47492446551817824,0.01465902632093766,0.5107453842519554
2005-01-03,0.4666238550383741,0.014029526031275408,0.5278325005515132
2005-01-04,0.4632231066928279,0.010945295076901857,0.5361897449813611
2005-01-05,0.45914388556060814,0.007199354171140186,0.5633191557732786
2005-01-06,0.4224724264113295,0.003693024223288437,0.6408420464035152
2005-01-07,0.41857368575954085,0.0013641668528263557,0.6773666632482586
2005-01-10,0.4131568086209286,0.00011807160992398163,0.7278138341000441
2005-01-11,0.3850439791770869,5.010798919934728e-05,0.796270230002144
2005-01-12,0.38862206191617493,2.304635474562284e-05,0.8198114154902816
2005-01-13,0.47122266492753295,2.278941299756844e-05,0.7864564761502064
2005-01-14,0.5026271667562214,3.3757908672872984e-05,0.7546244047762812
2005-01-18,0.5165663216113294,6.787325722186487e-05,0.6887505153121474
2005-01-19,0.5710820936238132,6.934744132308083e-05,0.6369168849214089
2005-01-20,0.6702676533854969,5.4555198412910385e-05,0.5147412410757861
2005-01-21,0.7269181693895188,5.433699490047272e-05,0.3749012190445112
2005-01-24,0.811417657229498,3.921493890528275e-05,0.25121008612015
2005-01-25,0.9127521548049655,2.102122264836704e-06,0.1501520747148986
2005-01-26,0.9923585028934557,1.572120212776575e-10,0.036424443071449986
2005-01-27,0.9976224032059922,7.35568210951431e-12,0.014000809895817107
2005-01-28,0.9975151691468641,7.32155180028436e-12,0.014533655496296843
2005-01-31,0.9591297019945297,4.925826450637841e-09,0.1126592546801743
2005-02-01,0.8852619014076779,8.751654231995555e-08,0.23525921743427106
2005-02-02,0.8052982752052651,3.3893073289032886e-07,0.34711312615671547
2005-02-03,0.8016308749037495,3.392341433956207e-07,0.3644896017779383
2005-02-04,0.7263300632196473,3.897793928106832e-05,0.4797802480118113
2005-02-07,0.6933814883353348,9.534154694710499e-05,0.5098760803253426
2005-02-08,0.6822393278692822,0.00013639497642043422,0.5017491230231039
2005-02-09,0.7496039207257281,0.00013617686907139306,0.43872895946243345
2005-02-10,0.7468569450331388,0.00013624602725508526,0.45181983344108645
2005-02-11,0.7354523138588174,0.00020269908261212377,0.4373108381878006
2005-02-14,0.7224472343706737,0.0004304199969914534,0.4196984819882449
2005-02-15,0.7149244551649632,0.0008986007739962175,0.3926259055416898
2005-02-16,0.6347167348415841,0.0009433204336207473,0.42342728552153985
2005-02-17,0.6252599880768567,0.0009434112814974067,0.45071200959883784
2005-02-18,0.7076256868954678,0.0008383196868456163,0.36254487092317955
2005-02-22,0.7913663712162856,0.0005542302462981151,0.25441549497616156
2005-02-23,0.883722090910085,4.491344910412377e-05,0.16780999727799317
2005-02-24,0.9659785127302023,1.6052216683600008e-07,0.11000439941336979
2005-02-25,0.9711709943187994,3.855093217901765e-09,0.07779709829785016
2005-02-28,0.9597513029585507,3.6964811300086626e-09,0.10073245945340166
2005-03-01,0.9545741523094353,4.156694435836679e-08,0.11629089857121311
2005-03-02,0.9455098401806341,6.799380791983255e-08,0.14440686509810202
2005-03-03,0.9509212462439685,6.807313407747067e-08,0.13382737126899485
2005-03-04,0.8987584650510648,8.220099659541712e-08,0.20640820800544307
2005-03-07,0.8836930661421463,3.982487963439331e-05,0.265688046623065
2005-03-08,0.8592712833791134,3.9955254667758906e-05,0.33070340592092395
2005-03-09,0.8550992924157826,3.9949899361457235e-05,0.34317933509758397
2005-03-10,0.8064585798091407,3.9967547471120615e-05,0.4225239491094689
2005-03-11,0.8532691822355328,3.994977633052655e-05,0.358637140770475
2005-03-14,0.7918821917929671,2.0709272612221904e-07,0.37473111590821634
2005-03-15,0.7433349600198167,3.884722855806321e-08,0.396851605632441
2005-03-16,0.7435092236896657,1.7775671266382416e-08,0.3876382028836606
2005-03-17,0.7783071329567435,2.326911737611504e-12,0.3335535363435055
2005-03-18,0.7764775990353419,2.300076496753674e-12,0.33665644829889896
2005-03-21,0.7899055603160311,1.7978593238617618e-15,0.329454271014096
2005-03-22,0.8345249557807772,3.416159707200853e-18,0.2884939189428164
2005-03-23,0.8395430971100961,3.1758848214421004e-18,0.2785387543173351
2005-03-24,0.8526052600667289,2.8341682644346006e-20,0.2543567184732297
2005-03-28,0.8661154562437549,1.565014464201329e-20,0.22782782753112668
2005-03-29,0.9439076966081743,7.282604898760184e-25,0.12706970722066888
2005-03-30,0.9757785706740394,1.946896575001581e-18,0.07058522542434612
2005-03-31,0.9772356833880579,1.957247824139429e-18,0.06735285326915041
2005-04-01,0.9833963720066553,1.9572479756524583e-18,0.05148738629270143
2005-04-04,0.9770856320110809,1.957375433784803e-18,0.06506865983304055
2005-04-05,0.9585310034485615,1.9599850179702506e-18,0.10392326234821095
2005-04-06,0.9300925796397452,1.313494495374781e-20,0.15580168016556106
2005-04-07,0.8583359977812632,9.637269060555354e-18,0.2416570648876799
2005-04-08,0.8457569970253094,9.642494336309437e-18,0.2703147354633118
2005-04-11,0.8551113703145299,9.64246788530556e-18,0.2486500443157452
2005-04-12,0.8696147311456051,9.642360971467634e-18,0.22072955941531358
2005-04-13,0.8938198959414654,9.642315109935742e-18,0.17955735182593133
2005-04-14,0.9718637061503157,7.829635116447608e-21,0.07669334881157022
2005-04-15,0.9856708081509808,2.6039970749857517e-21,0.0434141614805114
2005-04-18,0.9876565731206439,2.5027244900178365e-21,0.036495607316748495
2005-04-19,0.9929288434902928,5.403702191443856e-26,0.021068969328094843
2005-04-20,0.9994082933165099,3.556618696366608e-33,0.0026769755217963083
2005-04-21,0.9998795580992812,3.1787344178538518e-27,0.0006990305808705321
2005-04-22,0.999868945686836,3.178736074545818e-27,0.0007611647818676389
2005-04-25,0.999878567123423,3.42246752078249e-27,0.0007041736648185917
2005-04-26,0.9999350338494655,3.422586811391838e-27,0.0004028706947472177
2005-04-27,0.9999378618239936,3.42275602931617e-27,0.00038647407858710415
2005-04-28,0.9999349608853763,2.440216119396605e-28,0.000401901656064552
2005-04-29,0.9976108575456528,2.4404202168836276e-28,0.008296946018929325
2005-05-02,0.9956409022904047,5.752575668412817e-31,0.01519577943624802
2005-05-03,0.9923899295502091,1.7033096505497159e-28,0.025681715991094915
2005-05-04,0.972014631126903,6.530986145898871e-22,0.0701625739092899
2005-05-05,0.8028833573732651,3.0657397329062605e-20,0.1834845085079399
2005-05-06,0.6152597454663746,1.707829307056298e-18,0.27126603943766014
2005-05-09,0.42342329994935357,2.465771010908933e-17,0.35477715247077807
2005-05-10,0.23847125511828055,2.472406444115483e-17,0.44215053054960096
2005-05-11,0.0658978942516846,3.5816875099593835e-17,0.48931384664306715
2005-05-12,0.050125377754332345,3.582319195213668e-17,0.4772358058320491
2005-05-13,0.04664853093881562,3.6876819063305064e-17,0.4724776880884389
2005-05-16,0.050436078764758106,1.3927529963894527e-17,0.47772762573573957
2005-05-17,0.04429383482573303,1.3971614250200992e-17,0.46944520063950873
2005-05-18,0.039130270748702775,5.985371600821216e-14,0.4603801811074463
2005-05-19,0.025410612160032424,5.571025459600756e-13,0.44040361173765613
2005-05-20,0.01970893959132041,6.507960395624986e-13,0.4295659680635137
2005-05-23,0.013308321667656567,6.509515698632981e-13,0.4199403800068967
2005-05-24,0.008375319343725185,6.814829972275087e-13,0.41013492023440534
2005-05-25,0.009875186459109212,6.216349189055709e-13,0.41318395664185026
2005-05-26,0.009325004325625582,1.5319700167224187e-13,0.41176536151015686
2005-05-27,0.010829698765864839,5.951539391232189e-14,0.4152737980803313
2005-05-31,0.010268034253063657,5.938274148335265e-14,0.4142065020723723
2005-06-01,0.01141936727560523,5.5019251131847994e-14,0.4170027694318206
2005-06-02,0.008379904395502359,1.713491674729441e-11,0.40986822815298785
2005-06-03,0.009010729325100315,1.8011252469898177e-11,0.41141143313977
2005-06-06,0.007901620234963044,1.9560023246511024e-11,0.4088462146650317
2005-06-07,0.006782450901722038,1.964408967226854e-11,0.406505771812386
2005-06-08,0.007422453214966711,1.9732969165173245e-11,0.4078980413936978
2005-06-09,0.010134394593924817,3.025711379896256e-12,0.41438429663760934
2005-06-10,0.011014379307609876,2.13641090880479e-12,0.4164046331930454
2005-06-13,0.012586946440685375,7.771754473786689e-13,0.4199044404390027
2005-06-14,0.013078653094821712,7.19092714707997e-13,0.42097762447221543
2005-06-15,0.01133230092105251,4.184383624521405e-12,0.41686510712504815
2005-06-16,0.008778369166574079,3.008031664612004e-10,0.4108873895119721
2005-06-17,0.006656300386882606,1.1363410772597356e-09,0.4054593075446033
2005-06-20,0.004031159296377557,1.938059504121649e-09,0.3991226875130068
2005-06-21,0.0018422702028402537,4.21103315712344e-09,0.3939288736061174
2005-06-22,0.001233072593778506,5.571363608736092e-09,0.39229903962686086
2005-06-23,0.001031037307725419,5.277954654189452e-09,0.39174019150206785
2005-06-24,0.0014536500588420967,4.442404576829427e-09,0.39308164699058923
2005-06-27,0.002250769111138982,3.6404966413040096e-09,0.3953387966512194
2005-06-28,0.002581530455069469,1.367696624949831e-09,0.3960557498347309
2005-06-29,0.0029510423135256864,3.849579586414536e-12,0.3970479348062974
2005-06-30,0.0033639074651148166,2.6796175183989253e-13,0.39830294365095165
2005-07-01,0.003055000212402178,1.2339057186408585e-12,0.39735278796162854
2005-07-05,0.0035091466088831144,5.6676604171737915e-06,0.4052032919661851
2005-07-06,0.00481129340028402,7.2890215011272624e-06,0.4160644348495451
2005-07-07,0.00782924321191481,1.0067509229635695e-05,0.4360543292516388
2005-07-08,0.07428442989382822,0.002745352705700573,0.48143639487805406
2005-07-11,0.14800392770467644,0.015169613758922096,0.5319558258330144
2005-07-12,0.22296430378437582,0.02099009999367365,0.5529495711400139
2005-07-13,0.3014773236347306,0.02706666446570576,0.5712390685459907
2005-07-14,0.38032549404234384,0.03265349751617448,0.5757255370088686
2005-07-15,0.40211918960616033,0.03783861843315055,0.556728985186527
2005-07-18,0.4113926547725013,0.032579935960468764,0.5360635989870597
2005-07-19,0.42044410359757817,0.031204381082468112,0.5272933623644852
2005-07-20,0.43262650367084676,0.030147495972699008,0.5186555285879797
2005-07-21,0.44505614293167406,0.027119597554392284,0.5077245886608112
2005-07-22,0.4489008709114494,0.029227350552632002,0.5099341398131718
2005-07-25,0.4628632145529547,0.02688553799758615,0.4990593634933814
2005-07-26,0.4733876641627461,0.024827845507118074,0.493865226249115
2005-07-27,0.4726112360739906,0.022016683044464365,0.49685062431201865
2005-07-28,0.4727076553824749,0.021758338365001913,0.5035807292881229
2005-07-29,0.47192154307193696,0.013885909301760596,0.4966884716246517
2005-08-01,0.45576682414793657,0.010987162481704381,0.5226398559390184
2005-08-02,0.4425838119788123,0.011514616440480688,0.5515795667487778
2005-08-03,0.4415628727648978,0.011409579111916474,0.5538375615440501
2005-08-04,0.4311636888046234,0.011504876288999296,0.5730568093705581
2005-08-05,0.4157324988588921,0.011422732466196326,0.5986362561111983
2005-08-08,0.4103257752576379,0.009750385915972755,0.5934227266674
2005-08-09,0.409433468614565,0.0071563365876531355,0.5634133781810046
2005-08-10,0.406591049399551,0.005456729348088376,0.5527660244363901
2005-08-11,0.4126821180646322,0.0035789715107289602,0.5192768292657163
2005-08-12,0.42080615040871,0.001856595070403993,0.4839359467587502
2005-08-15,0.42988954894816567,0.0021823402787676423,0.4529108504536971
2005-08-16,0.42800571062434767,0.0028551858512912837,0.46248281813905534
2005-08-17,0.4224390404289915,0.003107192053584439,0.45945587515691483
2005-08-18,0.4177016857038341,0.0031851103496519824,0.4693139293213721
2005-08-19,0.41989175964224695,0.003424206160046334,0.4719293794054192
2005-08-22,0.4263492816692559,0.003935511420339286,0.47579543389356604
2005-08-23,0.4382645557743351,0.0034124248896766443,0.4659372304181786
2005-08-24,0.4386959162937333,0.00283632973690463,0.49184522540432757
2005-08-25,0.43234787069268127,0.002446994908321505,0.5271007558645442
2005-08-26,0.4228656896401374,0.001953152634478531,0.5694096816282543
2005-08-29,0.4170740732785749,0.0013211214994855336,0.5913091398882001
2005-08-30,0.41346667500673834,0.002188546478604926,0.63170694598078
2005-08-31,0.4172387575212067,0.008916610509641463,0.6532157593473322
2005-09-01,0.42326057561770164,0.01563460435815512,0.6654413836785927
2005-09-02,0.4279357083852636,0.016572783515285173,0.665440701844497
2005-09-06,0.43583554122928103,0.018986798613017213,0.6506399756949809
2005-09-07,0.4421788278308165,0.0198733355772198,0.609840419045836
2005-09-08,0.4501254826363006,0.016844029642685727,0.5730552758779484
2005-09-09,0.4606400773664884,0.01283655798981031,0.5247325875396154
2005-09-12,0.471257061685853,0.01710415842092763,0.49311928146593126
2005-09-13,0.4736853441611131,0.017559936105109464,0.4923283348745267
2005-09-14,0.47534033583665947,0.017126317168353822,0.48968507640590575
2005-09-15,0.4734958910249295,0.013626016760510049,0.4826161010062302
2005-09-16,0.4719288809856936,0.011376427628109764,0.4782565377929461
2005-09-19,0.4708599015968441,0.006349705188850349,0.4645704735721853
2005-09-20,0.47476070030228235,0.00422786457516993,0.4682974592367758
2005-09-21,0.47210652160871946,0.0024814909346881804,0.4875468425909711
2005-09-22,0.47529236901503885,0.0023085168349127627,0.49190524144110837
2005-09-23,0.4765280245700884,0.0019362296683870287,0.5040593980253973
2005-09-26,0.483995604554024,0.0021501678694894584,0.510599117090501
2005-09-27,0.4724825236404569,0.0010431366895823043,0.5265231313925127
2005-09-28,0.4721661497276196,0.0011336856877943414,0.5325013960753612
2005-09-29,0.4738252797244284,0.006303318491338398,0.5280473493566521
2005-09-30,0.4759481588830282,0.0074661154020293444,0.5123641886686124
2005-10-03,0.4746950222620506,0.008760563993331187,0.5019361242582272
2005-10-04,0.4842006879541717,0.010092204409768494,0.47140227079586605
2005-10-05,0.48088163296626946,0.010202274039818153,0.44827061823864833
2005-10-06,0.47512532356109,0.0049328383617151085,0.4631664559659928
2005-10-07,0.4692818378947914,0.0034846544564924795,0.47731905315007966
2005-10-10,0.47272002158318005,0.001703340485556299,0.5163236148708292
2005-10-11,0.5047870953466711,0.0002736312544043021,0.5565759308223801
2005-10-12,0.6057911245134642,2.2974826900564413e-05,0.49863523030918416
2005-10-13,0.6427055731994772,1.674098369042943e-05,0.5135610039509254
2005-10-14,0.6569696706087119,1.813045406197637e-05,0.5101611128218727
2005-10-17,0.6593501911001068,3.97226384960969e-05,0.47583853626493955
2005-10-18,0.6440685061218474,4.274824865216501e-05,0.4636561282049855
2005-10-19,0.5506822521868011,0.005051627709198924,0.5212862417863262
2005-10-20,0.5235116578804941,0.0051218941596617995,0.4831925520675589
2005-10-21,0.5181982909758636,0.005563407313075173,0.4695389897130414
2005-10-24,0.5100186566508976,0.02742198527182198,0.4890364357254436
2005-10-25,0.4760757337104269,0.07621191870495485,0.49821730393005453
2005-10-26,0.46882675717350963,0.10184530088505032,0.5225775602440218
2005-10-27,0.4674009913952883,0.10178754693202516,0.522480140734606
2005-10-28,0.4688561693082017,0.10136501994278621,0.5212858384798231
2005-10-31,0.4794840366153978,0.08043012700035701,0.4955676298899904
2005-11-01,0.5030465080683918,0.03219306149575003,0.4559816167403197
2005-11-02,0.5165090348037314,0.001999765681850215,0.4233754163023601
2005-11-03,0.5210015608552855,0.0021848633843223756,0.43320080122356064
2005-11-04,0.5248595012994166,0.0023392409354371863,0.44159536595386245
2005-11-07,0.5208534497006188,0.0018723550383950495,0.447419566068862
2005-11-08,0.5189613816667543,0.0019271502905646096,0.4529260554671173
2005-11-09,0.5185392466496946,0.002302685814404937,0.4577935221947957
2005-11-10,0.43944209199029405,0.057011620638277194,0.5379271486301839
2005-11-11,0.3699954992379035,0.10221171657989862,0.6266655958657832
2005-11-14,0.3030342660092663,0.14917780800657313,0.7138717468649668
2005-11-15,0.24994937930574584,0.19612190755260434,0.7967026570244663
2005-11-16,0.1805987408105166,0.2555834562214566,0.8833365176206
2005-11-17,0.19747308685314388,0.26932093827799103,0.8735580034909299
2005-11-18,0.20311849891973113,0.29842063036437966,0.8580782196478797
2005-11-21,0.2156607231298468,0.3202189862408023,0.8408326116285767
2005-11-22,0.23135120684374164,0.32172688826572643,0.8167228169953488
2005-11-23,0.26373842145146303,0.30971494758037965,0.7885934977553383
2005-11-25,0.275880328265241,0.3104321978387975,0.7744573104895185
2005-11-28,0.2686369403651443,0.2451809476806368,0.7767971212290349
2005-11-29,0.2731652961812941,0.1833861902748949,0.783995107903692
2005-11-30,0.28749241390815466,0.13700770847725866,0.7764550399636456
2005-12-01,0.31676749901900164,0.09511115154190666,0.7347515198593335
2005-12-02,0.3596404759134583,0.031168790805489184,0.683644482587259
2005-12-05,0.42486053721770495,0.025290448169276586,0.6091484019050002
2005-12-06,0.47222955788328036,0.02182615808376726,0.5327025468069047
2005-12-07,0.493038430818672,0.022413700205186748,0.4829112541012532
2005-12-08,0.4989185429708618,0.019810882843975138,0.46797520444719165
2005-12-09,0.5025812193387067,0.0178321813232375,0.456338658930011
2005-12-12,0.5003865454208478,0.019772173979682086,0.45905906061967083
2005-12-13,0.49650545637432286,0.02204852361499162,0.4645365516300096
2005-12-14,0.4943771805849891,0.023698796743395083,0.46804862776074696
2005-12-15,0.4759955284772118,0.0476240576153739,0.5037345664618227
2005-12-16,0.46292417704109745,0.06848381517272435,0.5378817718608582
2005-12-19,0.4456740333593544,0.10744490370402955,0.5802278161208495
2005-12-20,0.4280066608563091,0.15014476827228657,0.6236909032223462
2005-12-21,0.40540768832933666,0.19710221515469314,0.6754026013433416
2005-12-22,0.39551150602827845,0.2142542844945945,0.6876476500285372
2005-12-23,0.3730919044457243,0.24808865754659779,0.7071022772557185
2005-12-27,0.3570781768006113,0.2734958772839428,0.7237552537457212
2005-12-28,0.335557040977365,0.3144954008656711,0.7224236951474171
2005-12-29,0.35610232471474934,0.28165637181314207,0.6954029406905843
2005-12-30,0.38931255647582746,0.2378193913392538,0.6475202288577264
2006-01-03,0.4221340024408942,0.18518302482769405,0.6004356868397669
2006-01-04,0.4363719051180233,0.14439111628822038,0.5792780716262083
2006-01-05,0.46585799804727585,0.07080232706629316,0.5583285431943797
2006-01-06,0.4679008050751925,0.054777293114167916,0.533535349183126
2006-01-09,0.46172938160378985,0.05554985670731806,0.5306301555217342
2006-01-10,0.4655727913575829,0.0514958035177855,0.5197121902521339
2006-01-11,0.48529833657823396,0.026148417870319192,0.4778455808654362
2006-01-12,0.5003351617815771,0.012288459016713977,0.44549923965633387
2006-01-13,0.501257512619629,0.013146572923012797,0.4423105999796787
2006-01-17,0.5016452583649933,0.015374071989951615,0.44329947992854707
2006-01-18,0.4914042502331504,0.0330365978370494,0.47555777841848335
2006-01-19,0.48754958505366036,0.03903282222139182,0.49178939275984845
2006-01-20,0.48171311598762767,0.036615474343579237,0.5132694657589173
2006-01-23,0.4673142262592065,0.0334129748733404,0.5427789952067114
2006-01-24,0.45797696579444214,0.0302976533275228,0.551898213269271
2006-01-25,0.45716487032889913,0.011428690319388809,0.529123992726859
2006-01-26,0.45396557119009806,0.0026047011373366395,0.5175036015573709
2006-01-27,0.4555093201695944,0.003078095770989095,0.4990530717377221
2006-01-30,0.4703046482967432,0.0029651049802351063,0.46621294820311165
2006-01-31,0.4756136296835914,0.0027782238079372278,0.4622689820817503
2006-02-01,0.4809399699332995,0.0041932825869243325,0.4761235298263232
2006-02-02,0.4786625678633077,0.0035828889234048532,0.4779179136643684
2006-02-03,0.43223320610509963,0.003306948647339762,0.5468364184348686
2006-02-06,0.38845233324573275,0.002892623191672584,0.6164812994486708
2006-02-07,0.3643203007675055,0.0021948330791096717,0.6702485537894101
2006-02-08,0.36134343792499235,0.0007558834276924231,0.6695485911330086
2006-02-09,0.3598228637234961,0.0006958585712664334,0.6951061318973069
2006-02-10,0.3795493509170508,0.0008280148588535154,0.6868540267573113
2006-02-13,0.37383075628648,0.0006992618896079712,0.6888361933280803
2006-02-14,0.3823329842620494,0.0008532289258189635,0.6750846615019527
2006-02-15,0.3863506462029322,0.0010564135312214479,0.6620387528805591
2006-02-16,0.388005961668465,0.005481143168710098,0.6575640922684534
2006-02-17,0.40057545930246174,0.007874500812037381,0.641557371902757
2006-02-21,0.4214923026164771,0.00786633930061451,0.649240043681147
2006-02-22,0.43519996336134953,0.007971715817436711,0.612588670857164
2006-02-23,0.43213476142964413,0.007779429763904816,0.6218618471337048
2006-02-24,0.4374684838894788,0.00407231564705118,0.6107364779236514
2006-02-27,0.4544764239740421,0.004977841612804521,0.5712960371233049
2006-02-28,0.48446692129903157,0.0051555055497972,0.49433614670192155
2006-03-01,0.49022576321996103,0.006730126586488116,0.4852354991427809
2006-03-02,0.49633882874568425,0.008806337343233911,0.4702867355310326
2006-03-03,0.500170374193216,0.009191505554015962,0.45643475711593673
2006-03-06,0.49182434385872753,0.0056099468792371685,0.4698746422651783
2006-03-07,0.4517853942584316,0.005459382961378176,0.549097750441193
2006-03-08,0.3677107241693016,0.0036378176545457295,0.5917670924535093
2006-03-09,0.2761033151565041,0.0013365804798358212,0.6024468889634174
2006-03-10,0.18939055179040695,0.00020579726051991838,0.6255926476811438
2006-03-13,0.1017500366645987,6.358179828405476e-05,0.6092107607577854
2006-03-14,0.0951068416187794,0.0020670984459053472,0.5997296447084183
2006-03-15,0.12762395788354008,0.01574627954115955,0.6408316229016778
2006-03-16,0.184762170052591,0.01794408931472944,0.6956521185400208
2006-03-17,0.2569699215139112,0.02080643465462958,0.7125655003320268
2006-03-20,0.34239696000487696,0.025226061635520956,0.7491704910584482
2006-03-21,0.35414416729076265,0.023604081572356436,0.7420312319880825
2006-03-22,0.3612332370264038,0.01035797311408486,0.7287562098658522
2006-03-23,0.3741932230043997,0.00832234609203559,0.7178155964968667
2006-03-24,0.37683123485749614,0.006064780191121326,0.7157058965849893
2006-03-27,0.3765206710564211,0.002206779328582548,0.7146268256969216
2006-03-28,0.3881845940153515,0.002202175063554186,0.7090061837029739
2006-03-29,0.40783903900440077,0.051989734010739606,0.6946538249918129
2006-03-30,0.3712910527071729,0.17046269258702756,0.670075504829688
2006-03-31,0.37006218713322564,0.2032911742528543,0.671674444800492
2006-04-03,0.36114435890469904,0.24503608536384686,0.6818756623383994
2006-04-04,0.32115637252860374,0.37037265150028126,0.6534209210619417
2006-04-05,0.3349462081575548,0.34239808448200926,0.6382797168456863
2006-04-06,0.37718288791512444,0.25360845054041237,0.6492997576896029
2006-04-07,0.3037982949737358,0.39594718651011734,0.5758024115362915
2006-04-10,0.2377326520506015,0.5267884147282926,0.5001864832582449
2006-04-11,0.27818385445236066,0.450226401808396,0.5221974063559159
2006-04-12,0.2566406457255225,0.49670190396590386,0.5409221023695444
2006-04-13,0.18588823076187574,0.6398336960446445,0.47717755140322177
2006-04-17,0.2779151404569927,0.4655666269577061,0.52107493182814
2006-04-18,0.345045496359612,0.33898936920546446,0.5895913474585193
2006-04-19,0.3670825976100146,0.29826851655221653,0.5453538724630663
2006-04-20,0.36632325451924064,0.302534009452839,0.5341258309581851
2006-04-21,0.42396008480791353,0.19102177304310725,0.5958828064821017
2006-04-24,0.3921236876779041,0.2506673927032902,0.6232346579712975
2006-04-25,0.4077024507567099,0.2178768628709991,0.5985637629222809
2006-04-26,0.40515353236655677,0.2164491851288209,0.603569391924947
2006-04-27,0.3965336644051053,0.22932520014943353,0.5937251327088217
2006-04-28,0.4241354339800377,0.17269778164227448,0.5574652554985365
2006-05-01,0.4555413366510542,0.11166289441574237,0.5095966046476095
2006-05-02,0.4631921358316252,0.09935855780462322,0.4998511342995394
2006-05-03,0.4662668985390681,0.09346574083047318,0.5066043298720728
2006-05-04,0.5072750765344635,0.016463640128194106,0.48723070150215675
2006-05-05,0.4769008073869251,0.07515294075035554,0.5463514234743673
2006-05-08,0.4524780556852037,0.1139646733208289,0.6150616541744032
2006-05-09,0.43363987853552854,0.1428320855401648,0.6548526468310272
2006-05-10,0.4281282869599144,0.14248449950471162,0.6539116774655549
2006-05-11,0.3700298392114605,0.13359966835830137,0.7102697720693616
2006-05-12,0.32718575050993043,0.0700724075472843,0.6803078850834086
2006-05-15,0.2633238728580095,0.03114449400982556,0.6358298101055955
2006-05-16,0.20089460883838642,0.0008006941847180631,0.6079798690782462
2006-05-17,0.22082483525266888,3.706470472202025e-06,0.609367581129379
2006-05-18,0.2658259514849982,8.022077586663126e-09,0.5648827911802877
2006-05-19,0.2676506292920241,1.9591916912439527e-09,0.5551764364762858
2006-05-22,0.2816899353278651,3.1682948090936116e-12,0.5613140555328623
2006-05-23,0.3157736710394964,2.571774421145604e-17,0.5750930154178494
2006-05-24,0.28876340520599075,2.426391036727547e-17,0.5859602328176916
2006-05-25,0.23287202175065577,1.3671155764937231e-16,0.5790712264437536
2006-05-26,0.21747852885702743,1.941789559913592e-15,0.5660329159037005
2006-05-30,0.3249639279354818,1.9417891311697077e-15,0.5466710027329228
2006-05-31,0.4225207700922624,1.941789444180134e-15,0.5019006934732633
2006-06-01,0.4800525436298802,1.2663054389209248e-11,0.4689145615948183
2006-06-02,0.5851015823542843,1.5886530814592678e-11,0.45062137743952685
2006-06-05,0.7642082726756125,1.5884690401628587e-11,0.37504550453491053
2006-06-06,0.8122519490632424,1.588469042159354e-11,0.31648604419445536
2006-06-07,0.8477890259947326,1.5884690421317062e-11,0.2651148424213348
2006-06-08,0.8957697080020097,3.223577821535515e-12,0.19756879084149198
2006-06-09,0.9477587248257681,0.0,0.1331610078906668
2006-06-12,0.9557642462332525,0.0,0.11242997440541787
2006-06-13,0.9688830492924725,0.0,0.0832592621515933
2006-06-14,0.9747266130869232,0.0,0.07015175546125205
2006-06-15,0.9276895302704335,0.0,0.1367201569061555
2006-06-16,0.9165633234843649,0.0,0.15555908678147232
2006-06-19,0.8696346045615947,0.0,0.2328434622739774
2006-06-20,0.8194660506496849,0.0,0.31088046495146643
2006-06-21,0.7736067536945129,0.0,0.3801277306664243
2006-06-22,0.8159981766372647,0.0,0.32328454282590624
2006-06-23,0.8290173778247206,0.0,0.30078756040998134
2006-06-26,0.7889463207849066,0.0,0.3316429596803292
2006-06-27,0.8294111339766129,0.0,0.2764276193356598
2006-06-28,0.8696532094791227,0.0,0.21987252525954873
2006-06-29,0.7939694824900222,4.006764588018536e-16,0.30109131019671576
2006-06-30,0.7053525180326565,5.069342569433744e-16,0.3898802175655983
2006-07-03,0.6695773415423469,1.5682323259553906e-14,0.4015604322527532
2006-07-05,0.6688634880094863,1.568232325999394e-14,0.40293844617325514
2006-07-06,0.6453277656077258,1.56823232602882e-14,0.44052366735866044
2006-07-07,0.7152171084100623,1.5270544590379255e-14,0.3698413026727324
2006-07-10,0.8035165916239351,1.5164286792177176e-14,0.2816973155133461
2006-07-11,0.9128690888909372,0.0,0.1932898086715849
2006-07-12,0.9227182291774325,0.0,0.17079723599800578
2006-07-13,0.9552879648232595,0.0,0.11062724525064846
2006-07-14,0.9709670037246454,0.0,0.07695529441863132
2006-07-17,0.9688918967828816,0.0,0.08103464480462737
2006-07-18,0.9667460338691246,0.0,0.08495385864991482
2006-07-19,0.9267856746171805,0.0,0.15132951373223674
2006-07-20,0.9147857759246376,0.0,0.17980382658578428
2006-07-21,0.9118232021522636,0.0,0.187913185522191
2006-07-24,0.9071962153670208,0.0,0.19615975581749928
2006-07-25,0.8915453130888495,0.0,0.21979647646306483
2006-07-26,0.8901368422478357,0.0,0.2213571517402698
2006-07-27,0.8804165594886049,0.0,0.237899105857801
2006-07-28,0.7912981052363051,0.0,0.3374573573440205
2006-07-31,0.6725432901505506,0.0,0.4203493328334734
2006-08-01,0.6615320836271311,0.0,0.4336902563817742
2006-08-02,0.6025533003879041,0.0,0.4753483784151312
2006-08-03,0.5178604627120013,0.0,0.546033743249651
2006-08-04,0.5256447092951233,0.0,0.5421477285038581
2006-08-07,0.6077964270676512,0.0,0.5055875464218867
2006-08-08,0.6249589664430998,0.0,0.48375147584777844
2006-08-09,0.6851411032462293,0.0,0.4407628234859947
2006-08-10,0.7572105060401014,0.0,0.3875894985934615
2006-08-11,0.8280451109347426,0.0,0.3136893357941929
2006-08-14,0.8671077352479077,0.0,0.2630883470926953
2006-08-15,0.7879304382752117,0.0,0.32828302346809834
2006-08-16,0.6726275359049856,0.0,0.3729006385323319
2006-08-17,0.5292450097232928,4.848573121500002e-16,0.4147413522586948
2006-08-18,0.37765000597551845,4.985884600860314e-16,0.49388213573638345
2006-08-21,0.27965165617237914,4.985900862523651e-16,0.5784863634018462
2006-08-22,0.22106913076496298,4.986030586901463e-16,0.5770548718123306
2006-08-23,0.2394724363641426,4.893186607521255e-16,0.5807938002739231
2006-08-24,0.27032456375761604,2.6453850454575024e-18,0.5948275308582913
2006-08-25,0.28501611416828776,0.0,0.6003160805751369
2006-08-28,0.22511182013523245,0.0,0.591426225609365
2006-08-29,0.19545233418785202,1.4787908732625918e-17,0.5667597862210179
2006-08-30,0.14405755580692886,2.4286508510884016e-17,0.5393708150701165
2006-08-31,0.09896151145297091,5.758982285562278e-17,0.5102743685361814
2006-09-01,0.0552502810258287,4.874015298988693e-15,0.4774584240061685
2006-09-05,0.03128184690345279,2.1239867723407713e-12,0.45158758397737075
2006-09-06,0.03793281851966981,2.123965720150193e-12,0.45987941956721584
2006-09-07,0.053411209118644255,2.1239562737556724e-12,0.4746516470507139
2006-09-08,0.06302864719873058,2.123928176669151e-12,0.4857654040429322
2006-09-11,0.06911280208070432,2.119961240055966e-12,0.49457535939664476
2006-09-12,0.07389604277918896,6.248319370697675e-12,0.502296225515086
2006-09-13,0.06488617468556536,4.660350619124602e-10,0.4903084188958832
2006-09-14,0.042708905640068635,1.9900425859159393e-09,0.46496258377806016
2006-09-15,0.02787559598790672,3.97869450174695e-09,0.44485509502049264
2006-09-18,0.019427764998339016,7.178471062528918e-09,0.43146777298321026
2006-09-19,0.014585656002477517,7.58108530994048e-09,0.42363708163997343
2006-09-20,0.010291181071504908,9.466168726186715e-07,0.4143880262232482
2006-09-21,0.00814797742617978,1.0414015172661003e-06,0.4093468836589171
2006-09-22,0.00746223224104534,1.0397139534753476e-06,0.4078023946848964
2006-09-25,0.00725323184794736,6.0175236683218084e-06,0.4073156221932831
2006-09-26,0.004659937422468955,9.494507853442323e-05,0.40172857085244207
2006-09-27,0.004611576736984352,0.00018972529150444056,0.40201367130319693
2006-09-28,0.004393628455677089,0.00043478772687402165,0.40246763527035434
2006-09-29,0.0033665670795515407,0.0005374362448061926,0.4004203996299247
2006-10-02,0.002682573977054438,0.0005335909608953366,0.3988083875841188
2006-10-03,0.002833801958879831,0.0004552496488694965,0.3989679204211087
2006-10-04,0.005422015310575986,0.01543770147960354,0.4360535910968387
2006-10-05,0.008130671492193186,0.02328510273586471,0.45978704801754
2006-10-06,0.01073624291044982,0.027409425777681205,0.4763193996895428
2006-10-09,0.011328805416007262,0.04639034873232743,0.5103177984801147
2006-10-10,0.016364774656454716,0.08046653581010081,0.5728984983548584
2006-10-11,0.05306774643632515,0.09476965950081892,0.6442876555381092
2006-10-12,0.12290839083370395,0.10687914585350196,0.6845333461474417
2006-10-13,0.202780940502758,0.11414415280791874,0.7156700323631886
2006-10-16,0.26013773421114816,0.1465468437455896,0.7595372382830081
2006-10-17,0.31209615784749795,0.1487796149204887,0.7829103253195859
2006-10-18,0.2833916764411336,0.2750441941581997,0.6888568862270552
2006-10-19,0.2465077504150655,0.36826955708147685,0.6764738114402143
2006-10-20,0.20436669890814008,0.46022858159619684,0.6862140742497063
2006-10-23,0.21166340930116637,0.4522635268738625,0.6792691558977344
2006-10-24,0.2367161937807601,0.44049924389416856,0.6422720133054317
2006-10-25,0.31117681677928816,0.30180134213694043,0.6721649936647931
2006-10-26,0.355091423125947,0.21549406698199478,0.6751510173911867
2006-10-27,0.39276095141383793,0.13852931779544467,0.6780852537810063
2006-10-30,0.4090910732891996,0.11289434545674944,0.6581877221507072
2006-10-31,0.4033610127132854,0.11617274309265935,0.6697825460138349
2006-11-01,0.3841841709433265,0.12967882929938052,0.7054571088191095
2006-11-02,0.39285444849162027,0.10867171420784424,0.680399529695478
2006-11-03,0.40199127623178155,0.08856126395998329,0.6541295463700356
2006-11-06,0.4117369743862387,0.07656331154357914,0.6245617008815477
2006-11-07,0.4285781845748923,0.05305077615189665,0.5859938508964776
2006-11-08,0.45974368364622975,0.025167466232200213,0.5192703492676088
2006-11-09,0.47027699270362444,0.022079652943661408,0.4998790197823058
2006-11-10,0.47041890237234607,0.02635220705820025,0.5038917122857748
2006-11-13,0.46575062750661944,0.032166519322531464,0.5162309327541041
2006-11-14,0.45871773736416,0.04495023795750277,0.5279175715710808
2006-11-15,0.40313256620871823,0.13786921238966252,0.5744972855511536
2006-11-16,0.35125634563247593,0.222497790379711,0.6258101835608156
2006-11-17,0.29033891228992476,0.3397338319866964,0.6275634037430294
2006-11-20,0.20862561936261742,0.5021029320296622,0.5761526590051309
2006-11-21,0.13222606087965372,0.6471432750817802,0.5448109573765837
2006-11-22,0.11165549921975237,0.690946493454107,0.5159646900050625
2006-11-24,0.08258113151734561,0.7506711852224989,0.47452533656399387
2006-11-27,0.06659506060368693,0.8020367642348563,0.4154365755019718
2006-11-28,0.063977714443807,0.8216706552399081,0.3773325715244125
2006-11-29,0.13056904898589972,0.7108463798396822,0.4394256058834832
2006-11-30,0.1855727886932702,0.6256797264231008,0.4724976021337282
2006-12-01,0.16993868746619528,0.6736517837832882,0.3904720917713797
2006-12-04,0.23754965358825006,0.5526013784975738,0.4678736237794453
2006-12-05,0.2971641522060643,0.44919456423308757,0.5751280089604738
2006-12-06,0.3006208867252419,0.45605680613810423,0.5720325669103193
2006-12-07,0.22769645714943162,0.5960355170634204,0.4506817274989694
2006-12-08,0.23011365709232545,0.5922349662695521,0.48763460491346455
2006-12-11,0.15357297052013727,0.7301919195876089,0.42829812744784607
2006-12-12,0.09203539360804007,0.8369279577993914,0.342486580247648
2006-12-13,0.02911463827615788,0.9428132573284657,0.31558230113907404
2006-12-14,0.05303123041563055,0.8895737179194448,0.39047074412377664
2006-12-15,0.055668481191320764,0.8797617161965678,0.3822430865545021
2006-12-18,0.060511596620615705,0.8665817321046057,0.35037683385747515
2006-12-19,0.08397045045167506,0.8124907502700562,0.4264692288200317
2006-12-20,0.07773914330549059,0.8225087067816425,0.4282424357125419
2006-12-21,0.059810019203530476,0.8589787093019113,0.4409831927965124
2006-12-22,0.0982070922868941,0.7771491932370707,0.5247530473788404
2006-12-26,0.1002835825776794,0.7738093544017948,0.5312274686357472
2006-12-27,0.08992913574344703,0.8029865715736626,0.4991959248787601
2006-12-28,0.17785180429161845,0.642958604069497,0.4950054336685311
2006-12-29,0.2527793941834679,0.5015789566754553,0.5286893104919261
2007-01-03,0.2774581669809162,0.46338288754466994,0.5526199915357252
2007-01-04,0.3066152207638017,0.406816831265048,0.6211402563172383
2007-01-05,0.32453851080748575,0.3706714326040984,0.6800723248090316
2007-01-08,0.24127624639025452,0.5270078536384819,0.6659874411887319
2007-01-09,0.1624580372819445,0.6820238316750226,0.5505865395679537
2007-01-10,0.09744470574920452,0.8096512216126779,0.4270657154067271
2007-01-11,0.06296146057575644,0.882931553459884,0.3164690150502041
2007-01-12,0.03334007880434166,0.944154509782076,0.17549847150586734
2007-01-16,0.019049695254804124,0.9720909177517403,0.0831968195693568
2007-01-17,0.014963796440557939,0.9798261481439614,0.060035398085156774
2007-01-18,0.010921384156709537,0.9887221599738512,0.09920140150469882
2007-01-19,0.008424801417778646,0.9910316048351042,0.1697058669423662
2007-01-22,0.009027708395751554,0.9894436353597003,0.1857810372497786
2007-01-23,0.010438083050617697,0.9876499606104687,0.19230779103051623
2007-01-24,0.010613845263824612,0.9870439117410145,0.27104254668092
2007-01-25,0.02162504078169908,0.967225306342318,0.2647317784215293
2007-01-26,0.03253552412172036,0.9494837807856207,0.230284751746951
2007-01-29,0.03374164380146829,0.9465372057534648,0.22886214592541215
2007-01-30,0.06440172104672164,0.888722860391808,0.3195419292528023
2007-01-31,0.06593938068389317,0.8855208181971321,0.2969380290066169
2007-02-01,0.054012200916687306,0.9059053196166401,0.2749493734547553
2007-02-02,0.04333806391845192,0.9227316708961357,0.30655542342217607
2007-02-05,0.03961965216010126,0.9282400921062409,0.3567800701139141
2007-02-06,0.006682516506212523,0.9880194435587425,0.3251993339145645
2007-02-07,0.00381045949022159,0.9928984980140827,0.29563956329433083
2007-02-08,0.003132671502056991,0.9940161113768987,0.26031293697137226
2007-02-09,0.0021768298441768087,0.9958680373413283,0.18707865592564893
2007-02-12,0.002344180642686814,0.9957938802804069,0.12231048958407889
2007-02-13,0.0022050992774831292,0.9964526583811064,0.05731395636417173
2007-02-14,0.0033524721618528692,0.9952420797061287,0.03147401957721377
2007-02-15,0.0060780916956363375,0.9897720899648685,0.04393723005355806
2007-02-16,0.036482773142096296,0.9264447195132494,0.15570161842268124
2007-02-20,0.06557975032025419,0.8623011011730363,0.2490493242689646
2007-02-21,0.10257415388659967,0.7847078832033324,0.35368371501489626
2007-02-22,0.11560213328976239,0.7564936777656734,0.41147952718184183
2007-02-23,0.13046407266912868,0.7277156786401888,0.46334008664796233
2007-02-26,0.11461027681564599,0.7644064783527138,0.40820170825360236
2007-02-27,0.19567257495296791,0.6306829824470901,0.3903353720529848
2007-02-28,0.26981456863730485,0.5092921424066392,0.36348164028817687
2007-03-01,0.3611927303916976,0.33915043358817787,0.38267200889841485
2007-03-02,0.44518529968408843,0.1734881940831411,0.39510593866825017
2007-03-05,0.5297577509708574,0.0005286584300914761,0.4223027450131525
2007-03-06,0.5211296980614186,0.0004158497899974388,0.420398687443333
2007-03-07,0.5098064831609808,0.00024824239950088287,0.4196043978920521
2007-03-08,0.5053620906559548,5.290161490197732e-05,0.42084739424493944
2007-03-09,0.5077569953370231,6.810823470162653e-05,0.4195482972602943
2007-03-12,0.5142562172795271,0.0001197453706008253,0.41304713648603675
2007-03-13,0.48592807756263356,0.0016547445194438127,0.477845096497912
2007-03-14,0.4581745942569371,0.007456486449492048,0.5456879552280653
2007-03-15,0.4224938215911053,0.009265655903943994,0.6233363842290701
2007-03-16,0.3661751081916927,0.01180008221538471,0.7078691763287328
2007-03-19,0.280583691670495,0.01685416442479546,0.7778393515581283
2007-03-20,0.20871514354853576,0.01929483555969138,0.7322686819545572
2007-03-21,0.1375949903830732,0.013498091150647026,0.6637415537292982
2007-03-22,0.07460403881303253,0.011710940098044078,0.5874213516904699
2007-03-23,0.02892042875555183,0.009190119066389037,0.5049644363180755
2007-03-26,0.010933518750907957,0.004107217875369673,0.436424781040723
2007-03-27,0.008824853730900641,0.0002480743676495677,0.41444877550406256
2007-03-28,0.076229768120248,0.028544791491504812,0.4891119429228515
2007-03-29,0.14259370031770763,0.05726645930512193,0.5615192639770356
2007-03-30,0.2080366851792025,0.08448498460180556,0.6380165425264094
2007-04-02,0.2606816799355496,0.10871925974096663,0.7292513294643632
2007-04-03,0.295676459495131,0.21036888655940392,0.8306132779598474
2007-04-04,0.2316136253262342,0.36914022300999694,0.757790916296884
2007-04-05,0.16873549240919933,0.5238779233374034,0.7014884174825072
2007-04-09,0.11557628061556102,0.662373880566929,0.6618114608554653
2007-04-10,0.09341622351818882,0.7586239289086841,0.6523459786198311
2007-04-11,0.09496459332238258,0.7696950397328061,0.6457593827010095
2007-04-12,0.0979426528806356,0.7628984874492587,0.6338152901984329
2007-04-13,0.12338079914690665,0.7157640209304243,0.6571258226406509
2007-04-16,0.18603460581018724,0.5903837322550723,0.673967214370967
2007-04-17,0.23449017833763036,0.5021698218876496,0.6413257868806339
2007-04-18,0.28059954758651684,0.4233868484352511,0.5968477945579713
2007-04-19,0.3562499420313615,0.2756046806704342,0.6516630612894535
2007-04-20,0.41295728484435185,0.1553871373613297,0.647668714062947
2007-04-23,0.4259193963906197,0.12920888920365328,0.627022680276332
2007-04-24,0.4377915409280558,0.10798464042902103,0.6050025134452579
2007-04-25,0.4268769078384446,0.11925818185528055,0.6124603680733512
2007-04-26,0.42666631572739294,0.11420096735671503,0.6168528719312725
2007-04-27,0.42417849547041114,0.10941286640278451,0.6357702171870905
2007-04-30,0.41852046854238606,0.11949720842747535,0.6676466921708087
2007-05-01,0.4091322642748739,0.12801227246294125,0.7049296306555066
2007-05-02,0.424906768380811,0.10330106935689606,0.6964479383908014
2007-05-03,0.4376082814850918,0.08452178341552667,0.6722921730085922
2007-05-04,0.44840639153305323,0.08117101941397646,0.6383019405002757
2007-05-07,0.4570105209936747,0.07029103778299069,0.601322766599877
2007-05-08,0.46722135045195684,0.06323909491016193,0.5641532227364269
2007-05-09,0.46325654734868377,0.06842513207665876,0.5634148674049848
2007-05-10,0.4569131073141435,0.08389134647922505,0.5884410081262598
2007-05-11,0.4591944288544586,0.08186212623169682,0.5802042924615625
2007-05-14,0.4630028181371292,0.07891335001676866,0.5749272119146066
2007-05-15,0.4568791323835887,0.09700897936364494,0.5918824477586684
2007-05-16,0.46696507247943353,0.08417228108004693,0.572533606328401
2007-05-17,0.47376249875571863,0.07040335154611368,0.5469427639600839
2007-05-18,0.4705382545131281,0.0727343036992044,0.553521776823582
2007-05-21,0.4694308352991972,0.06928117637932056,0.5489297153393753
2007-05-22,0.4771611652722038,0.04554119572464049,0.5225153535920317
2007-05-23,0.4815265223703791,0.03469376112559838,0.5009768781753091
2007-05-24,0.48112302345956104,0.029910257437102673,0.4935330503784908
2007-05-25,0.47922364355271824,0.03069972762883273,0.5007662734193644
2007-05-29,0.4751373533250559,0.03191901110608088,0.5122252646995071
2007-05-30,0.4761451127696339,0.02919274464795178,0.5062534044413515
2007-05-31,0.4744979000194721,0.03307709547613252,0.516168329683736
2007-06-01,0.47206435613036496,0.03566874606950595,0.5206308391024339
2007-06-04,0.47075266126200466,0.03617847212626245,0.5178228566702958
2007-06-05,0.4698549936218397,0.03962880629378065,0.5168707936768598
2007-06-06,0.4707914911857635,0.043076899055479026,0.5199151548522203
2007-06-07,0.46742412428879876,0.05063416155459185,0.5279591417478603
2007-06-08,0.4723646807913614,0.04606381381453182,0.518134823864224
2007-06-11,0.4792114977390858,0.040998530783669676,0.5029884655360422
2007-06-12,0.4759967502720407,0.0589708511889518,0.5102169597940632
2007-06-13,0.47936091463450053,0.05389125588845374,0.4979043040916216
2007-06-14,0.48689753485410775,0.04219113292472651,0.47767745272482254
2007-06-15,0.4901853286246499,0.039710042904564716,0.46728599796004416
2007-06-18,0.49315679201772833,0.036202878873305235,0.45755813345591967
2007-06-19,0.5055631503359275,0.0074440068282191725,0.42083982299348166
2007-06-20,0.504131294729401,0.0062804046230695715,0.4180040050881244
2007-06-21,0.4945973664138069,0.012578466980651052,0.44204831257770516
2007-06-22,0.48980091369657275,0.018504539746543758,0.4570307468434029
2007-06-25,0.4854839596938125,0.02826806543693227,0.47698177749370807
2007-06-26,0.4533386509003055,0.097552898962218,0.523836579989538
2007-06-27,0.45001233316745787,0.10426288600317479,0.5374303919264628
2007-06-28,0.4530852932998938,0.1050942320484302,0.5290006704713008
2007-06-29,0.4427019075707543,0.11348217293404654,0.5481806040326435
2007-07-02,0.43419201585149364,0.11410148918963066,0.5545038913280669
2007-07-03,0.4572203714514974,0.05512850406354133,0.5311905681186396
2007-07-05,0.44209637587661027,0.07071672140258081,0.5561690585037252
2007-07-06,0.44160375519481176,0.07301088722961953,0.5591850492321185
2007-07-09,0.44253158178017105,0.08316432620905737,0.5618823091343987
2007-07-10,0.45066730570109215,0.08419813954135899,0.5573322653819959
2007-07-11,0.4510500101820168,0.091687816754319,0.5641621926649869
2007-07-12,0.44545142747898786,0.11150482076495197,0.57920383920914
2007-07-13,0.4324017385629023,0.13407258275259867,0.6073263410432611
2007-07-16,0.43401158437748205,0.1293946745527994,0.6054224250185151
2007-07-17,0.4220448406402443,0.1436467648065564,0.6233777753647832
2007-07-18,0.4143153198336666,0.15759052742871016,0.6343301486320542
2007-07-19,0.39267949010154524,0.20236818013115174,0.6262162252492475
2007-07-20,0.3866056114190124,0.2260048373649683,0.6302866894541861
2007-07-23,0.362400450481578,0.28077545666973147,0.6433668505138487
2007-07-24,0.2794405194826721,0.44948931413783644,0.5383342462173869
2007-07-25,0.20410320079261432,0.6022879325155397,0.4544369999459077
2007-07-26,0.1823626551934813,0.6529166057190274,0.4579036057602453
2007-07-27,0.21551540008090292,0.5961962836008587,0.42229002753194056
2007-07-30,0.25664571277740106,0.5248875401571642,0.38649264355506746
2007-07-31,0.3571869957192503,0.32965396895958665,0.465273415697784
2007-08-01,0.45148098611022364,0.14442469461920032,0.5087682611284181
2007-08-02,0.524546310549068,0.006042519737891392,0.4576175432078024
2007-08-03,0.5157497103612115,0.005269876067743922,0.44143685738726174
2007-08-06,0.5129360347184726,0.0009314793079661973,0.4267603111783521
2007-08-07,0.5150946307875994,0.0008418819302796804,0.41109413476637907
2007-08-08,0.5203402701052289,0.0007828510083442448,0.41063590562573904
2007-08-09,0.5156037764463051,0.0002799903674408251,0.4166618136034179
2007-08-10,0.5164354636539622,0.0002705462813910719,0.41655933436930714
2007-08-13,0.5147431344340915,0.00025305126883113174,0.4178189678568738
2007-08-14,0.5067906188597963,0.0001600065425919081,0.42901508488159107
2007-08-15,0.5497387758575137,2.5049892395918216e-05,0.4635714176591955
2007-08-16,0.6178026186963509,2.1100557701740584e-05,0.4507388585521471
2007-08-17,0.6518196772668629,1.8727453044758652e-05,0.5097280485855519
2007-08-20,0.6631022195823469,2.211332222490052e-06,0.5909248729980702
2007-08-21,0.6722553791789406,4.153334486539869e-06,0.666691340147389
2007-08-22,0.6272463586472244,2.462603084842135e-05,0.7177225419378376
2007-08-23,0.48177946127796983,5.586430582049024e-05,0.7696774842139666
2007-08-24,0.37477337979534836,9.264525396820032e-05,0.7490361369439746
2007-08-27,0.3576295224471135,0.003461466737748214,0.7450416072590756
2007-08-28,0.37968152556204215,0.0034763369475295297,0.7225663050328885
2007-08-29,0.4284288877484032,0.003581592189995256,0.6391944393835856
2007-08-30,0.5433744778221892,0.003811416305503295,0.6115215102910176
2007-08-31,0.6409544265614963,0.003802002294589642,0.593256660907487
2007-09-04,0.6870763689074308,0.00043465634459598473,0.5236381632331988
2007-09-05,0.7257763903435357,0.0004324553151704855,0.4424363041289774
2007-09-06,0.7072465769138234,0.0003198031948040169,0.4540018521803722
2007-09-07,0.7417335670250528,8.007693341477325e-05,0.4223158964066357
2007-09-10,0.7586606314618001,0.0015091577851844308,0.45119561195470653
2007-09-11,0.8080848890724106,0.002264942949103601,0.39265976164639105
2007-09-12,0.6872764409539289,0.0027996669065240747,0.4526890561255099
2007-09-13,0.557921060955783,0.005653773180641824,0.4535495446893035
2007-09-14,0.39612303733041665,0.06656111149810967,0.5256418594588623
2007-09-17,0.2639970522438707,0.1166450489187976,0.530137239525885
2007-09-18,0.08984422784344304,0.11624018669066202,0.6035909858175839
2007-09-19,0.04794930776483499,0.11573721487084525,0.5672912208709096
2007-09-20,0.045454214017005376,0.11296348864148682,0.5563414025101732
2007-09-21,0.03549592400307514,0.05204534148356266,0.49627098650548734
2007-09-24,0.026714038616460583,0.0005276736263271858,0.43864339017215637
2007-09-25,0.0101636319429431,0.000224161446718258,0.41367258505599064
2007-09-26,0.00731557073114332,0.0005830205178319951,0.4094244999505928
2007-09-27,0.0073249684882750465,0.11896483115189309,0.4366281860950793
2007-09-28,0.007222333699750637,0.3145835124693665,0.37206045813275423
2007-10-01,0.0069457975715186415,0.506669646758152,0.3150194632133964
2007-10-02,0.006335946229269962,0.6868463417893553,0.27922125902488953
2007-10-03,0.004826196388969426,0.8795416496202044,0.21612333822872604
2007-10-04,0.001231409283978531,0.954886964751287,0.1210547288063818
2007-10-05,0.0010207949304568695,0.9495252671606991,0.13261345666937227
2007-10-08,0.0012759153211142095,0.9538727282033846,0.12220753598267471
2007-10-09,0.0020644964834724265,0.9717953365050505,0.08519312294915124
2007-10-10,0.0023803636657493484,0.9773021349917878,0.07049703600127415
2007-10-11,0.002496068968719974,0.9828810796420203,0.12401281529338644
2007-10-12,0.0035221700132452246,0.9891881885165059,0.1099617978757352
2007-10-15,0.003710548034503948,0.9903802321971256,0.10744875875861751
2007-10-16,0.003696984167232262,0.9906862597328147,0.11807763426358389
2007-10-17,0.00557797649527419,0.9873532941311947,0.12834769007611288
2007-10-18,0.007683989080200746,0.9830191581840733,0.07238218376258222
2007-10-19,0.011083320025976265,0.9761129784575928,0.09002842854117699
2007-10-22,0.02028920470520422,0.9558492560530937,0.13445786826163586
2007-10-23,0.10971769760733648,0.8180269609963895,0.28823472112989695
2007-10-24,0.18229261628069668,0.6737099180617836,0.43828559093560476
2007-10-25,0.23703051047729665,0.5418351082897279,0.578803032332303
2007-10-26,0.33646049473894124,0.3603251645330603,0.6990053009507519
2007-10-29,0.4512277998103353,0.18654721688296305,0.7688257509614878
2007-10-30,0.44277235374598023,0.1279640240549446,0.7445899696920828
2007-10-31,0.49264930730428774,0.07980725272823255,0.6964662357178152
2007-11-01,0.5677928899487639,0.04099459653484526,0.6822906909532019
2007-11-02,0.5061923526888673,0.03690127691984112,0.6631153809793899
2007-11-05,0.4119409356345226,0.06504074196141048,0.7135377131736548
2007-11-06,0.33707453628633466,0.06332481647528553,0.6596968348404362
2007-11-07,0.26910571909523545,0.06424033907596322,0.6825275040523363
2007-11-08,0.2530267824266061,0.039878217123586926,0.6574954412999165
2007-11-09,0.38412149021921527,0.035813040873712135,0.5802596137478321
2007-11-12,0.5469448207902072,0.004066767961706385,0.4248458908995145
2007-11-13,0.739333891300929,0.003733413211549423,0.3342293478506348
2007-11-14,0.8810033864375633,1.580608266862666e-05,0.19896171941367508
2007-11-15,0.9621247521922346,5.860269637760565e-10,0.08982756461394195
2007-11-16,0.9842163079553682,2.17547881709077e-14,0.04926548451125344
2007-11-19,0.9887585046554166,2.0002033306323275e-14,0.03775688672867767
2007-11-20,0.9852382043962938,1.4161665305683209e-13,0.04795499387522762
2007-11-21,0.9847191618909221,2.301409645047217e-13,0.04953836588123147
2007-11-23,0.9818601377591264,1.4491068854112909e-12,0.05686038808577818
2007-11-26,0.9677218250852808,1.449221535271225e-12,0.08508705156117276
2007-11-27,0.8807995022957316,2.0109839243652627e-12,0.1888095224369521
2007-11-28,0.723513723303056,1.885540253674011e-12,0.2928558223312433
2007-11-29,0.555149175818421,1.7952605075455426e-12,0.39828388430416667
2007-11-30,0.3858627709761672,5.78003003163064e-13,0.491841106513122
2007-12-03,0.23628690655285967,7.678392543967965e-13,0.5644112497486932
2007-12-04,0.15751035699782961,6.719407681471102e-13,0.5674771294628107
2007-12-05,0.15785413204890672,7.385756670881828e-13,0.5676985968317975
2007-12-06,0.14785390953484157,7.383401629503347e-13,0.5605097355930797
2007-12-07,0.13989594912146594,1.482837226865769e-12,0.554234128706119
2007-12-10,0.1167885424158174,7.783570787857648e-09,0.5344938188595323
2007-12-11,0.12286186228140941,3.6548830478290336e-07,0.5374738764670626
2007-12-12,0.10174529148193248,6.36032030662077e-06,0.5242989713414972
2007-12-13,0.08731152325852495,0.0002799364412157819,0.5089508202119701
2007-12-14,0.08262249790148347,0.0002838140235105249,0.5043076211044251
2007-12-17,0.1409466904307517,0.00028380626284524584,0.5327540161252
2007-12-18,0.17146942133973364,0.00028344923756102154,0.5383103389398088
2007-12-19,0.19805698809792607,0.0002774545153521548,0.5536075348657881
2007-12-20,0.21688769666951452,6.623041680856645e-06,0.572767222763321
2007-12-21,0.2425659869347175,0.00026065108009513266,0.59208083435074
2007-12-24,0.20816439518005408,0.002500042313624557,0.5897309744306766
2007-12-26,0.14994869576658795,0.0042207708658422395,0.5682377998213546
2007-12-27,0.1154527160763027,0.005142444125535167,0.5473354708920295
2007-12-28,0.10086889879950531,0.01246058398782163,0.5621131696884366
2007-12-31,0.0697308220991541,0.012329807448311667,0.5408733817555915
2008-01-02,0.044905924517757746,0.010090534099143228,0.5135722268417185
2008-01-03,0.04012884912787915,0.008370054849153994,0.5021750666777454
2008-01-04,0.1734625988270066,0.00744838147960044,0.4923630058842813
2008-01-07,0.2795505294753903,0.0001274969700758323,0.4772275874326401
2008-01-08,0.4561730232296958,3.678881289974054e-07,0.41814423137867784
2008-01-09,0.5773291801520145,2.499821526738182e-07,0.4251257119618071
2008-01-10,0.6731332975043977,1.374290773228987e-18,0.4508360608425114
2008-01-11,0.702765591698264,3.341784302450235e-19,0.4171387269667469
2008-01-14,0.7231150425831483,1.13985556655144e-19,0.4032364459090096
2008-01-15,0.7312577554537254,1.1398555544666496e-19,0.38756640450727564
2008-01-16,0.7993445712732503,6.847480438376798e-20,0.2967569532750707
2008-01-17,0.8971266163863492,1.884384054691433e-21,0.1838665091575545
2008-01-18,0.9235443612594911,1.8843833274578445e-21,0.1320600777013175
2008-01-22,0.9876348530547308,9.210416876012196e-32,0.03743424776403581
2008-01-23,0.9957216293565023,0.0,0.015531161031247603
2008-01-24,0.9979152924548274,0.0,0.008737015487461908
2008-01-25,0.9984924970446162,0.0,0.006413987421804615
2008-01-28,0.9991655382198589,0.0,0.0038073342966225728
2008-01-29,0.9990574431196133,0.0,0.0043090089526277514
2008-01-30,0.9990247258153557,0.0,0.004470835856608262
2008-01-31,0.9989251381926287,0.0,0.004827486143009978
2008-02-01,0.9971318425629283,9.999028029348813e-35,0.011093443975000191
2008-02-04,0.9968311477725262,9.999276972272409e-35,0.01234001987493378
2008-02-05,0.9969724389614056,9.999276972266582e-35,0.01166233156875007
2008-02-06,0.9970422235689493,9.999276972199998e-35,0.011292859765403477
2008-02-07,0.9977230319947438,9.995037246794795e-35,0.008507141635459394
2008-02-08,0.9995586253699115,0.0,0.0020199379111238663
2008-02-11,0.9999198607856542,0.0,0.0004814645260766111
2008-02-12,0.9999144314307132,0.0,0.0005118917543868036
2008-02-13,0.9998041011907898,0.0,0.001071840138067072
2008-02-14,0.999805158111878,0.0,0.0010650747049618001
2008-02-15,0.9998187603719766,0.0,0.0009820879239188906
2008-02-19,0.9998586339775807,0.0,0.0007602986700585365
2008-02-20,0.9998700660985108,0.0,0.0006949766870755178
2008-02-21,0.9999809982180576,0.0,0.00013096130599276804
2008-02-22,0.9999799372911911,0.0,0.0001377548948764273
2008-02-25,0.999968722238594,0.0,0.00020706815688708536
2008-02-26,0.9999583344197289,0.0,0.00027038193405466937
2008-02-27,0.999943412694489,0.0,0.0003547989834022347
2008-02-28,0.9999402903339705,0.0,0.0003751640039971915
2008-02-29,0.9999423361245139,0.0,0.0003619079986033297
2008-03-03,0.9999521592617471,0.0,0.0003020084516691133
2008-03-04,0.9999530657970084,0.0,0.00029674249262815145
2008-03-05,0.9999531224460962,0.0,0.00029642671975349603
2008-03-06,0.9999570104736923,0.0,0.0002707257382959142
2008-03-07,0.99995931269882,0.0,0.0002545645065492974
2008-03-10,0.999962153320016,0.0,0.00023437763106205672
2008-03-11,0.9999703184171927,0.0,0.0001848818294878351
2008-03-12,0.9999845776244667,0.0,0.00010431558191776298
2008-03-13,0.9999713272040063,0.0,0.00018568116304866857
2008-03-14,0.9999588112275871,0.0,0.00026412094583178075
2008-03-17,0.9999569606750851,0.0,0.0002776515970039289
2008-03-18,0.9999485213045844,0.0,0.0003285811945084579
2008-03-19,0.9999550001385895,0.0,0.0002885191111309841
2008-03-20,0.999956156656076,0.0,0.00028182113324928565
2008-03-24,0.9999544351144172,0.0,0.0002915474072088252
2008-03-25,0.9999081409176865,0.0,0.0005467447716343197
2008-03-26,0.9997989662567687,0.0,0.001084875970938438
2008-03-27,0.9997700618200479,0.0,0.001248843014199887
2008-03-28,0.999750190871134,0.0,0.0013573668497563938
2008-03-31,0.99971925769617,0.0,0.0015220694128523532
2008-04-01,0.9997443087524044,0.0,0.0013915648134710608
2008-04-02,0.9998438776182326,0.0,0.0009073213014179581
2008-04-03,0.9998372537797231,0.0,0.0009417522420865937
2008-04-04,0.9997957208349895,1.3495092282696916e-34,0.0011487402889635652
2008-04-07,0.9998016776036713,1.3612134664769887e-34,0.0011182685697213464
2008-04-08,0.9998086392657541,1.3602105302866558e-34,0.0010797310359518032
2008-04-09,0.999824619881629,1.3601010486482826e-34,0.0009878541553512952
2008-04-10,0.9996818627226787,1.378728375309291e-34,0.0016466946929641051
2008-04-11,0.9997246615791834,0.0,0.0014330195230283418
2008-04-14,0.99970477876176,0.0,0.0015329643609352946
2008-04-15,0.9997182158058022,0.0,0.0014524806680126874
2008-04-16,0.9997045247778249,0.0,0.0015317369268429664
2008-04-17,0.9986017845662136,0.0,0.005479110174087794
2008-04-18,0.9977546605774628,2.0429492756876476e-32,0.008780128769504306
2008-04-21,0.9943172729587614,1.809299768529363e-28,0.019624122561890445
2008-04-22,0.9742346981195494,5.43438424043903e-28,0.06373882385286793
2008-04-23,0.9418238842213802,4.98791603484011e-25,0.1255976134407049
2008-04-24,0.9127306453809634,1.2097575079368658e-23,0.1800146477904979
2008-04-25,0.8885364728533703,1.2156171921847063e-23,0.22830505800625828
2008-04-28,0.8655140170294034,1.2241089028481744e-23,0.2710194981917389
2008-04-29,0.8528101992900717,2.25527813207606e-23,0.289286949505032
2008-04-30,0.7440766338625286,3.5446182205719045e-23,0.34952045628914863
2008-05-01,0.6233541549384825,2.0356455151254133e-16,0.41072054353526904
2008-05-02,0.49129948170677096,1.1485249313904362e-13,0.4775343964528023
2008-05-05,0.3461602776501692,2.432775160798167e-13,0.5355035356025736
2008-05-06,0.2148168368260343,3.7483360623301585e-12,0.588882104807405
2008-05-07,0.21759955958673943,3.748643937195457e-12,0.5890053895679992
2008-05-08,0.20752532101252008,2.4301608795429907e-10,0.5856088473187342
2008-05-09,0.1744365959165454,2.2576926500907138e-07,0.5623403024502811
2008-05-12,0.1531438759899453,3.261010035562766e-07,0.5422242690102197
2008-05-13,0.12466588213961269,4.9531679878607e-07,0.5186863581941128
2008-05-14,0.07055892328994381,8.903546567875302e-07,0.4887698444298271
2008-05-15,0.032715162735595646,0.00038320448547945264,0.45364345486696334
2008-05-16,0.02392748509550068,0.0007166975129570888,0.4401262657224908
2008-05-19,0.01719251677825357,0.0016953492046433926,0.43006019868383083
2008-05-20,0.010099149909722244,0.00203970449133468,0.4176508165427819
2008-05-21,0.0035019691253771216,0.0020396965001119685,0.405571321702814
2008-05-22,0.003105674915714643,0.0016602009291973897,0.4030999797196584
2008-05-23,0.0026836054092439668,0.0013295825897554887,0.4007079999899851
2008-05-27,0.0027596084076607114,0.0006284835868664199,0.3989569470413521
2008-05-28,0.002869318006256603,0.0012400284563926032,0.4010597823237072
2008-05-29,0.0022183765323448173,0.005922323531468686,0.40984064043361224
2008-05-30,0.0018691471453901483,0.019533234752369837,0.43126215731015244
2008-06-02,0.0015863983139481363,0.02226796423962693,0.4384462792616475
2008-06-03,0.0014672050416370268,0.02295807017626798,0.44091371270370405
2008-06-04,0.001740536966362827,0.03211582108689798,0.45969988950579027
2008-06-05,0.002160263849182582,0.15795112091644561,0.47383014729670664
2008-06-06,0.0024392453378530255,0.14447287008865592,0.4527670083385383
2008-06-09,0.0026552493991401265,0.1417915465561006,0.44563963435897314
2008-06-10,0.0028735494216223447,0.1408491368002945,0.44253640023082613
2008-06-11,0.0031861321922419866,0.13073534025552777,0.42235746542080843
2008-06-12,0.00347774889088992,0.00021739789742317799,0.39961236002219547
2008-06-13,0.004651367472434817,8.603568134885708e-05,0.40207568604907423
2008-06-16,0.005427302618920273,7.576676315790024e-05,0.4047633092891608
2008-06-17,0.007106170345518607,6.493589662649316e-05,0.4099602576268698
2008-06-18,0.008543373417490896,6.738979993023135e-05,0.41416874334937626
2008-06-19,0.009583424914234726,0.00011974030449481802,0.4179573308662886
2008-06-20,0.010984201362220952,0.00011566008334197662,0.42083765546292745
2008-06-23,0.01291182347320467,6.942485238657639e-05,0.42406068426746196
2008-06-24,0.014702149628998597,5.490670402662182e-05,0.4263408077137275
2008-06-25,0.014543181354170043,5.249397842856451e-05,0.42508882347631294
2008-06-26,0.05290206166984436,1.038812340180691e-07,0.4587151556012872
2008-06-27,0.06463975290717332,6.712995369970331e-08,0.47471984880989704
2008-06-30,0.07222832968058182,6.512061389083919e-08,0.48602389441946603
2008-07-01,0.08016061865575652,6.832506657507667e-08,0.49725985778368126
2008-07-02,0.10211148206576684,3.4090395735542876e-09,0.5229612598541833
2008-07-03,0.07404271821916203,3.415960624212205e-09,0.5034658203529956
2008-07-07,0.06395518821264592,3.5559808567436936e-09,0.49035710519988973
2008-07-08,0.06585549413773499,2.7585056419090412e-08,0.49257360898473274
2008-07-09,0.10030344189933534,2.422888677427164e-08,0.5143053472832434
2008-07-10,0.10417866177121278,2.442072477025144e-08,0.5168689575107664
2008-07-11,0.1032508706297034,2.4426287344622394e-08,0.5158140638806595
2008-07-14,0.1126440352317033,2.428514356209152e-08,0.528206795531253
2008-07-15,0.1102971254734573,2.482215519543578e-10,0.5254247399655674
2008-07-16,0.07601433160807987,2.233141232920602e-09,0.5037981759995042
2008-07-17,0.05348723576369735,1.6674595918337056e-08,0.48147246082926987
2008-07-18,0.06936879810978153,1.6724502132883994e-08,0.4953389832932503
2008-07-21,0.07597961108218582,1.7093088842917566e-08,0.5013831703157141
2008-07-22,0.08343070584626819,2.5658367140167563e-08,0.5093598007540343
2008-07-23,0.07889524066960656,2.6147905643134634e-07,0.5036960713746229
2008-07-24,0.08279938828484627,2.480259362678646e-07,0.5093293185591167
2008-07-25,0.0622052371714739,3.9622696377351635e-07,0.4892846074685373
2008-07-28,0.07496304160325383,3.9607148364634575e-07,0.4977259079061163
2008-07-29,0.08742578970378434,5.190511276589352e-07,0.5068073762735984
2008-07-30,0.09409417458522626,7.020323286099815e-07,0.5149245727489669
2008-07-31,0.09160298675513937,8.763760278866502e-07,0.5115075764201704
2008-08-01,0.09332828217205731,7.285808511759571e-07,0.5139538348685746
2008-08-04,0.0771551544339695,7.283885891577314e-07,0.5026799956714413
2008-08-05,0.10232373572686512,3.5084986841024836e-06,0.5114198967141788
2008-08-06,0.16006940586199928,0.0009686721131172838,0.5378384174017456
2008-08-07,0.23762581495345728,0.001118528856400981,0.567608366187174
2008-08-08,0.2825393570064912,0.0035820954149847943,0.6018926621655549
2008-08-11,0.2857639307347361,0.0061373901776286665,0.611204794348666
2008-08-12,0.2526571365669696,0.009670796904511733,0.605483190591063
2008-08-13,0.1931136653813775,0.009377062355195623,0.5793128367927173
2008-08-14,0.11832637777174008,0.04045862797924101,0.5890256743180551
2008-08-15,0.07015468871915558,0.0738189925929537,0.5883814853945417
2008-08-18,0.06639765621186575,0.08569626723552481,0.6012614895521801
2008-08-19,0.04830096701804741,0.08385781567866378,0.5770767040559373
2008-08-20,0.04043397179360433,0.08776214666439759,0.57433376209355
2008-08-21,0.033664973890212016,0.06020571073946553,0.536923696491393
2008-08-22,0.030436144455370982,0.038621595810778654,0.5153703774884795
2008-08-25,0.016238563490351847,0.02457366146394222,0.4750587306625748
2008-08-26,0.015889940097386444,0.0229317894329654,0.4698919523189142
2008-08-27,0.014093087641882876,0.019466271049662556,0.4597515442172452
2008-08-28,0.015672514698962487,0.055047123126274786,0.4939339283159212
2008-08-29,0.029552446032531893,0.04146573725389443,0.4927846249535318
2008-09-02,0.051669396127868736,0.041086195819931684,0.5169240473671438
2008-09-03,0.07813999499345323,0.041030259987871534,0.5433078291112157
2008-09-04,0.2227373984160937,0.039919597500554446,0.5402105419058401
2008-09-05,0.38617232543645397,0.0006635834547811044,0.4738819657577773
2008-09-08,0.5527275930925215,5.152615014108987e-06,0.40952851568786414
2008-09-09,0.6908674418677858,5.896709754120066e-08,0.3678589701815839
2008-09-10,0.823297350279154,2.32678083015081e-12,0.3227243484664231
2008-09-11,0.7887659792158181,1.5930990469347114e-12,0.3488929802391422
2008-09-12,0.7707520317301887,2.1910679579528855e-12,0.37014752326324485
2008-09-15,0.783407724565938,1.9634496067587153e-12,0.3449371947479395
2008-09-16,0.7724630049762101,1.963451669126397e-12,0.3571253935238919
2008-09-17,0.8088608082903432,1.963442068082809e-12,0.2923178618122959
2008-09-18,0.8911686524369354,7.653971627947065e-13,0.19605308068004673
2008-09-19,0.93248030624147,3.768339552546353e-18,0.1365380505436033
2008-09-22,0.937270169605716,3.489804912830065e-18,0.1225528651035072
2008-09-23,0.9850496721988696,1.3874083387232991e-18,0.0437703592954989
2008-09-24,0.9856488434250241,1.3874083388229656e-18,0.04152641487570305
2008-09-25,0.9901843391392962,1.3871814801051787e-18,0.028421575907057305
2008-09-26,0.998612871592383,1.5670562175319492e-25,0.00637898491933592
2008-09-29,0.9988285889400206,1.5670240033651923e-25,0.005356763490618422
2008-09-30,0.9991377673617281,1.5670188619844597e-25,0.003952665001464593
2008-10-01,0.9993563986713468,1.5660064281611305e-25,0.0029196331636293068
2008-10-02,0.9997201869208873,1.6480040390952928e-27,0.0012976599313563302
2008-10-03,0.9999975900829957,7.563156335218371e-48,1.912848877181964e-05
2008-10-06,0.9999982142487627,7.563129602244947e-48,1.4139138363097929e-05
2008-10-07,0.9999988135877638,2.0686554841165545e-49,9.325626328736952e-06
2008-10-08,0.9999998963876504,0.0,9.809564782452668e-07
2008-10-09,0.9999999542432759,0.0,4.4025671294963133e-07
2008-10-10,0.9999999968724207,0.0,3.438557299697669e-08
2008-10-13,0.9999999999807214,0.0,2.339383123498477e-10
2008-10-14,0.9999999999892271,0.0,1.3072668740928646e-10
2008-10-15,0.9999999999934271,0.0,7.97597513925854e-11
2008-10-16,0.9999999999947822,0.0,6.331767612071912e-11
2008-10-17,0.9999999999999908,0.0,1.1207661729872555e-13
2008-10-20,0.9999999999999994,0.0,7.64432490443314e-15
2008-10-21,0.9999999999999997,0.0,3.869004659067752e-15
2008-10-22,0.9999999999999997,0.0,3.979093891930315e-15
2008-10-23,0.9999999999999997,0.0,4.5062673371293275e-15
2008-10-24,0.9999999999999997,0.0,5.002734824726314e-15
2008-10-27,1.0,0.0,1.4254619690871327e-15
2008-10-28,1.0,0.0,1.2288514495256938e-15
2008-10-29,1.0,0.0,1.1197426275940672e-15
2008-10-30,1.0,0.0,5.955410843827163e-16
2008-10-31,1.0,0.0,9.587340238212226e-17
2008-11-03,1.0,0.0,1.5891240565812798e-16
2008-11-04,1.0,0.0,4.992047588505807e-16
2008-11-05,1.0,0.0,5.580676083490311e-16
2008-11-06,1.0,0.0,5.738094778320056e-16
2008-11-07,1.0,0.0,5.509151234742655e-16
2008-11-10,1.0,0.0,5.017487626564192e-16
2008-11-11,0.9999999999999998,0.0,2.6568671714162852e-15
2008-11-12,0.9999999999999998,0.0,2.8286308479203278e-15
2008-11-13,0.9999999999999968,0.0,3.893773303156445e-14
2008-11-14,0.9999999999999833,0.0,2.0430502373838434e-13
2008-11-17,0.9999999999999721,0.0,3.395430210456569e-13
2008-11-18,0.9999999999999198,0.0,9.731257828563752e-13
2008-11-19,0.999999999999918,0.0,9.963007180292534e-13
2008-11-20,0.9999999999999207,0.0,9.616253287728087e-13
2008-11-21,0.9999999999999337,0.0,8.047427234620425e-13
2008-11-24,0.9999999999999394,0.0,7.355402873895612e-13
2008-11-25,0.9999999999999887,0.0,1.3964256065416793e-13
2008-11-26,0.9999999999389289,0.0,7.410750560574605e-10
2008-11-28,0.999999999909455,0.0,1.0987279048420013e-09
2008-12-01,0.9999999999075315,0.0,1.1220680881671342e-09
2008-12-02,0.9999999999023974,0.0,1.1843681120983977e-09
2008-12-03,0.9999999998855061,0.0,1.3893375980307958e-09
2008-12-04,0.999999999918354,0.0,9.907426390290858e-10
2008-12-05,0.9999999999075337,0.0,1.1220438775140984e-09
2008-12-08,0.99999999984308,0.0,1.904163775151161e-09
2008-12-09,0.9999999996719164,0.0,3.981164869980129e-09
2008-12-10,0.9999999995328347,0.0,5.668866675832711e-09
2008-12-11,0.9999999995416745,0.0,5.561598259198301e-09
2008-12-12,0.9999999995608118,0.0,5.329375321282187e-09
2008-12-15,0.9999999996017122,0.0,4.833065641611781e-09
2008-12-16,0.999999999695721,0.0,3.692307991738123e-09
2008-12-17,0.9999999998193111,0.0,2.1925898870960413e-09
2008-12-18,0.9999999998018048,0.0,2.4050215254672567e-09
2008-12-19,0.9999999998083119,0.0,2.326060674425775e-09
2008-12-22,0.9999999998320556,0.0,2.0379392328620794e-09
2008-12-23,0.9999999998898655,0.0,1.336439388199842e-09
2008-12-24,0.9999999953394132,0.0,5.0255200915006355e-08
2008-12-26,0.9999999926650492,0.0,7.977452698882413e-08
2008-12-29,0.9999999754719855,0.0,2.5217994581143134e-07
2008-12-30,0.9999999536275664,0.0,4.682610398567778e-07
2008-12-31,0.9999999504957486,0.0,5.025694425849637e-07
2009-01-02,0.9999998082927191,0.0,1.747847660479744e-06
2009-01-05,0.9999993735537533,0.0,5.311759927067165e-06
2009-01-06,0.9999992104710849,0.0,6.707799713380404e-06
2009-01-07,0.9999978923600226,0.0,1.6668174623222505e-05
2009-01-08,0.9999848281322453,0.0,9.928794715676353e-05
2009-01-09,0.999971718414572,0.0,0.00018175251052963707
2009-01-12,0.9999583464538413,0.0,0.00026510056566963705
2009-01-13,0.9999498512037885,0.0,0.00032038613912038885
2009-01-14,0.9999432269463199,0.0,0.00036279820898160145
2009-01-15,0.9999474781865615,0.0,0.00033783385936447883
2009-01-16,0.9999291174703719,0.0,0.00043854625439899276
2009-01-20,0.999931857671457,0.0,0.0004226777230249977
2009-01-21,0.9999059879094959,0.0,0.0005655505722069008
2009-01-22,0.9998852922703515,0.0,0.0006816832771501548
2009-01-23,0.9998699409130655,0.0,0.0007685385513387546
2009-01-26,0.9998690214337257,0.0,0.000773187132669534
2009-01-27,0.9998332634924045,0.0,0.000964816375766276
2009-01-28,0.9998027346028202,0.0,0.0011179095546462816
2009-01-29,0.9998000068221721,0.0,0.0011321804948223576
2009-01-30,0.9997679897265137,0.0,0.0012971199114890427
2009-02-02,0.9996938399958312,0.0,0.0016575054962142185
2009-02-03,0.9994173114737677,1.8521525458441594e-53,0.002861168423578574
2009-02-04,0.9993764081185799,1.0446386907537046e-52,0.0030549904721830752
2009-02-05,0.9992387409264138,8.248228869731824e-49,0.0036997717024616545
2009-02-06,0.9990845536215996,1.3158385185551264e-48,0.004394066261558504
2009-02-09,0.9989295622220169,1.5285001815039286e-47,0.005061145971689691
2009-02-10,0.9991008188134964,1.528499101853852e-47,0.004347804231717014
2009-02-11,0.9991396987487928,1.528490512636524e-47,0.004163958189876273
2009-02-12,0.9992439618953579,1.4460190929927336e-47,0.003687750304958897
2009-02-13,0.999431582968762,1.396917529843894e-47,0.0028206255472072914
2009-02-17,0.9996331056239554,1.200650929621883e-53,0.0019329590990350806
2009-02-18,0.9996661640700866,4.969163530361697e-54,0.0017856480363556849
2009-02-19,0.9996729722513142,4.918992385087986e-54,0.001752278492198177
2009-02-20,0.99942064771222,6.92326996516858e-55,0.002841027194774905
2009-02-23,0.9993484682173165,6.922334317952069e-55,0.0031996371836474496
2009-02-24,0.9990962889370028,6.884978329008646e-55,0.004291238094676351
2009-02-25,0.998839234863906,1.5285208514520046e-56,0.005357926371236242
2009-02-26,0.9985842663030791,1.6178659326113025e-56,0.00646192301663682
2009-02-27,0.9980409098126982,2.07092081651032e-56,0.008452207459628458
2009-03-02,0.9975589773048025,2.087735331217129e-56,0.0103855802361477
2009-03-03,0.9972360976517933,2.7776544725936463e-56,0.011605236309545863
2009-03-04,0.995224512188965,7.294872120222592e-51,0.0180824924333337
2009-03-05,0.9905295142890196,4.90934254831285e-47,0.03166269850703631
2009-03-06,0.9850520700332279,9.66825060878849e-47,0.04638178025833932
2009-03-09,0.9796583819621636,1.0287336401477772e-46,0.06125940884932405
2009-03-10,0.9671512831365053,2.2407797051311871e-38,0.09076443371279155
2009-03-11,0.952084671775558,3.6004961192956105e-36,0.12242381394214805
2009-03-12,0.9445706884522196,5.998443378590101e-35,0.13836802901305606
2009-03-13,0.938872999873926,2.0786835696886176e-34,0.15024293107637754
2009-03-16,0.9253724904175602,2.831756890850131e-33,0.17608868161674932
2009-03-17,0.9188160158706751,1.8619422800046756e-29,0.18745318486469825
2009-03-18,0.9262079486026142,1.873252271187606e-29,0.1737698302718238
2009-03-19,0.9180363788535661,2.368328883116781e-29,0.187924684404714
2009-03-20,0.9191630700114942,2.3687962036020297e-29,0.1857245466019809
2009-03-23,0.9307530965500236,3.0414177636831026e-24,0.1641332807610644
2009-03-24,0.9434878490881825,3.044507210406759e-24,0.14016210706813703
2009-03-25,0.9270765322222168,6.635654513864612e-24,0.16786212801236747
2009-03-26,0.9315316729856997,6.740131871390723e-23,0.1604369662189761
2009-03-27,0.9355774746581457,6.749433131728265e-23,0.15192299139451831
2009-03-30,0.9298191914484157,5.6121631405976046e-21,0.163394453673888
2009-03-31,0.9240732506671433,5.906996980574364e-21,0.1751570415797812
2009-04-01,0.9401850141971112,1.2530174327131308e-20,0.14806372589430797
2009-04-02,0.9255719358949157,2.813637887613437e-13,0.17032471405295876
2009-04-03,0.9170242734639661,4.1777186316216925e-13,0.1872996649126363
2009-04-06,0.8745229448193694,7.563960932691121e-11,0.2422219030594747
2009-04-07,0.8402397446709268,7.822282798597781e-11,0.2899477241694616
2009-04-08,0.6858060485862818,3.0294164310686545e-07,0.3790091764938258
2009-04-09,0.5563253662514885,2.7025690533771038e-06,0.4367908770674741
2009-04-13,0.3844531203307306,0.00014658748945504783,0.500030521913726
2009-04-14,0.2475072910796204,0.0003163130897338198,0.5042992150647374
2009-04-15,0.0991564720520594,0.00043269844673300115,0.5137589232639421
2009-04-16,0.06591575203161812,0.0007173376838130704,0.4818123444991792
2009-04-17,0.028361317875941105,0.002059641913163223,0.45111983807918027
2009-04-20,0.01713337499948845,0.0022266590312038873,0.4344957720677961
2009-04-21,0.01311513896261629,0.002277306305782359,0.42783867530232067
2009-04-22,0.008757792196495527,0.0120155463738365,0.4364482184001252
2009-04-23,0.007385993290578935,0.030265108029895366,0.4594552492560231
2009-04-24,0.006075755339770157,0.04490956483473559,0.4773066595273365
2009-04-27,0.005109942592779619,0.07868930829635781,0.5120635009096743
2009-04-28,0.0029377319832917747,0.19579161032677592,0.5365340618220741
2009-04-29,0.0043016268525430034,0.36858423771014903,0.4815243797570944
2009-04-30,0.004216897945191099,0.3972747942496592,0.4965076138880119
2009-05-01,0.0037801458021680416,0.4483849455947705,0.515626544102071
2009-05-04,0.0033067667834670287,0.5564767627176652,0.48779612583584164
2009-05-05,0.0026296912852597585,0.5948477336612752,0.4544145818076979
2009-05-06,0.0010146778456320562,0.5658662771227732,0.49115216985341725
2009-05-07,0.0006488806761186523,0.6263615618559611,0.4831481122345515
2009-05-08,0.0004534845130908918,0.7222672373504961,0.4282561502440291
2009-05-11,0.0006214073753373088,0.7729983546079379,0.3597977782184012
2009-05-12,0.0014815314559519777,0.8009098024238448,0.32514919002246406
2009-05-13,0.004750017318644245,0.81035617383674,0.32518829787923986
2009-05-14,0.005388585830720748,0.8904168878358381,0.2449805045735113
2009-05-15,0.005425333464827606,0.9261177568314798,0.18127627027264623
2009-05-18,0.006263892836640364,0.9171564075072723,0.20176414934868275
2009-05-19,0.005459941087273175,0.9331650541032891,0.1626752766878499
2009-05-20,0.0022055927027668366,0.9699151254168152,0.08527048922243093
2009-05-21,0.0015152916143549666,0.9818084177941777,0.05329191808518576
2009-05-22,0.0013341348541022918,0.9830746823231167,0.048043600465963864
2009-05-26,0.0003232144977233081,0.9990770435070082,0.0064248695076071114
2009-05-27,0.00033401447244893305,0.9993496903757739,0.004047881879846007
2009-05-28,0.0005228684830735715,0.9989304323055516,0.005100644264764565
2009-05-29,0.0007003229742014247,0.9988778510238536,0.005171256990113879
2009-06-01,0.001274106331631746,0.9980549326773687,0.008500302194389384
2009-06-02,0.0016726252540382354,0.9974726766530505,0.010929042607859239
2009-06-03,0.0016703552806407846,0.9974755138752291,0.010914652290544521
2009-06-04,0.0016290093107352028,0.997822839458717,0.009326404858467603
2009-06-05,0.0016108444886128042,0.9979216892174033,0.008857010172590532
2009-06-08,0.0010670162483590042,0.9987179449774984,0.0056459406330233
2009-06-09,0.0006950221897211185,0.9992203144948816,0.0036337414511955143
2009-06-10,0.0006630565522877599,0.9983629005732044,0.00703356329643535
2009-06-11,0.0005326020322755809,0.9980095267177033,0.008591362522743368
2009-06-12,0.00038931897357408364,0.997991114698153,0.008834637409609311
2009-06-15,0.000364452765750123,0.9979466670877974,0.009090596205495616
2009-06-16,0.0003326258007113235,0.9976864661041729,0.010208936970840068
2009-06-17,0.0002781998066978137,0.9985952343255761,0.006635706315308428
2009-06-18,0.0002457638873046146,0.9981964738812487,0.008167919738851004
2009-06-19,0.00017952278278729364,0.9981136719354591,0.008542256016999284
2009-06-22,0.00037339715236879984,0.9977291264030926,0.010318409650707246
2009-06-23,0.0006138829798906688,0.9973158960752176,0.012165923960705604
2009-06-24,0.0007701125459416722,0.9970538222902849,0.01387469645126358
2009-06-25,0.0008810826538621889,0.9978396346884424,0.011899375906032834
2009-06-26,0.0010170118561151735,0.9980118259764001,0.012455179169172267
2009-06-29,0.0009166810979652038,0.998349110738529,0.011500031789612614
2009-06-30,0.000757907957297227,0.9990133969119093,0.00968153509973283
2009-07-01,0.0007659310286051666,0.9990559027980408,0.011711142008113627
2009-07-02,0.0030547994273394823,0.9939118314712386,0.029106311106763188
2009-07-06,0.03331140301927716,0.9266896234025378,0.1311361759401888
2009-07-07,0.08045984970970939,0.8191832898271398,0.25853205847439525
2009-07-08,0.13407606816845558,0.6983169004981156,0.3882023458094839
2009-07-09,0.14234325906357792,0.6763432410978301,0.4365297047839972
2009-07-10,0.14259499928139754,0.66969578074691,0.4518706690629327
2009-07-13,0.11326910905045036,0.7341009229648725,0.35847249315055535
2009-07-14,0.06640916888380761,0.8409382371641501,0.2333057500216557
2009-07-15,0.01550328508022942,0.9587051114472598,0.11221263733681433
2009-07-16,0.0076235452989732375,0.9803798859964772,0.062017633686048956
2009-07-17,0.005294901990241019,0.9919753146334482,0.028773543681830938
2009-07-20,0.004480043529122417,0.9947077438135832,0.018962778721518827
2009-07-21,0.0041028862633673445,0.9954886400375296,0.015561028763330783
2009-07-22,0.0013069157201832959,0.9986861920736609,0.00538254353815985
2009-07-23,0.0007646083673998325,0.999230350672876,0.0033415356472619043
2009-07-24,0.0004168817084549005,0.9995809631723855,0.0019343982910617515
2009-07-27,0.00014806817678828492,0.9998516464527123,0.0008192545098087017
2009-07-28,0.0001399293069237655,0.9998598259600483,0.0007859193472156834
2009-07-29,0.00013756141961892478,0.9998584130626655,0.0008013863889802994
2009-07-30,0.00012641994290103108,0.9998693580792437,0.0007483900189534972
2009-07-31,0.00011995612174093062,0.9998758021043758,0.0007144641997542004
2009-08-03,0.0001390102177316159,0.9998567475645164,0.0008089817724763858
2009-08-04,0.00019619577537657306,0.9997995307601641,0.0010769983246652474
2009-08-05,0.0009730932969626534,0.999026579439344,0.0038940762310065965
2009-08-06,0.001393593079661956,0.9986029114134916,0.005640336547726785
2009-08-07,0.0022535699470881353,0.9977250044539867,0.009285759052524586
2009-08-10,0.002772942986665616,0.9971810990501737,0.011922720145838886
2009-08-11,0.002770752435243941,0.9971829395218084,0.012169620302081043
2009-08-12,0.0020475783103261697,0.9979061216731354,0.00983003822089204
2009-08-13,0.0016685001081030303,0.9982884979954431,0.019515659375187074
2009-08-14,0.0008383490789789117,0.9991364568799386,0.03130593593177927
2009-08-17,0.0003011064078857949,0.9996981604147912,0.02858942514430384
2009-08-18,0.0002439438724272473,0.9997556872832654,0.028145439187459105
2009-08-19,0.0001755934883868213,0.9998240844132965,0.027605802934356653
2009-08-20,0.00013973302327370256,0.9998600160478632,0.01621471238129036
2009-08-21,0.00010634193099123231,0.9998935515027478,0.0007594456334026731
2009-08-24,0.00011159372311433664,0.9998883774796526,0.0007793933706482235
2009-08-25,0.00011394095037228643,0.9998860562793705,0.000703274254560007
2009-08-26,0.00010128058039796399,0.9998987185072687,0.0005905468534019145
2009-08-27,7.87253852429236e-05,0.9999212745104481,0.0004559913192026287
2009-08-28,6.892949313568852e-05,0.9999310704027338,0.00039885212433685727
2009-08-31,4.2195686101712104e-05,0.9999578042945296,0.00025073742856257004
2009-09-01,2.165118907897791e-05,0.9999783488094245,0.00014059113141967633
2009-09-02,1.7596721696846438e-05,0.9999824032768727,0.00011618476192311043
2009-09-03,1.3520232277757071e-05,0.9999864797662965,9.111457964650755e-05
2009-09-04,1.2437363437165787e-05,0.9999875626351372,8.378439631006346e-05
2009-09-08,1.5574436170771833e-05,0.999984425562384,0.00010297709996702712
2009-09-09,1.3406104619533929e-05,0.9999865938952827,9.006590391732693e-05
2009-09-10,1.6309366064065276e-05,0.9999836906332366,0.00010774706282508896
2009-09-11,2.206918909504325e-05,0.9999779308091185,0.0001426039662318644
2009-09-14,2.5420245114804963e-05,0.9999745797530608,0.0001641300640670165
2009-09-15,2.8270579465209115e-05,0.9999717294053319,0.00018164602845654212
2009-09-16,4.154004848036867e-05,0.999958459848122,0.0002948753126636395
2009-09-17,4.8565586483987257e-05,0.9999514342297078,0.00038283895558354614
2009-09-18,4.9117495007581567e-05,0.999950882317016,0.0003950431256086429
2009-09-21,6.204399854028528e-05,0.9999379190037535,0.001213417116958124
2009-09-22,6.747490741364182e-05,0.9999324837350638,0.0013643398085991007
2009-09-23,6.398882888928716e-05,0.999935964639447,0.0016413677564592704
2009-09-24,6.927101297426032e-05,0.9999305636358311,0.005383424179353764
2009-09-25,7.775569042159087e-05,0.9999220627528789,0.006135160561354402
2009-09-28,7.137768551851346e-05,0.9999284775070183,0.0054392163177072374
2009-09-29,7.073148135177085e-05,0.9999291277714291,0.005561899859741213
2009-09-30,7.467560991115217e-05,0.999925186173033,0.006542499158318171
2009-10-01,0.0002687343482700013,0.9997247558453294,0.005262118329029217
2009-10-02,0.0006685653688015679,0.9992668021383329,0.00839890896940324
2009-10-05,0.000938385047089817,0.9989700424685426,0.0202009841868983
2009-10-06,0.0010797952642091543,0.9988279802965903,0.049123646540839006
2009-10-07,0.0013023484222017775,0.9986009085109278,0.09764519987814009
2009-10-08,0.0017077869004720448,0.9981133620892464,0.17512332206533726
2009-10-09,0.0021215590792910835,0.9976830680324502,0.2255037715969511
2009-10-12,0.0021921885770168586,0.9976282389757667,0.22996518689028278
2009-10-13,0.002375861083546171,0.9974370035258296,0.21201630193621684
2009-10-14,0.002709076724882064,0.9970686907547943,0.18530771015483066
2009-10-15,0.0021253190208651465,0.9977287100439751,0.10645618281473683
2009-10-16,0.0013269420047100442,0.9986011568063822,0.05264259824320492
2009-10-19,0.0010188648253842358,0.9989187856311892,0.03665673631433897
2009-10-20,0.0007104068899144051,0.9992293486236953,0.02563888478159379
2009-10-21,0.00016969949268877738,0.999797503005977,0.0028683195376705663
2009-10-22,0.00016686860591414015,0.9997824670381892,0.0026729893825057404
2009-10-23,0.00016356045111709226,0.9997617782592242,0.006134523055045733
2009-10-26,0.00014722954152800066,0.9997678598186253,0.014453076271375149
2009-10-27,0.0002826164307812038,0.9994677843055468,0.03696649527382086
2009-10-28,0.002386475563937892,0.9944828080832242,0.05291077000381689
2009-10-29,0.005161326737371574,0.988466395376405,0.08587542447729664
2009-10-30,0.08777201480915685,0.8330491586916449,0.2058174312344309
2009-11-02,0.15267922781141144,0.7095672263721076,0.32493817493755567
2009-11-03,0.21733156531959885,0.586408788525608,0.4339199174429531
2009-11-04,0.24524002113838733,0.5342833315691385,0.5279943199595462
2009-11-05,0.2519168674171798,0.5241505727705245,0.6037217720509608
2009-11-06,0.18012516670472178,0.6614778553523248,0.5943035479575774
2009-11-09,0.12873602568014636,0.7694503754350005,0.5141429008687997
2009-11-10,0.0691342683918087,0.8876334247819052,0.40025532266195024
2009-11-11,0.04018633216414134,0.9436484254478748,0.2948979363441534
2009-11-12,0.03185136460131969,0.9586397220086708,0.19096707798817641
2009-11-13,0.021143817623023524,0.9766045459305517,0.07740718595033963
2009-11-16,0.007696541238243622,0.9920384824496861,0.03041236995317199
2009-11-17,0.0025759161726113524,0.9972445432155228,0.013132536464127088
2009-11-18,0.001565418622605725,0.9982956057550585,0.008563901745836374
2009-11-19,0.0004918987493988499,0.9994331631726308,0.0032675756674114473
2009-11-20,0.000705766488915287,0.9988720985045209,0.005871767574512702
2009-11-23,0.0007160454753996799,0.9988321769062198,0.006003097970356318
2009-11-24,0.0007714212787136096,0.9986493702215821,0.006963640068622573
2009-11-25,0.0008843224820699813,0.9983379030485544,0.009535328002342252
2009-11-27,0.0035023422679670824,0.9927098048219781,0.0417102065634829
2009-11-30,0.0068383774395908235,0.9851750183189252,0.08874711455188107
2009-12-01,0.007239004218573311,0.9844970097671638,0.16337450104398474
2009-12-02,0.0078022744430610875,0.9834661020069276,0.232826737228622
2009-12-03,0.008748137487376009,0.9816334876683523,0.3052531963133013
2009-12-04,0.006530370371898851,0.9862844489226819,0.35396894762858394
2009-12-07,0.0037301855519686782,0.9926333551852686,0.35418059347724806
2009-12-08,0.00428826131096842,0.9907634433734988,0.3620802209808585
2009-12-09,0.00436390071242747,0.990195305433468,0.3584340334940898
2009-12-10,0.00393433325743882,0.9906777099003353,0.36295810100854936
2009-12-11,0.003567159091254408,0.9913254243891834,0.3449789385339527
2009-12-14,0.0027416452706026683,0.9930625476877832,0.3352038754801571
2009-12-15,0.001779993140025745,0.9953667410923458,0.30284285524850996
2009-12-16,0.0010864250513270255,0.9968774523753229,0.26769221852124836
2009-12-17,0.0009375642661817552,0.9969544006111185,0.24535104588547402
2009-12-18,0.0009934026079343869,0.9971088345662172,0.19300482098684996
2009-12-21,0.0010402463286893278,0.9971567505433642,0.1971574278841428
2009-12-22,0.0010345123013655291,0.9974088649582493,0.21825650194274404
2009-12-23,0.0010838286808229577,0.9975142386186089,0.2643731620287127
2009-12-24,0.0006077822603988545,0.9990484832471246,0.28385525724956817
2009-12-28,0.0005388860538923848,0.9991697199022693,0.34993523247129954
2009-12-29,0.0004796169066441908,0.9992469813487869,0.34389011373802714
2009-12-30,0.00043141072954216563,0.9993303993398118,0.32318604132697554
2009-12-31,0.0003547157329519267,0.9995244729575434,0.301208818975755
2010-01-04,0.00033239890593211527,0.9995937174821945,0.2890081148245444
2010-01-05,0.00028826842554471524,0.9996787560374047,0.24158466368884537
2010-01-06,0.00028383923705060986,0.9996938951326815,0.24541236056368132
2010-01-07,0.00028333887490242704,0.9997052030894347,0.24670863672836257
2010-01-08,0.0002820473087514811,0.9997147502981564,0.24436149107110877
2010-01-11,0.0002605406656370106,0.9997355846534843,0.25595953338976346
2010-01-12,0.0002788598320048167,0.9997004418535574,0.30353181372627047
2010-01-13,0.00033462377475738464,0.9995825612084301,0.3232182318155636
2010-01-14,0.0004802255823861673,0.9992568501200602,0.32984822496859156
2010-01-15,0.0007713914545667534,0.9986076736530182,0.3187367814669617
2010-01-19,0.0013652951150673197,0.9973651292709478,0.3211524144390318
2010-01-20,0.0022140036652554588,0.9956941335935616,0.28524444828934425
2010-01-21,0.007062054365425041,0.9862141543242225,0.2796842129254594
2010-01-22,0.11045310851887111,0.7909340980875744,0.3093696350845057
2010-01-25,0.21081910688397718,0.6000394435639784,0.3624839175883371
2010-01-26,0.3137070237446916,0.4060437839803419,0.3740973786382944
2010-01-27,0.4109395793503114,0.22216292750380107,0.44141577701951623
2010-01-28,0.5111323591001706,0.032617811661210014,0.4670636619282507
2010-01-29,0.512179044438823,0.02850891810636144,0.45918458449716837
2010-02-01,0.5169270685706338,0.020414941391401015,0.4447237603335007
2010-02-02,0.5177414453501948,0.01635051099338137,0.4353037312025956
2010-02-03,0.5245898471156197,0.002598731668448358,0.4087386116666981
2010-02-04,0.5239109763404619,0.0018623629801593406,0.4088794491012112
2010-02-05,0.523102997024527,0.0019613038447383,0.40936832689700353
2010-02-08,0.5210392466701006,0.0018437403452627927,0.4093439875956488
2010-02-09,0.5205562018384698,0.0015163502008517136,0.410810808979415
2010-02-10,0.518979235417649,0.001355558480435022,0.41124566672852725
2010-02-11,0.5148925988856259,0.002998563696188586,0.4130386433031962
2010-02-12,0.5058088764589285,0.008704919159397383,0.4289111850262411
2010-02-16,0.4892912470737392,0.024296687595449035,0.4566253790754879
2010-02-17,0.4536262574430724,0.0754618203583883,0.4994164032138147
2010-02-18,0.42403760302387716,0.11547029096409903,0.5409637699089613
2010-02-19,0.32580079746539004,0.2922207999984684,0.5099055923151692
2010-02-22,0.2371148115027907,0.4537775170015307,0.486984478165642
2010-02-23,0.1993309936428052,0.5208148537478947,0.5222029035550165
2010-02-24,0.16374960640140962,0.5872975775482695,0.5224405427715904
2010-02-25,0.12539027566220393,0.6582370139874101,0.5289094797012274
2010-02-26,0.13888337130170553,0.6315097710077324,0.5716152881224171
2010-03-01,0.14787100809135123,0.6250017211242213,0.6165905973717793
2010-03-02,0.10377283972168119,0.7233349823599388,0.5863648163368607
2010-03-03,0.07547992391579336,0.7929731276468931,0.5681433181264126
2010-03-04,0.04176666377160674,0.8767260780019323,0.5279917164752637
2010-03-05,0.027783482636775925,0.920596844138708,0.5210190754982281
2010-03-08,0.012940004163825163,0.9589672689045724,0.42808390656125467
2010-03-09,0.008036153709716267,0.9770158297929458,0.34300825605554064
2010-03-10,0.003807527189416301,0.9873821747347217,0.27399193616608664
2010-03-11,0.0021281355251542146,0.990974573842994,0.21178616799970867
2010-03-12,0.0006164333723115644,0.9931599346831425,0.15480846147045796
2010-03-15,0.0005528933027380277,0.992985141098304,0.1430593438825166
2010-03-16,0.0005840676515211175,0.9929570304985755,0.1316898085587226
2010-03-17,0.0006694443403284873,0.9943301565904932,0.10643621253824495
2010-03-18,0.0009098945374814198,0.9945598096949355,0.09281583547873884
2010-03-19,0.0010191151768352944,0.9960430121316991,0.07187403694462825
2010-03-22,0.0011925222583754952,0.9957734861811767,0.07340327054983356
2010-03-23,0.0012771406736219642,0.99569541987428,0.07220320343766047
2010-03-24,0.0013870266157938061,0.9945454577956264,0.07608709820204365
2010-03-25,0.0013678851967114441,0.9945276026644135,0.07280099874827128
2010-03-26,0.0013163559308231516,0.9945335094027499,0.07146263097041386
2010-03-29,0.001126114486540637,0.9950757740701366,0.0652094590951081
2010-03-30,0.0012510322965871667,0.9950909362555175,0.05891785031468675
2010-03-31,0.0013435927324578446,0.996002784842511,0.05090712840111322
2010-04-01,0.0014293699444734016,0.9961421922171028,0.0487410615556441
2010-04-05,0.0013068731637492803,0.9966519181532604,0.04872497212803402
2010-04-06,0.0012667937073783538,0.9968824674353274,0.04908260135140184
2010-04-07,0.0010227518013519066,0.997522028728411,0.04768351632795389
2010-04-08,0.0008591047393021342,0.9978686854739017,0.049606353162156086
2010-04-09,0.0007199772135898723,0.9981568114508,0.052651657258558235
2010-04-12,0.0009917469101017912,0.9975226891342277,0.0563931025511305
2010-04-13,0.0011984435180443305,0.9970382083496881,0.0576165351732439
2010-04-14,0.0012886429059854481,0.9968414602834421,0.05855844960076978
2010-04-15,0.0011771454709990272,0.997107378050111,0.05671537381548277
2010-04-16,0.0018635725656075699,0.9958551417475123,0.056919985501848756
2010-04-19,0.0023695292044935185,0.9949659553473074,0.05563482159356894
2010-04-20,0.002692418429615721,0.9944633560806384,0.054107581135500696
2010-04-21,0.0037813523713235036,0.9923765943983345,0.06139784760668673
2010-04-22,0.005130334538431025,0.9897528124594382,0.07303307369432019
2010-04-23,0.004966765439928548,0.990086543487679,0.07537775511969949
2010-04-26,0.005434620254007887,0.9893068696838802,0.07839744718203061
2010-04-27,0.012727833004390603,0.9762904922703303,0.10577830786574138
2010-04-28,0.01822786641298199,0.9664481147366656,0.12400259211468616
2010-04-29,0.019082574282650352,0.9653437823657262,0.12113723331276101
2010-04-30,0.022661301578533164,0.9593755756757052,0.1341894243638821
2010-05-03,0.02412084995449975,0.9576983465673449,0.13369867918798023
2010-05-04,0.1057003059000304,0.8282989489790988,0.23880417685895128
2010-05-05,0.21287760796857072,0.6512454808206203,0.31819255605992486
2010-05-06,0.32225028847591497,0.45528845961137154,0.38501188740229236
2010-05-07,0.4243089086330115,0.2627980149614962,0.4404774031080458
2010-05-10,0.5447564615886241,0.06698513330942155,0.524903583731295
2010-05-11,0.5751274385575555,0.01060208554960075,0.4784412276127794
2010-05-12,0.5903840221468394,4.537076172358657e-05,0.4751257603338919
2010-05-13,0.5983664846964154,1.0813388047051836e-05,0.49430989559119276
2010-05-14,0.6072007185378258,5.270989711617436e-06,0.5160689665872819
2010-05-17,0.5953420593683044,5.02731376687686e-06,0.5119346661754963
2010-05-18,0.5818712326467634,4.975460072792063e-06,0.51019441520878
2010-05-19,0.5600102437092038,4.985712931238675e-06,0.4999275211921875
2010-05-20,0.5768019453963428,4.402142099679088e-06,0.518297371541043
2010-05-21,0.5906810813659024,4.9127410309180045e-06,0.5378160018414976
2010-05-24,0.48666191287787264,4.132728038231546e-05,0.5412691764241071
2010-05-25,0.3905111332390233,9.278775744114246e-05,0.5535060121063323
2010-05-26,0.28495371515646883,0.0001260308388447879,0.537124294825005
2010-05-27,0.19272553708625284,0.000221528997640122,0.577407209264577
2010-05-28,0.08490741324003688,0.00027024310378713647,0.5787642990417715
2010-06-01,0.12128877984058359,0.0003511312357533429,0.6478685241487689
2010-06-02,0.17534339137370214,0.0004572104740896576,0.717465962970403
2010-06-03,0.25194003390007846,0.0009470908497949959,0.7926634299681409
2010-06-04,0.231437489304596,0.0009142672008120858,0.766278003438524
2010-06-07,0.2532129814029055,0.0009145177246775556,0.8023584259411773
2010-06-08,0.25618674789711704,0.0008469432081427532,0.7839673964071981
2010-06-09,0.27749684349786485,0.0007014020954421429,0.7407483066759384
2010-06-10,0.29081583378628706,0.0002665484227833555,0.6812638777065343
2010-06-11,0.3282207716150394,0.0010934785286081325,0.7032077080359755
2010-06-14,0.34854346244018275,0.0019898968202840097,0.6965409120852787
2010-06-15,0.3733938750953634,0.007078210757378045,0.6987773428393036
2010-06-16,0.335994803668517,0.014875759658857795,0.7396812598591651
2010-06-17,0.28733299763714365,0.030545027802426857,0.8224807146929558
2010-06-18,0.22897769035445498,0.05294375902692119,0.7878430116877004
2010-06-21,0.1677278880790402,0.07391065780853293,0.747308184251091
2010-06-22,0.09814768302784287,0.07922718693352435,0.7011241895254615
2010-06-23,0.0512111811052679,0.07645555413167504,0.6213773587868594
2010-06-24,0.008842603079647092,0.0623673911393966,0.5232995449886888
2010-06-25,0.006686103438180725,0.04009692296030428,0.48270884778588447
2010-06-28,0.006944759907567963,0.019771809449905968,0.4635227474350822
2010-06-29,0.005581690324565758,0.00933085004503202,0.43825382008705904
2010-06-30,0.005014791892114979,0.004293190418231193,0.42395976961622744
2010-07-01,0.004962257198392969,0.0026248071737521614,0.4189155396850189
2010-07-02,0.005077473216364833,0.0016085589326649858,0.41676365539490884
2010-07-06,0.0033904904827374857,2.0605520789419842e-05,0.4013593587949785
2010-07-07,0.005458869688481434,1.0952491790873991e-05,0.40633922950514034
2010-07-08,0.008264781921441918,2.059700578652894e-05,0.41362325606368044
2010-07-09,0.011647838611201299,4.293252865187541e-05,0.42106757153116686
2010-07-12,0.015392119225089257,0.00010368471448774064,0.43717181466370175
2010-07-13,0.026884925941843624,0.0005522006784200483,0.48156390317386866
2010-07-14,0.026585012393752678,0.003949456786470294,0.49552609444605916
2010-07-15,0.032324695093072175,0.01171142066400728,0.5362741664414606
2010-07-16,0.034518684958531234,0.0118283153752838,0.5538972661970968
2010-07-19,0.04240020370348117,0.012335335503875482,0.5800851141439399
2010-07-20,0.040848246723721914,0.013492869262689203,0.5773996833913586
2010-07-21,0.042543390492790364,0.010869799765566835,0.5782663441225245
2010-07-22,0.04047673178923405,0.009692055931295546,0.572954136289672
2010-07-23,0.04533577219396951,0.03142425274888342,0.6171304988907618
2010-07-26,0.03850466018482125,0.05923789253695039,0.6316317454224315
2010-07-27,0.032935922912782044,0.08507382587750059,0.645287972884989
2010-07-28,0.032970640297517784,0.0951529287365634,0.6624420099881122
2010-07-29,0.03596569125268142,0.09003070693392881,0.642015853501362
2010-07-30,0.03185545795365304,0.06945936331674991,0.588149153784437
2010-08-02,0.03509837764659665,0.04514914590564947,0.5541952195027036
2010-08-03,0.03731600447476512,0.01921200872474412,0.5151228334784296
2010-08-04,0.038688705745241206,0.012058421862499842,0.49602139894784586
2010-08-05,0.031710433568102145,0.05972852814088729,0.5243186626379888
2010-08-06,0.027564880150740673,0.10142456653642166,0.5586332006070572
2010-08-09,0.021769258325059382,0.19914927079436484,0.5827342822073682
2010-08-10,0.02012532784648057,0.2514695416139882,0.6312124354983656
2010-08-11,0.05151291642015883,0.25405261795081197,0.7014110661609033
2010-08-12,0.08006056795958082,0.20659852924755956,0.7270648626799452
2010-08-13,0.10485407556024481,0.16431213681901566,0.747012306069005
2010-08-16,0.10519350771457517,0.06263537460551394,0.7116648491719428
2010-08-17,0.10775883512366054,0.009478422876095308,0.679303098302616
2010-08-18,0.0860111926583335,0.00451420898597441,0.6422000011867699
2010-08-19,0.05943026937313974,0.0029301511788227064,0.5862309116270383
2010-08-20,0.06468769012064421,0.0023265410068362595,0.588161134241393
2010-08-23,0.10541548577337079,0.002252919157783886,0.6541448917613037
2010-08-24,0.12194213474527946,0.0015878937751892877,0.6844033211522061
2010-08-25,0.13112736080316165,0.00029336900353533894,0.6939518035225726
2010-08-26,0.13677809135273505,0.00019109567427971644,0.7102986185281288
2010-08-27,0.11411292162022882,9.377878770141046e-05,0.6746076613200434
2010-08-30,0.07845434366914894,4.8206013255500375e-05,0.6269545891837186
2010-08-31,0.0632911515112401,4.594799515476098e-05,0.5974996829455098
2010-09-01,0.10166936664388278,8.44057259810634e-05,0.6122023069694358
2010-09-02,0.15593526712005032,0.00028516079757043603,0.6468381097163783
2010-09-03,0.22740180200402324,0.0008683971369293933,0.6571801176574809
2010-09-07,0.2892129781455125,0.0012804394064806289,0.6916901547474056
2010-09-08,0.33541403057581815,0.003762990087010727,0.7382574095693464
2010-09-09,0.3249243910916129,0.0064812029430427395,0.7447038011531707
2010-09-10,0.27262791606947456,0.009025494202536557,0.7242390329572093
2010-09-13,0.1990654914863759,0.016216052750141582,0.7241706224267935
2010-09-14,0.13085520553052246,0.02432329722578473,0.6836686501497415
2010-09-15,0.07659564804260649,0.038197058573602984,0.6354493519153108
2010-09-16,0.026131730617704914,0.11008398843433849,0.6054707032490132
2010-09-17,0.015588361623827329,0.20292170691951766,0.6036610094692462
2010-09-20,0.007883934496831745,0.27926335775345174,0.6011339161384659
2010-09-21,0.00615755355531169,0.38391140855947936,0.6085714735478663
2010-09-22,0.004828796817299243,0.4349468229001496,0.6210108397121509
2010-09-23,0.0034344772095339163,0.36999442711400904,0.5856857252058005
2010-09-24,0.0017843603355791261,0.30062340669656185,0.5697340525071777
2010-09-27,0.002347628614114478,0.22327888142978725,0.5401679828749574
2010-09-28,0.0028012373200550712,0.12520450538809613,0.5322887732102162
2010-09-29,0.0037866477657030537,0.06324772423424253,0.5009382516015105
2010-09-30,0.005597512816714345,0.056433039990304544,0.4947834470074076
2010-10-01,0.007709933550916764,0.03888298585200096,0.49060735403367134
2010-10-04,0.012914979054138728,0.0452918863846057,0.5235545679791092
2010-10-05,0.045833201290634826,0.10569469637463395,0.6193034754370705
2010-10-06,0.07502732920371584,0.1435895414094918,0.7249649273270061
2010-10-07,0.11934367164684061,0.19946678253753633,0.8275368868670586
2010-10-08,0.15015332306110002,0.27738658980301795,0.9144995704848666
2010-10-11,0.18574840416929794,0.3395594909259477,0.9814109660760634
2010-10-12,0.21748488163112095,0.3092963227602272,0.9535708256012198
2010-10-13,0.2533041500765371,0.3076321549971611,0.9258050612829658
2010-10-14,0.27726639019134913,0.29477938030118317,0.8949921856508538
2010-10-15,0.314395167652047,0.2516589849691854,0.8625422099310909
2010-10-18,0.3349351579069064,0.23105927028933806,0.8432148085978515
2010-10-19,0.32775773522583185,0.2571896794000268,0.8419652211664934
2010-10-20,0.31386606246208915,0.29261273673087684,0.8509128251067075
2010-10-21,0.2961331277348348,0.32006583681541656,0.8688900687391437
2010-10-22,0.27680367137702333,0.34982466926950856,0.8840594986918386
2010-10-25,0.27178666623423187,0.37445435897967977,0.8762589152868753
2010-10-26,0.2629742241249765,0.39819081102578036,0.8708425557973142
2010-10-27,0.2623288325591666,0.4077400012476625,0.863493635239083
2010-10-28,0.24305104790845772,0.4605242309428699,0.8386168554479999
2010-10-29,0.20036567964800084,0.5624598020724649,0.778261296606949
2010-11-01,0.14643411832310838,0.6723120012326252,0.6956224698658643
2010-11-02,0.09754744486549852,0.7725556962415403,0.595247035553059
2010-11-03,0.04600141127166346,0.8854335856179182,0.43966584415670235
2010-11-04,0.012614372073783913,0.9590596082607841,0.3025259273463873
2010-11-05,0.004323936724839795,0.9824141363502298,0.20552338004943546
2010-11-08,0.0013415058409976869,0.9918801663802324,0.14013295437009843
2010-11-09,0.0020309185347327,0.9932574395794639,0.09853829308197452
2010-11-10,0.0027964963957492926,0.9914747975281182,0.10431549603164818
2010-11-11,0.0034083538071165826,0.9902850754122831,0.10074117907483941
2010-11-12,0.011257263219178554,0.9759507903368544,0.13025301818777407
2010-11-15,0.022705478403869727,0.954931045118198,0.1692593918381578
2010-11-16,0.1150278516053087,0.7825552565788475,0.2677676718154426
2010-11-17,0.16277979449568328,0.6947394731599891,0.4028347261637581
2010-11-18,0.16498706807698366,0.690779463492614,0.4174271546386853
2010-11-19,0.15907757204611883,0.7023540783257894,0.39243316489623037
2010-11-22,0.14846403259099333,0.7224198394505479,0.35137125291227045
2010-11-23,0.06744802923375418,0.8748837322360016,0.304974202858153
2010-11-24,0.03607803760905152,0.9334670933095929,0.21879980399728377
2010-11-26,0.04939339240379984,0.9097733485212538,0.253607500452687
2010-11-29,0.061764820517289466,0.8869793729659765,0.29611222798600595
2010-11-30,0.12923333384402,0.7628476895323335,0.4087430633754982
2010-12-01,0.19686360709093442,0.6371483448045243,0.46723409038491387
2010-12-02,0.2501281373999649,0.537651268408387,0.5496749378748399
2010-12-03,0.2620325364092831,0.5140967568296773,0.603827930364413
2010-12-06,0.27378403762898607,0.49223684690232894,0.6432371494752237
2010-12-07,0.2221920293943213,0.5885844288961171,0.5952136434025338
2010-12-08,0.16382167453014054,0.6914510403017363,0.5547676250467342
2010-12-09,0.10489538675815073,0.7954741603789854,0.4701519401075286
2010-12-10,0.08241387757721783,0.8344697277623506,0.3966111853739759
2010-12-13,0.08204099044815483,0.8252217077159951,0.41367327015108496
2010-12-14,0.07353819776761797,0.8346673704358116,0.4444063161898216
2010-12-15,0.05311828777504353,0.8745775564207428,0.43038486163795014
2010-12-16,0.041927763209239355,0.8989601161447757,0.44718642427360855
2010-12-17,0.036638295988610854,0.9105928189885075,0.4867596950995347
2010-12-20,0.010944334644793274,0.9671556906739529,0.4453474730104531
2010-12-21,0.002567313187742603,0.9867491614083755,0.4143917519898202
2010-12-22,0.0013541014458033393,0.9922520399521823,0.4097590995694872
2010-12-23,0.000982741153587039,0.9946547696047938,0.3714930932722434
2010-12-27,0.0007393590495526909,0.9964403425955128,0.3342777469590722
2010-12-28,0.0004318029191183968,0.9979912282537337,0.31756326066961565
2010-12-29,0.0002578675503479628,0.9989457202047458,0.31389604449688235
2010-12-30,0.00016859779611584053,0.9995279233269576,0.29801554915053863
2010-12-31,0.00019818951235484413,0.9996241157727036,0.3191366755097912
2011-01-03,0.00039875938716071104,0.9995551038029552,0.3505326116021411
2011-01-04,0.0005425093974481011,0.9993759170131218,0.34138824564343995
2011-01-05,0.0006399245918294622,0.9992557130695314,0.312397444861756
2011-01-06,0.0007244859082753897,0.9991354788825045,0.2922727145579572
2011-01-07,0.0007544528832785326,0.9990610467229295,0.262044331299616
2011-01-10,0.0006280092624809145,0.9991004432637496,0.2156407890486626
2011-01-11,0.0006802408420368602,0.9989361482716221,0.19418722974373925
2011-01-12,0.0006845101132691564,0.9988961186088906,0.17275462484472465
2011-01-13,0.0007127709797745871,0.9988959691561536,0.1860875005151173
2011-01-14,0.0006880942095684105,0.9989697084594674,0.18648571015857757
2011-01-18,0.0005843894993725416,0.9991536030289649,0.19039574179908272
2011-01-19,0.00043424634711404454,0.9994588606652238,0.1878459660425276
2011-01-20,0.00045875822536393853,0.9993832653370627,0.18236301022016907
2011-01-21,0.0014273829023392715,0.9974484047942223,0.16961355406409
2011-01-24,0.0015809457288837336,0.9971046312730374,0.14344209455877457
2011-01-25,0.001748741497483661,0.9967945680855168,0.1197892332802849
2011-01-26,0.0018249898634584017,0.9966377511749714,0.1040776158691186
2011-01-27,0.001816318459816438,0.996704435161354,0.11556964886054355
2011-01-28,0.002496548915336074,0.9957561989627066,0.10216020852697225
2011-01-31,0.00398462547129773,0.9931582192403781,0.10834582065608692
2011-02-01,0.005689491910585621,0.9907322679057614,0.12440615848927947
2011-02-02,0.009018970435736424,0.985082849682718,0.14283434837175407
2011-02-03,0.012371577735576737,0.9793448756251124,0.15406119736437013
2011-02-04,0.014816037844151466,0.975136539120599,0.19647939929412409
2011-02-07,0.016980691305057367,0.9712133383590886,0.25052063895633464
2011-02-08,0.016483663826412295,0.9717623946716853,0.2841935480187092
2011-02-09,0.013822795557133918,0.9766772630182887,0.3206752964624561
2011-02-10,0.01122973010531587,0.981620375067384,0.35716938871744236
2011-02-11,0.007045289490314116,0.9888115080070436,0.2979291634407838
2011-02-14,0.0031986898668412444,0.9957199741084132,0.23544083109783495
2011-02-15,0.0018158601731908031,0.9979035439974495,0.17875100469107466
2011-02-16,0.0010258322086971882,0.9988299088397351,0.1105501689153231
2011-02-17,0.00014229578308419145,0.9998044912332282,0.03812160544078469
2011-02-18,0.00011931339170833763,0.9998270540026775,0.05109636945015363
2011-02-22,0.0009013133980191915,0.998850538469674,0.06926848726103566
2011-02-23,0.0014470999122489611,0.9982342796561863,0.06869785297511181
2011-02-24,0.0021922751788920544,0.997343667374144,0.07982093541698676
2011-02-25,0.002719270880036653,0.9968058125809385,0.10675443052530456
2011-02-28,0.0037168500760064783,0.9957527009618247,0.1469539681628734
2011-03-01,0.005384401245023433,0.9941972316552153,0.18826847115417017
2011-03-02,0.006218694073123863,0.9934301349556691,0.2650462412110707
2011-03-03,0.0065225302148580215,0.9932635699682114,0.28498390389357137
2011-03-04,0.006726659420014257,0.9930043347985983,0.268765714902458
2011-03-07,0.009952259755821969,0.9880620301795414,0.24049845271331555
2011-03-08,0.010532374753958934,0.9855357305352767,0.2606269149479231
2011-03-09,0.02254891637399274,0.9620920391120545,0.2908622995315766
2011-03-10,0.08793795487543227,0.8389222441051366,0.3893085011961082
2011-03-11,0.12757903880063665,0.7610865266055233,0.48784875067864186
2011-03-14,0.19353531908183516,0.6301064758483002,0.5837848656080636
2011-03-15,0.2771313291705223,0.4640118720567992,0.6109356563896678
2011-03-16,0.3664598574005974,0.2907473043730021,0.5872125647960318
2011-03-17,0.3879761262598563,0.23376275225346502,0.5642839605220097
2011-03-18,0.43832880541239383,0.1270091131265902,0.5550670222369125
2011-03-21,0.4641282617165833,0.07152865597699229,0.5212830123804335
2011-03-22,0.47329195756196435,0.05025049608719549,0.500074447617833
2011-03-23,0.4725059621438975,0.054395402129468653,0.504068017374332
2011-03-24,0.47579062851705256,0.060624541464863235,0.5094084328056477
2011-03-25,0.4820810652253539,0.05943583750465788,0.5057118224833136
2011-03-28,0.48474873100259364,0.06169974746866669,0.5080995522073636
2011-03-29,0.47267472291060375,0.08611602690553224,0.5344234014181722
2011-03-30,0.3844130614778508,0.24669130231950515,0.5221920640630772
2011-03-31,0.3040544204148471,0.39461515829471916,0.47652467580871904
2011-04-01,0.21635779949689987,0.5574607903803424,0.4441968821309713
2011-04-04,0.1203882482198206,0.7393268008421073,0.3784376057569336
2011-04-05,0.05052612650276909,0.872994828017523,0.3525251491240938
2011-04-06,0.04469445057436862,0.8859304594327847,0.3499540341540703
2011-04-07,0.03532723349237897,0.9062464277889323,0.3150386873797538
2011-04-08,0.03122611657597299,0.9138417853229335,0.30860367694229496
2011-04-11,0.03446958968259535,0.9037848173434451,0.33397698359213057
2011-04-12,0.026483697036717647,0.9176429627809031,0.2908330688077874
2011-04-13,0.027822785917736043,0.9099439356464833,0.30444401438218666
2011-04-14,0.04306355869253772,0.8553602648360605,0.4199548377490183
2011-04-15,0.0764584626054233,0.7646118482911833,0.5340952808151098
2011-04-18,0.12111147558240351,0.6439364613000496,0.6483350191931189
2011-04-19,0.18369546308806853,0.5233112291113727,0.7623629718925578
2011-04-20,0.178880871900119,0.5430012221307127,0.7037109039174785
2011-04-21,0.16587454674395424,0.597068506454179,0.5824966356976519
2011-04-25,0.13447591077558985,0.6900032904014438,0.44589798214262977
2011-04-26,0.09901242094470926,0.7998272721007842,0.34792747664680795
2011-04-27,0.035956879365537854,0.9303090185786186,0.22189723298785885
2011-04-28,0.040889774074632936,0.9207454467548917,0.24342074831452915
2011-04-29,0.048325188756377105,0.9063068566254143,0.2736284997342669
2011-05-02,0.050757629515549255,0.9015196304519648,0.28394043975588296
2011-05-03,0.043471254794170286,0.915494746886273,0.25518593913537874
2011-05-04,0.04875865886969523,0.905508198342222,0.26706025231514036
2011-05-05,0.043450286908967635,0.9150617436142898,0.2517450447363153
2011-05-06,0.03552847541443074,0.9297143846592031,0.22820876796041584
2011-05-09,0.028789214512129662,0.9420971870457857,0.20930376766234268
2011-05-10,0.02541155850373979,0.9475448785035644,0.21297984995196986
2011-05-11,0.01745520785073687,0.962128932150876,0.1930218790555753
2011-05-12,0.017070965350844902,0.9626823507291216,0.1936006396573825
2011-05-13,0.021935536953860163,0.9532479961607173,0.20961884309914516
2011-05-16,0.08782280406006013,0.8251977154725237,0.32305581471860634
2011-05-17,0.1348733168062759,0.7344255466639578,0.41572192338519204
2011-05-18,0.14494332483305378,0.7159552180179822,0.4460000525935571
2011-05-19,0.15249621528464125,0.702465883364091,0.46417472118964664
2011-05-20,0.1877314503439637,0.637007194757839,0.5269701231906343
2011-05-23,0.22069215749469023,0.5789420253702688,0.47581766905047684
2011-05-24,0.2729866683410855,0.4823349670456715,0.42474549334700623
2011-05-25,0.3623528320976558,0.31295993556916135,0.45717461379483754
2011-05-26,0.448608901020521,0.1478622900766316,0.5087059650291809
2011-05-27,0.49046483093000487,0.0667882007350828,0.5197205171463729
2011-05-31,0.44264734379764914,0.15326727954139902,0.5616064846030888
2011-06-01,0.439764569288864,0.15799657473866957,0.5668357321945265
2011-06-02,0.43793093930091154,0.15969103909547608,0.567591728559504
2011-06-03,0.443384009651316,0.1468764002729029,0.5411669807090763
2011-06-06,0.46009914166088955,0.11023317871588315,0.4961387107312607
2011-06-07,0.5084619047384539,0.01671777850958591,0.44066330468875553
2011-06-08,0.5092600338242942,0.009540046833195126,0.42965788739240346
2011-06-09,0.5102537560446969,0.002155108175422324,0.41972368861622555
2011-06-10,0.5061951344569867,0.0015772565502476822,0.4249677540608358
2011-06-13,0.5020713443163973,0.0013781367102136508,0.43696556607340736
2011-06-14,0.500431306768782,0.0013154528638191696,0.4422797546477759
2011-06-15,0.49339216788558804,0.0011163904669576833,0.46079430863669224
2011-06-16,0.4856332112525976,0.0008670320773204024,0.4840680641922643
2011-06-17,0.46984228839519904,0.000944306511790418,0.5310370052107162
2011-06-20,0.4636457870767809,0.0009878435813269872,0.5534823589186291
2011-06-21,0.46131885078075985,0.0007147429786324584,0.5470407504318787
2011-06-22,0.46099530625015667,0.0006575374573859654,0.5283573705541512
2011-06-23,0.4621042071431097,0.0006417549558206187,0.5012691573367658
2011-06-24,0.4720639598246114,0.0005307303772263114,0.4537425242790353
2011-06-27,0.4764374706097608,0.00046638398194111545,0.41993387678727184
2011-06-28,0.4773265848555776,0.0005438319219514534,0.4184174726195623
2011-06-29,0.4830634181348562,0.001623719484344386,0.42142498819279056
2011-06-30,0.4881152261731442,0.003957595954195472,0.4272185379996237
2011-07-01,0.4925495823091162,0.010715983827651654,0.43900619952866354
2011-07-05,0.48995351354717565,0.022738969304247125,0.4672971144995154
2011-07-06,0.4738947072387383,0.049209857181400106,0.5230489663334893
2011-07-07,0.4397083513848815,0.09349408953720695,0.5931899873513666
2011-07-08,0.40694310452627447,0.13387842286831506,0.6665307860385928
2011-07-11,0.3791471150210612,0.15601600258078344,0.7252701566755161
2011-07-12,0.34093670456457975,0.17185074538337025,0.7913359605747782
2011-07-13,0.2998228142610934,0.18681015851868887,0.8378756623818584
2011-07-14,0.30628431839622294,0.15371989219251728,0.8300559271995784
2011-07-15,0.2811478069591313,0.14416943184217362,0.8553352594759754
2011-07-18,0.23505352715773453,0.1423165374513296,0.8713945381395423
2011-07-19,0.2189753052222855,0.15779554800733026,0.8898145127478918
2011-07-20,0.23140567561003061,0.1570344890719697,0.8984913258351405
2011-07-21,0.238372406857628,0.17126268592405514,0.8918657193923799
2011-07-22,0.26277106497146946,0.19108425095077886,0.875113123660903
2011-07-25,0.2914146719542706,0.22212891116570868,0.8780849383118742
2011-07-26,0.2709664337871915,0.2614382276828958,0.8636187526116983
2011-07-27,0.29907005904678197,0.23132256409734056,0.8048870174161162
2011-07-28,0.3069285083001467,0.21393887139336504,0.7813384305426594
2011-07-29,0.33221023628630086,0.1706617326922289,0.7237587806713807
2011-08-01,0.3756000975535509,0.11779139251515477,0.649208764375816
2011-08-02,0.43907576412268534,0.03854546812981713,0.6038368226242923
2011-08-03,0.4466675183003125,0.03120598027167314,0.5881287680323201
2011-08-04,0.4212665812848898,0.02210464596325677,0.6323756493276589
2011-08-05,0.3538561006462105,0.012351588825475185,0.6638335195436091
2011-08-08,0.2971405291295552,0.00708866373991429,0.6793077984031738
2011-08-09,0.405315500614822,0.003601553574911348,0.5726319540936271
2011-08-10,0.5018653327909202,0.00017201960729280869,0.48747175876348203
2011-08-11,0.6391273621894382,7.57394082687414e-05,0.3265591307236013
2011-08-12,0.814434674998408,2.867769296480394e-08,0.18435590093457663
2011-08-15,0.9752022971530107,2.4659031017834275e-08,0.06868466115989633
2011-08-16,0.9841099067099546,4.496865405925582e-10,0.043530684448601205
2011-08-17,0.9959641367251733,4.584728270580516e-10,0.016375808511194946
2011-08-18,0.9886377161266419,3.9493872284488926e-10,0.03501132144042589
2011-08-19,0.9800687564105106,3.020340142986067e-10,0.056800071023358246
2011-08-22,0.8767171086404701,2.2453649462818395e-10,0.17227585916388305
2011-08-23,0.7305871845107567,1.1224139657173139e-10,0.2903541059533854
2011-08-24,0.5510283529637762,1.5967853637675278e-11,0.39004207102643446
2011-08-25,0.369716094681102,6.245453925428949e-11,0.46373846151715714
2011-08-26,0.1925144799526078,9.474880537064133e-11,0.5393778876390023
2011-08-29,0.11520663490363496,1.0324987826094652e-10,0.5271829575212044
2011-08-30,0.08213051339426561,1.100206948599206e-10,0.5118321977138456
2011-08-31,0.08788668246638275,2.319746844306143e-10,0.5165364710763491
2011-09-01,0.08467452108598912,6.414360572685665e-10,0.5121817670109738
2011-09-02,0.07781364083635893,1.3168037941607214e-08,0.5036488321536018
2011-09-06,0.06650074242909855,2.738190923437313e-08,0.49117714446748073
2011-09-07,0.05335834558422533,1.30341790150953e-06,0.4767302161819513
2011-09-08,0.030014415798950693,2.5431698070495944e-05,0.448871454927406
2011-09-09,0.02565093848863862,2.8344406427625267e-05,0.44183255837050306
2011-09-12,0.019590961851850684,0.00015076307453448773,0.4309804696301181
2011-09-13,0.012449802306249078,0.0008219842354799543,0.4199710618947005
2011-09-14,0.00608290232178088,0.0028041535360780264,0.41335858057743097
2011-09-15,0.005255777667740302,0.0049125612041316475,0.41695262756837276
2011-09-16,0.0030917703927816585,0.00751830815801922,0.4187547867521121
2011-09-19,0.0031920882750558722,0.010393921428717342,0.4259709718859412
2011-09-20,0.004178757866889352,0.010362822190505733,0.428364732406354
2011-09-21,0.004803461418256632,0.008694105185592174,0.42557482422710285
2011-09-22,0.004844172642726803,0.006633714120923169,0.4202005784149483
2011-09-23,0.0045972139552870675,0.004457667469426973,0.4143249156607204
2011-09-26,0.004344366222157854,0.0020128393044820557,0.40803905322520045
2011-09-27,0.003201375606453891,0.005127850582639556,0.41221776788788367
2011-09-28,0.0029484538620624962,0.0073446687527179534,0.42014184623937006
2011-09-29,0.0029588747393160557,0.008447169120795489,0.4257411713198305
2011-09-30,0.0028618884260140087,0.008069680130338885,0.42463297733322375
2011-10-03,0.002724102424919985,0.007517595926092321,0.4224036715231742
2011-10-04,0.0030367547824669858,0.0037668845057045167,0.41411307612080883
2011-10-05,0.0031144343011227905,0.0013011064396014676,0.405093291918052
2011-10-06,0.0030745167334783456,0.0011695074700819106,0.4039084113358974
2011-10-07,0.003325464319225127,0.0016816636999280072,0.4070005719596388
2011-10-10,0.004213192806206042,0.0038429894867684695,0.4154779399604749
2011-10-11,0.0048408748486044526,0.00876817106075429,0.4296137342922364
2011-10-12,0.0050464200266153334,0.016064670516759878,0.44737618778183474
2011-10-13,0.006043950209540458,0.027417859108348243,0.47161974660041783
2011-10-14,0.006114257909550692,0.04409940846481711,0.4975771025884831
2011-10-17,0.005141889493769636,0.06292887575783408,0.5199027060886467
2011-10-18,0.00409419313061083,0.07568850236330478,0.532059085510886
2011-10-19,0.003186169089466009,0.07865264541552253,0.5313294045979223
2011-10-20,0.001808675766430583,0.07959286911000962,0.5239580528326041
2011-10-21,0.0013923580838238567,0.08418776127742175,0.5240338796288718
2011-10-24,0.001168592498794549,0.10652322905665912,0.533902675852724
2011-10-25,0.0011178757997683103,0.11566056999373853,0.5400848731311736
2011-10-26,0.0010979102428931129,0.13400909906032862,0.55602681108418
2011-10-27,0.0011688943066739052,0.13102108159194206,0.5522780776087213
2011-10-28,0.0012974695398033083,0.12020495373389473,0.5420156707792663
2011-10-31,0.0016881532982863927,0.08512644406949518,0.5174275923428394
2011-11-01,0.003056522226156373,0.05890148693641182,0.48906899915492835
2011-11-02,0.0038252910024300793,0.03330213838402379,0.46328851170144353
2011-11-03,0.004733787063379768,0.03384794611993567,0.46698215355343314
2011-11-04,0.006181297124315286,0.036855681418087996,0.47865002129283923
2011-11-07,0.006539536009119579,0.04442005037678391,0.4900047698228172
2011-11-08,0.013937440177252269,0.09307231110165219,0.5602249717125204
2011-11-09,0.019442243905817048,0.09691900443334485,0.5928739010355996
2011-11-10,0.022284792312193845,0.09780900477844069,0.6101534984158817
2011-11-11,0.035158343055187724,0.09250509515245675,0.6442525180552943
2011-11-14,0.04887358135364065,0.08466399602369075,0.6796221194159596
2011-11-15,0.04677221280330194,0.05321681332469338,0.6595444369507468
2011-11-16,0.04933810767950058,0.0544897567914455,0.6680317991918635
2011-11-17,0.05043149028891584,0.047298108994287824,0.661954274606843
2011-11-18,0.042227307430477895,0.04197191109779378,0.6327310520960905
2011-11-21,0.03179763271297882,0.034753786329645264,0.591350874977173
2011-11-22,0.029216449774751928,0.01796348750416848,0.558366145628759
2011-11-23,0.020952736907838086,0.0100086420894601,0.5125565912015678
2011-11-25,0.016311503780097363,0.005517929742437913,0.48123879511975315
2011-11-28,0.01103806604975779,0.002663428524368197,0.4528255332231595
2011-11-29,0.00881800473771458,0.0022986395202279513,0.44189088347965716
2011-11-30,0.013825930477445436,0.0020624792797725145,0.45770948806715495
2011-12-01,0.04058034395619496,0.005411807668159388,0.5327258133234304
2011-12-02,0.05891819589576395,0.009464694877566262,0.5979460623881968
2011-12-05,0.08460389876950099,0.013192220764976576,0.6683334527310089
2011-12-06,0.10012645768278423,0.01922528866193906,0.7257214615059517
2011-12-07,0.1081397651496325,0.023907461171703757,0.7538607491047294
2011-12-08,0.08897513817926031,0.023974335498702277,0.7169465693193494
2011-12-09,0.1031370237209763,0.0421683847361176,0.7472549840949396
2011-12-12,0.08654000937077935,0.056210057071967065,0.7345596684845714
2011-12-13,0.089033836158171,0.06318271294310353,0.7450307194801875
2011-12-14,0.07389201903540463,0.07427335248291507,0.7158238136804297
2011-12-15,0.0673346990766471,0.08600528486952554,0.7072551284259736
2011-12-16,0.03840685029185594,0.08482613740493718,0.6582343894198035
2011-12-19,0.030512590198810426,0.07863733433254363,0.6259806792442328
2011-12-20,0.016309802849003043,0.08570226076545213,0.6020529454721327
2011-12-21,0.016579544690968784,0.07526786964525259,0.5904554226116978
2011-12-22,0.018650063175223386,0.076683997603609,0.6009842257709537
2011-12-23,0.015534319296744226,0.07044434607019259,0.5799075421169273
2011-12-27,0.01382868881187541,0.0688468003639774,0.5674007068034965
2011-12-28,0.01623963770042759,0.06150003903510319,0.5669923367738117
2011-12-29,0.01687722216654207,0.0744174433709803,0.5845016409809195
2011-12-30,0.05323093237613434,0.07024108491817713,0.6318128484416249
2012-01-03,0.10266113868585373,0.08386721583174557,0.7020328047620448
2012-01-04,0.1421242930484466,0.11800106864505555,0.7823285026396549
2012-01-05,0.153171557577188,0.21757201024179523,0.7938602861720501
2012-01-06,0.15772659159198466,0.3574674597072692,0.7609671152336646
2012-01-09,0.1286110056081479,0.4892847537789488,0.6994951715289863
2012-01-10,0.08848914873483642,0.6071259220932654,0.634151128747637
2012-01-11,0.06642864764402297,0.7020252575116374,0.5818893802297311
2012-01-12,0.054502046859510364,0.7596657672903099,0.5322774261384281
2012-01-13,0.055446363997483664,0.7597604363797809,0.5556648231947265
2012-01-17,0.04857885820856775,0.7767397286534342,0.5737872512326743
2012-01-18,0.039443314710806726,0.8059219121523243,0.5340581799860775
2012-01-19,0.02248943950988497,0.8391826063385659,0.48583546176550013
2012-01-20,0.015976575227621755,0.8222958812903679,0.4915163657906162
2012-01-23,0.01651512543965251,0.8352296407004406,0.5086449030580533
2012-01-24,0.01895483225645292,0.8375569444827631,0.513436797507272
2012-01-25,0.02575728751977415,0.8137596567577237,0.5921178756315262
2012-01-26,0.03046171245541616,0.8210846499751385,0.5952952464087079
2012-01-27,0.037498172976798236,0.8440785909983013,0.587904631095903
2012-01-30,0.034510574012557055,0.84193305071759,0.5607161456802551
2012-01-31,0.03295511607100833,0.8599625256479746,0.5017509767648727
2012-02-01,0.02586391606081659,0.9015518741911821,0.39127230631176857
2012-02-02,0.02222818235579851,0.9150639109173966,0.33949642177489225
2012-02-03,0.014537944733552877,0.9379312137555083,0.25833182819311545
2012-02-06,0.008550623578739801,0.9676685000222234,0.16571784437072642
2012-02-07,0.0033938400402990015,0.9858527111460091,0.1094293467846752
2012-02-08,0.0025576476978360343,0.992304099377108,0.07923681856258535
2012-02-09,0.0003496275731393718,0.9986031460900362,0.06774631651307465
2012-02-10,0.0002478478254216344,0.9991416999240214,0.0647604672149398
2012-02-13,0.00016404805496946932,0.9994005478460195,0.06678014294641028
2012-02-14,0.00023873060202625566,0.9990436142656053,0.061776910631606397
2012-02-15,0.00033407454491258886,0.9989024451283915,0.06095826654431848
2012-02-16,0.00041749538192294817,0.9987210988471198,0.054206032655000756
2012-02-17,0.0003931076228985038,0.9988525235061475,0.07116918908552246
2012-02-21,0.0003790968103190756,0.9990011602910285,0.10709866943237198
2012-02-22,0.00032071534024360153,0.9993560360838355,0.12988034341071
2012-02-23,0.00023326007381294257,0.9996012048577532,0.13886840953098795
2012-02-24,0.00020595663319444282,0.999683822764079,0.1424074406666955
2012-02-27,0.00021730073509404444,0.9996653811757421,0.13685009677046017
2012-02-28,0.00023966138123152433,0.9996120989718932,0.10432095552343942
2012-02-29,0.0004032464618234573,0.9992763973150194,0.07851177528699184
2012-03-01,0.0005347678726248119,0.9989982958154547,0.07314656019040804
2012-03-02,0.000599379718367828,0.9988208347932511,0.06913742855441674
2012-03-05,0.0008049341085336097,0.9983869958714884,0.0596123419148511
2012-03-06,0.0014195705025335848,0.9971674954263205,0.06951546518932183
2012-03-07,0.0014419812276420798,0.9971211155157247,0.07468528307323573
2012-03-08,0.0020107851344708747,0.9960377481104254,0.08123705382304054
2012-03-09,0.0027204051556917073,0.9947137896515839,0.09656694189273547
2012-03-12,0.0028856964771356826,0.9944528155959735,0.12430429451822403
2012-03-13,0.0024409218884211877,0.9954520634687727,0.11971481300193736
2012-03-14,0.0025449252901146844,0.9953528366742658,0.12515700145261094
2012-03-15,0.0023089166866656157,0.9959141603126414,0.12472804278920513
2012-03-16,0.002208303216607847,0.9962702641627923,0.11161785354665968
2012-03-19,0.0028143383373664395,0.9952056721457538,0.08949762017738347
2012-03-20,0.002981336955064453,0.9947636237763648,0.08472173653392376
2012-03-21,0.0030512924486732125,0.9945434379085926,0.08111276605032336
2012-03-22,0.002670848007186079,0.9951993895946843,0.07570081691359856
2012-03-23,0.001988867441558607,0.9963970520317307,0.08677142271170421
2012-03-26,0.0011518053761438987,0.9980198300095067,0.09749459882024569
2012-03-27,0.0008203804103466296,0.9986909865558091,0.11781667701922309
2012-03-28,0.0005190859781696175,0.999275916696017,0.12266886574938618
2012-03-29,0.0004671705559319634,0.9993949016513541,0.1275704951062901
2012-03-30,0.00047775160232154453,0.999382433726183,0.12755877863481352
2012-04-02,0.0004976544409233078,0.9993730547994316,0.17264043190633965
2012-04-03,0.0007256411051168834,0.9991645127809266,0.21493124480714676
2012-04-04,0.0009965047065306986,0.9989542232015163,0.2269940351884982
2012-04-05,0.0011043333795312628,0.9988664534264107,0.22235114039624126
2012-04-09,0.0012350643201134398,0.9987068038647475,0.2046468263919566
2012-04-10,0.005293677233812944,0.9917550297047519,0.2244000285364606
2012-04-11,0.010088438240622086,0.9828837044038616,0.19258629126858934
2012-04-12,0.010998700134882808,0.9810125597713236,0.17256495729119395
2012-04-13,0.03348437039695842,0.9408471304589764,0.2421505080093634
2012-04-16,0.135857245073607,0.755380533867944,0.3449146057083211
2012-04-17,0.15767872996261204,0.7159957942491049,0.33556306848413936
2012-04-18,0.17650397908109386,0.682634996264819,0.3700659325602095
2012-04-19,0.2706588955313861,0.5102250578641766,0.4741985670722725
2012-04-20,0.3456320409262461,0.3727153806745559,0.5100397471767456
2012-04-23,0.35053271779840595,0.362291241377533,0.4919113056658765
2012-04-24,0.43084000574134274,0.21092971570212166,0.49458901023612034
2012-04-25,0.5030300997886143,0.07738620348441098,0.5306620156819093
2012-04-26,0.4902639789782889,0.10034526958448357,0.5514387917915153
2012-04-27,0.4692513701380099,0.13411767303139258,0.5788921280104035
2012-04-30,0.45652001247867513,0.15094070699170953,0.6014518915416425
2012-05-01,0.4380067400382227,0.17613430707826952,0.6396320623324117
2012-05-02,0.4151022134523565,0.20466194939810672,0.6660747062995164
2012-05-03,0.3884635184445093,0.24095791192260996,0.6659944712812258
2012-05-04,0.416016640399968,0.18771625991549554,0.6064628690219881
2012-05-07,0.4254197020520981,0.16856509138396641,0.5756484020814099
2012-05-08,0.44245764990026937,0.14252841055841042,0.5348724729473281
2012-05-09,0.46386348541726485,0.10117805267454741,0.4938594377705325
2012-05-10,0.5017376939966027,0.027063948993339977,0.46249678940719197
2012-05-11,0.4693502542076808,0.07265695503903717,0.5051695657546811
2012-05-14,0.45730654702709617,0.08625579835763417,0.5296962338393515
2012-05-15,0.4502759126630075,0.09104764679469764,0.5475411960479845
2012-05-16,0.455436639559616,0.08403074281039243,0.5475877025618507
2012-05-17,0.46315159998387373,0.07379408554657643,0.5422740992156592
2012-05-18,0.47686868392191445,0.025899774365250806,0.5511532830687658
2012-05-21,0.48781173943445844,0.011810929993456407,0.5260695285455748
2012-05-22,0.4933882332067089,0.006979670018242394,0.5094611407009955
2012-05-23,0.49631028665006005,0.006526061391241912,0.49790118106728565
2012-05-24,0.5015353956525666,0.007057883272969132,0.4834870584033343
2012-05-25,0.522949501628873,0.009336651108162196,0.4432380742418881
2012-05-29,0.5168898871154287,0.028022087580146827,0.48175774120701664
2012-05-30,0.520532001159118,0.027450521671911816,0.4834945708849543
2012-05-31,0.5253280209065008,0.024365593264667862,0.48016758383525576
2012-06-01,0.5241358494396493,0.02358040213310979,0.4818146547469474
2012-06-04,0.5216637717008018,0.0209466821910525,0.46728721721843824
2012-06-05,0.5281307321273307,0.0013552235323452456,0.4349712738492319
2012-06-06,0.5237599695675165,0.0012393580878155212,0.431397647030218
2012-06-07,0.5193448520403614,0.0009985035348802549,0.4258890046424992
2012-06-08,0.516274750820115,0.0019242560439904576,0.4209949367389337
2012-06-11,0.5151104579074322,0.0020925017495045293,0.419619098038363
2012-06-12,0.5136066718009036,0.0024821920357824025,0.4126111189800924
2012-06-13,0.5129500378169803,0.0024023983063377187,0.414337879431803
2012-06-14,0.5121901793333247,0.003297630979763877,0.4192936362491883
2012-06-15,0.46625943015233806,0.08243657776184472,0.46827561176301663
2012-06-18,0.3843058934158159,0.24353163223673016,0.4662993834581114
2012-06-19,0.29434035531984754,0.4268815013514932,0.42558760830540754
2012-06-20,0.20029601731738866,0.6108233004621828,0.38145507648861476
2012-06-21,0.19559489502236155,0.6184985870958574,0.4033658792466774
2012-06-22,0.21662578565410956,0.5869050947451735,0.4033714043718046
2012-06-25,0.29273092119901295,0.4323570564845042,0.4340440207167453
2012-06-26,0.37228626440575513,0.2626946536646933,0.516822703499162
2012-06-27,0.45599851532170926,0.09176007667083061,0.5885018581933517
2012-06-28,0.45545593486727054,0.08953585239296583,0.587560224477788
2012-06-29,0.44790942282479057,0.10763194102394787,0.5954120219517636
2012-07-02,0.42912874275747664,0.21243840852607035,0.5955027975851388
2012-07-03,0.39884556383631353,0.3177644204072942,0.5943676123922643
2012-07-05,0.3727968400185131,0.40892986699279466,0.6211505317926076
2012-07-06,0.360059586137912,0.43177857373546374,0.6406505817453707
2012-07-09,0.3736604111288255,0.39419580353537537,0.6332826903044598
2012-07-10,0.38189624212931395,0.29916690692438397,0.6449136688539763
2012-07-11,0.4052919485306646,0.1909560642154094,0.6691260240540317
2012-07-12,0.43438290722091644,0.08813014214406645,0.6389528800814246
2012-07-13,0.4385809763868518,0.06989939024791489,0.6422657696550805
2012-07-16,0.38263001180279854,0.09477174556355185,0.6887696398494343
2012-07-17,0.3380510386043942,0.1305259518569139,0.7441346985877457
2012-07-18,0.2994300463287937,0.18601419381619486,0.7627835731656478
2012-07-19,0.25701913075711996,0.25306809146955783,0.8087831092629925
2012-07-20,0.23685278509585092,0.275009314846784,0.8313789785977554
2012-07-23,0.2826555781782817,0.23202152456655978,0.8049302477861394
2012-07-24,0.32314965224388137,0.18428853487848526,0.7614392691023616
2012-07-25,0.32850296259811923,0.1190395675586936,0.7586343274596014
2012-07-26,0.3483969369998955,0.05666873898135562,0.7580559268252735
2012-07-27,0.3528003712551409,0.05459863590707796,0.7538765732784379
2012-07-30,0.3407515393707131,0.08248536584090567,0.769997140329564
2012-07-31,0.3571409433321392,0.08252126184705057,0.7318915063983258
2012-08-01,0.4036992521951415,0.08516986126728708,0.6687346977815739
2012-08-02,0.42973725632886345,0.08221493641180058,0.616489481691887
2012-08-03,0.44987359450183406,0.06218781549869954,0.5801588610041197
2012-08-06,0.46486464063644545,0.059208284242612944,0.5601058735473105
2012-08-07,0.4176721416803348,0.13392305845189822,0.6389043285391331
2012-08-08,0.35854434564374343,0.22352951613297592,0.7222730133442713
2012-08-09,0.28797330304777624,0.3267765174948024,0.8065705240763362
2012-08-10,0.2016495679878557,0.45825162581384793,0.8416582980327263
2012-08-13,0.13739758787281245,0.5777497036569023,0.8462742782956247
2012-08-14,0.09695216079652039,0.6523320364746509,0.8264361796594366
2012-08-15,0.06782573285381108,0.7256944888619465,0.778383959062548
2012-08-16,0.054928847913355026,0.7765831028607936,0.7414462063950935
2012-08-17,0.05344691147237253,0.8175244418267198,0.7075911353133866
2012-08-20,0.04381157089363973,0.8528647509566728,0.6446194576708313
2012-08-21,0.03362191282719214,0.8928237351987865,0.5488754679760098
2012-08-22,0.025259944029412184,0.9163945587174702,0.48535317829868135
2012-08-23,0.0132648632991295,0.9329516545093652,0.4407521985795412
2012-08-24,0.011964654706507264,0.935274083390593,0.39906975636259234
2012-08-27,0.023565862747214512,0.9146765881816616,0.3890133887814395
2012-08-28,0.034566526394473204,0.8947250267329316,0.4029124381695198
2012-08-29,0.04917081001064094,0.870236472667106,0.4177437275055492
2012-08-30,0.0570892742805459,0.8725740466309754,0.38059465808230275
2012-08-31,0.061603786220480815,0.8682148654761974,0.36740742149728983
2012-09-04,0.06119235584267803,0.8709225535069741,0.35321880656415294
2012-09-05,0.0709890304256442,0.8539594562197624,0.3678186519445804
2012-09-06,0.10539012306336297,0.7899258056543313,0.41259215999798576
2012-09-07,0.1370130637899694,0.7304225928181381,0.4707945384110763
2012-09-10,0.17118792844205016,0.666101670836111,0.53024814588054
2012-09-11,0.21608574097902938,0.5766446424910251,0.5989881229039593
2012-09-12,0.25446102374798724,0.49953511515180055,0.6465893265279271
2012-09-13,0.29149476931410934,0.4243219877854866,0.6402748938872257
2012-09-14,0.3232034538406929,0.36006897737630555,0.6577508713549998
2012-09-17,0.36882982141663245,0.2697226525065467,0.6635999714601521
2012-09-18,0.40010455699814607,0.20982717281124988,0.6498693821540399
2012-09-19,0.4304696683541943,0.15186220597710912,0.632699085196955
2012-09-20,0.40199132571951746,0.20690647820825775,0.6596272821863407
2012-09-21,0.39035516196307507,0.22937932251091026,0.670444993465536
2012-09-24,0.3349507893067253,0.3351805547124681,0.679685854131499
2012-09-25,0.32030301666269895,0.35844673104216407,0.7034221611180503
2012-09-26,0.31943615191448266,0.35255950450847146,0.7113102872144234
2012-09-27,0.33457906455464625,0.32148577947234025,0.7036995052393242
2012-09-28,0.35257244930682374,0.2817974004175789,0.6962196229684172
2012-10-01,0.4007014701301957,0.17837587362530355,0.7084858012781001
2012-10-02,0.40436221856818494,0.16895161670562234,0.7083793348832111
2012-10-03,0.38591580350659926,0.20967819758589235,0.7236759069813172
2012-10-04,0.38641743068382883,0.2087169224638304,0.7194158684977596
2012-10-05,0.38628212534308115,0.2155228490049522,0.7044351205651203
2012-10-08,0.39541505509012775,0.2110944573214606,0.6780294313513482
2012-10-09,0.415404845997172,0.17497645829057087,0.6269114921110843
2012-10-10,0.43907725176216933,0.11912073824453095,0.5877115985532042
2012-10-11,0.46014724736755974,0.0715346632586242,0.5640007267922347
2012-10-12,0.47822227732058786,0.031225529090903887,0.5459315102128999
2012-10-15,0.4851781418718547,0.008530928679820454,0.5381421970544866
2012-10-16,0.4824780420609184,0.017578353634530183,0.551469060963256
2012-10-17,0.4837221517777566,0.02856118812860537,0.5583198513300054
2012-10-18,0.4889010677626069,0.027835235389041885,0.5356902704690312
2012-10-19,0.48930878613275935,0.02591912929630554,0.5115534813445606
2012-10-22,0.4914593853678948,0.023950091594187435,0.482855128298763
2012-10-23,0.48826289610177015,0.013908692729938105,0.4734390858482813
2012-10-24,0.48047161218413625,0.0021700619781349468,0.4660536259670291
2012-10-25,0.46494332878919564,0.0005093014346898613,0.4783377122196537
2012-10-26,0.45575834195603254,0.000386283757898711,0.4871926847234486
2012-10-31,0.44225307165272165,0.00029228783772960337,0.5108079386253408
2012-11-01,0.4403985715482219,0.0003025936737833489,0.50628240400445
2012-11-02,0.44279689903894665,0.0002978885993121946,0.5000097535250798
2012-11-05,0.4559423545360451,0.00032933527414838383,0.47727407372519526
2012-11-06,0.4628642135940894,0.0014447341002246281,0.4916225171452389
2012-11-07,0.4714736231485389,0.001471779618498046,0.49019144488912947
2012-11-08,0.46750424885738145,0.001361913075552185,0.5190692799180366
2012-11-09,0.4659223079079541,0.0013171145819665911,0.5326124654262878
2012-11-12,0.45607135102697677,0.0012427096654416853,0.5603894567284562
2012-11-13,0.44869193866064927,8.331453204358331e-05,0.5636921026885667
2012-11-14,0.44175754271079165,3.134640975790541e-05,0.595171545007581
2012-11-15,0.42108164794309333,2.3996395778195443e-05,0.6319620686533227
2012-11-16,0.4265564475269453,1.8450251296713e-05,0.64276375036682
2012-11-19,0.44004447299308,2.8538671074631997e-05,0.6130901191320702
2012-11-20,0.4481575154528114,3.663395666574845e-05,0.5826851983661411
2012-11-21,0.4555768032862206,7.982564429888343e-05,0.5482126944821266
2012-11-23,0.48637024390694295,0.00048462583001128277,0.4858361760022376
2012-11-26,0.48852884679739583,0.0012482608071237406,0.46428406670970246
2012-11-27,0.4827190446176921,0.0017925955617731457,0.4835308754200387
2012-11-28,0.477828230500983,0.0033163223851204833,0.5097619688963033
2012-11-29,0.468046422442063,0.011512528721871657,0.5412888876155233
2012-11-30,0.44998864477598205,0.020663279654595405,0.589938417420246
2012-12-03,0.4496583941026174,0.026476035245081637,0.5976317948031125
2012-12-04,0.4179661168942624,0.05065733076897283,0.6645069865033656
2012-12-05,0.41407344444510075,0.052242505440462536,0.6815922024765987
2012-12-06,0.4138236970058845,0.04743074615798552,0.6821528624844871
2012-12-07,0.3738854123394038,0.03947624969207856,0.6957190983184455
2012-12-10,0.2873461086237096,0.03339154350117089,0.7063822895758942
2012-12-11,0.2647697065829947,0.014695250710819873,0.7102706504292768
2012-12-12,0.20394032507024012,0.014893709598802363,0.7366144095667486
2012-12-13,0.13822347582156413,0.012696519577189088,0.739612404204437
2012-12-14,0.11126159805693472,0.011194626528143159,0.6905076201809691
2012-12-17,0.12501726746504388,0.01104605532799829,0.695228962309997
2012-12-18,0.1287906368137651,0.007695739121064624,0.6750046136509942
2012-12-19,0.15042383621134395,0.0054994963003765895,0.6889700025326668
2012-12-20,0.1793039601098026,0.0054016076428579345,0.7193108354334854
2012-12-21,0.2462898495599534,0.005996526279177565,0.7658448730088449
2012-12-24,0.3097036193700665,0.005850574769304822,0.771648039690774
2012-12-26,0.35750005593849987,0.0032978450494140104,0.7373037267241029
2012-12-27,0.395246893385101,0.0022849374040938295,0.6999574178235337
2012-12-28,0.4307279000617655,0.0011790488278147987,0.6679786906778263
2012-12-31,0.45209921106977563,0.0007399423693570698,0.5986670539052483
2013-01-02,0.46324717144470406,0.0023369145768402416,0.559437897579239
2013-01-03,0.4667720321681517,0.0038312133954874943,0.5316600118458588
2013-01-04,0.4747711812420092,0.0050449726887663625,0.4917206660788178
2013-01-07,0.48442340281730434,0.006928401797354039,0.458236046967669
2013-01-08,0.47980791207329415,0.008206298899184176,0.4634693467318921
2013-01-09,0.47695270743575036,0.009128537940761688,0.4738446575185713
2013-01-10,0.4763102827757141,0.013564118249156718,0.4856872569550779
2013-01-11,0.48099969993314684,0.016878562671904462,0.48780761431368724
2013-01-14,0.4874407297518847,0.020183072986327922,0.48005089436339465
2013-01-15,0.48471066425985543,0.024993398509532035,0.49705384717354734
2013-01-16,0.3957529482786677,0.15759910929073617,0.513348855704131
2013-01-17,0.31082388914803905,0.29654772656023337,0.5209108031353705
2013-01-18,0.23863393009949152,0.40805930691764447,0.5668701543870804
2013-01-22,0.16569462660150566,0.5174758721976096,0.6149806146706096
2013-01-23,0.09404351887191029,0.6423792786240323,0.6398017939002647
2013-01-24,0.14325160714263924,0.5505604694145874,0.6965589648906124
2013-01-25,0.17816685760060297,0.47387232191583706,0.7553639161726304
2013-01-28,0.18697586869806332,0.43982480354191533,0.7826733627840713
2013-01-29,0.19383059846923753,0.39689414017472424,0.8137501860958496
2013-01-30,0.19065133293673017,0.30442638235065017,0.8470892919524295
2013-01-31,0.19939402770370768,0.2816766749686459,0.8436486483282726
2013-02-01,0.246658106143364,0.23236850012586285,0.8015184772431324
2013-02-04,0.3108543624215418,0.15086162916057616,0.7312650394036831
2013-02-05,0.37537477762655597,0.08828531032791417,0.6593340764767154
2013-02-06,0.4545427541746845,0.05179460176644922,0.5852208588413339
2013-02-07,0.4858606927499398,0.03445478391945597,0.5217096666183797
2013-02-08,0.4766321552485081,0.04449721896713362,0.5238688717243382
2013-02-11,0.4609940670030651,0.073962339878205,0.553215621675737
2013-02-12,0.45601443459284113,0.0769719831042077,0.5624653910770999
2013-02-13,0.4450800758431949,0.09835693420446392,0.5911886034101175
2013-02-14,0.4357631479621743,0.11597505600199956,0.6092237677975281
2013-02-15,0.44272984471745147,0.09905446881007188,0.5961985099894426
2013-02-19,0.41873217342095287,0.1448717518702495,0.6225722290748473
2013-02-20,0.4119216041184447,0.1403158862182646,0.6470982301666376
2013-02-21,0.40623836578583444,0.11937486036420517,0.6618468284443644
2013-02-22,0.4092078640406081,0.10207777750868292,0.6589602023439649
2013-02-25,0.3960011262877858,0.09165102235002795,0.6814811621871146
2013-02-26,0.41775284731486356,0.017646441214721444,0.6586947769590852
2013-02-27,0.42400816869181374,0.012938855175410536,0.6314769239267853
2013-02-28,0.4325386539244014,0.012730707045061402,0.6084756464336054
2013-03-01,0.43248609038886404,0.012724631255932015,0.602495103532042
2013-03-04,0.4432921464348543,0.017886365231407953,0.5825111646495865
2013-03-05,0.4487852417901729,0.03529415821214658,0.5709366333119986
2013-03-06,0.42751160086545237,0.0838759987765949,0.6069115306205572
2013-03-07,0.4030697173486815,0.1484980306934164,0.6400363406321701
2013-03-08,0.3715509976349777,0.2257147078617983,0.6737982053783347
2013-03-11,0.31178456702315754,0.3578399089721871,0.6865338351022034
2013-03-12,0.2758376196743745,0.4305645255500978,0.7297562552089486
2013-03-13,0.25230693962473155,0.48089235147014764,0.7458656207532087
2013-03-14,0.22300577836610724,0.5400774575346492,0.7388895239451159
2013-03-15,0.20925581393323597,0.5686989241266148,0.7399827806250321
2013-03-18,0.2319711696813978,0.5233075736232661,0.7663057231130332
2013-03-19,0.19662622172235433,0.5968838873990261,0.7344597989458921
2013-03-20,0.17079141394902533,0.6511173333141653,0.7116410076175889
2013-03-21,0.1993949989651435,0.5805147241397561,0.7474092383236615
2013-03-22,0.21116572026293298,0.5395207330210856,0.7696974565759808
2013-03-25,0.2258710103024057,0.49872498507509777,0.7771900268984603
2013-03-26,0.2733719572420182,0.38109794829973753,0.8149045375330342
2013-03-27,0.32689302844249724,0.2615731209539448,0.8312002942057933
2013-03-28,0.352751944304064,0.22003869526976563,0.7795344560131987
2013-04-01,0.3847684798334388,0.16757270084699255,0.7284005428055338
2013-04-02,0.41273683412337414,0.12230567717937924,0.6680520652539801
2013-04-03,0.43773191272565437,0.08446534342089008,0.6096526216478954
2013-04-04,0.4558727701164897,0.05473801907181286,0.5594060064168642
2013-04-05,0.45520323330256857,0.05536761842728499,0.5550383992000942
2013-04-08,0.45561628481957034,0.05992124048906823,0.5633668120113049
2013-04-09,0.4541731268213482,0.0633159422372385,0.5754581969704641
2013-04-10,0.4609153022000683,0.057009340102505,0.5597528768797739
2013-04-11,0.46351298947788433,0.054995487417137945,0.55024495661195
2013-04-12,0.4696442393449659,0.04691866203186175,0.5273668054698727
2013-04-15,0.46964925096605487,0.04490076522517721,0.5070705733705626
2013-04-16,0.47083013878698965,0.04607796838643459,0.49268709425090196
2013-04-17,0.4690748689905118,0.048594778022322795,0.493383033511093
2013-04-18,0.46737037329323633,0.04411564945999755,0.48151714890212
2013-04-19,0.46667315694127326,0.04001905431821872,0.47266762349991864
2013-04-22,0.47018417591245176,0.026036495178874092,0.45860562207274314
2013-04-23,0.4725545087775753,0.015374481739828189,0.443959047524236
2013-04-24,0.477125574684904,0.012144702323980905,0.43835849370352997
2013-04-25,0.48613041111017596,0.014129606923091542,0.4419440333202824
2013-04-26,0.49294364801650137,0.014298489838616295,0.4410815816603567
2013-04-29,0.5027992455451196,0.012957366740798199,0.43559525613827893
2013-04-30,0.5056723108190916,0.01977055486613748,0.447657315584007
2013-05-01,0.4925866322840074,0.04247937051711387,0.48718212346560036
2013-05-02,0.43118213753670576,0.13920786876322905,0.5578513961023454
2013-05-03,0.34817127384046037,0.2829855441934942,0.5977076679136875
2013-05-06,0.26048495617757983,0.43215508663114754,0.6422837303312667
2013-05-07,0.1754414321327901,0.5811309250355935,0.6724134473106829
2013-05-08,0.1039679430631852,0.711980064105771,0.67149644758594
2013-05-09,0.09233236523233405,0.7429482395407192,0.6741027036252832
2013-05-10,0.08139194652030098,0.7745591982963163,0.6590149607799761
2013-05-13,0.07032841888670288,0.812597009473021,0.6143869905427464
2013-05-14,0.0563185082559863,0.85368856848237,0.5439963470067058
2013-05-15,0.04239617699991004,0.8957302264988147,0.4708518264930692
2013-05-16,0.012300364029547818,0.9655359483499126,0.32906718042810557
2013-05-17,0.0043965159752445224,0.9867937750851837,0.24433031410348702
2013-05-20,0.0012136750715929319,0.9961337666335565,0.17028585972191665
2013-05-21,0.0006938472906382494,0.9976938598845096,0.12270015716344865
2013-05-22,0.0005708549968001034,0.9983729904467642,0.0780488524841235
2013-05-23,0.0009341726812200247,0.9977493553767223,0.07083674286349828
2013-05-24,0.0012557673748942954,0.9973107508977659,0.054024910359847765
2013-05-28,0.0018219911933495501,0.9961672644210868,0.05041604675088884
2013-05-29,0.003088904950990846,0.9936799596544542,0.053614143442491234
2013-05-30,0.004070220713734068,0.9918032903940859,0.0591192560971923
2013-05-31,0.007728976979461411,0.9849224988507039,0.07562043581962355
2013-06-03,0.011484145125051182,0.9777379795199505,0.09325013549240721
2013-06-04,0.023377573628654984,0.9551594379426612,0.14117464919872585
2013-06-05,0.10125670476128257,0.8088731614110538,0.2633075131061102
2013-06-06,0.14349926586304812,0.7292433381562899,0.36995094623722385
2013-06-07,0.14774365892157235,0.7212006011723169,0.3873889717104575
2013-06-10,0.15357711134022348,0.7103279236970106,0.4084924599412263
2013-06-11,0.1653645373003882,0.688189225467792,0.4378408991321795
2013-06-12,0.17722645343192728,0.6658002273891105,0.4227614484953367
2013-06-13,0.17881689051361044,0.6624690472657708,0.41854318886529496
2013-06-14,0.24374774163268448,0.5393136678297872,0.5057636043064389
2013-06-17,0.26861016438621554,0.49219299305610686,0.5617216837687835
2013-06-18,0.27980071416086855,0.47002807632810056,0.5897890040247865
2013-06-19,0.24505384745680497,0.5334344642455828,0.5992482246716702
2013-06-20,0.30389159151006345,0.41951710209638027,0.5642610364255537
2013-06-21,0.3350301791431659,0.35922862717289505,0.5148483481084529
2013-06-24,0.4042843199249081,0.22576395453767079,0.491349686265875
2013-06-25,0.47359914944168063,0.0945897720288155,0.45662243234087807
2013-06-26,0.5215705889869835,0.004002256312548004,0.4098841381823862
2013-06-27,0.5199203418052981,0.007843253819993441,0.41829083309227694
2013-06-28,0.51637710742128,0.013266424883916083,0.4301967624481901
2013-07-01,0.5049706688075932,0.03411902773024263,0.4655248347755897
2013-07-02,0.49639023346315864,0.04742261473861185,0.49195644398792393
2013-07-03,0.48803440154527455,0.06012450000231443,0.5175066607447916
2013-07-05,0.4248881481767823,0.16885992413773893,0.5946979892904328
2013-07-08,0.352065399383274,0.2964592717090428,0.6616976776997049
2013-07-09,0.2631914315183947,0.46035640663685384,0.6396895749102776
2013-07-10,0.17003279099117227,0.6330186887603202,0.6154851063458937
2013-07-11,0.08835149368002627,0.7800556436900532,0.6327395103049351
2013-07-12,0.05986731343545208,0.8400511806512668,0.5924963928562098
2013-07-15,0.04594777768304013,0.8733026812695857,0.5623316966167347
2013-07-16,0.05267503654283423,0.8649099769370995,0.5693250995527984
2013-07-17,0.06090870446329433,0.8533684158193443,0.5960639749318944
2013-07-18,0.06561188258127505,0.8524398021973338,0.5866678291110559
2013-07-19,0.07372977180878633,0.8429395120953005,0.5404209987708647
2013-07-22,0.06433480590675952,0.8670415482779562,0.43899337298584246
2013-07-23,0.06672096853346594,0.8658796264348971,0.3964424280037287
2013-07-24,0.06857925240340618,0.866201408730765,0.3500681911504732
2013-07-25,0.0507262621778339,0.9034358804724727,0.2489745249332472
2013-07-26,0.03341880854435258,0.9366798594760499,0.18591688508718532
2013-07-29,0.030586622227771754,0.9417451266665633,0.17554995302136847
2013-07-30,0.020130472664304115,0.9610838106264726,0.14107619514348424
2013-07-31,0.009407975198760863,0.9808696900873649,0.1009315822050221
2013-08-01,0.009591756265937963,0.980818689153292,0.1023770069977342
2013-08-02,0.00877966411514786,0.9823660971986661,0.10041573168095515
2013-08-05,0.007249095013589725,0.9854063795950475,0.09454863139037492
2013-08-06,0.0053101853292121925,0.9891596291940423,0.08246852989489899
2013-08-07,0.003675114629555512,0.9923065252501987,0.07204670539703416
2013-08-08,0.0032811213596006467,0.9929185944676975,0.07088921101015848
2013-08-09,0.006964647066701959,0.9858770779040622,0.0866189737567983
2013-08-12,0.011663140415542707,0.9765658594302142,0.11154795422557433
2013-08-13,0.016695939321297322,0.9664142605290487,0.1475880230578807
2013-08-14,0.021575860464089745,0.9568244668439757,0.17515864820477164
2013-08-15,0.04437998796690982,0.9135001859372988,0.24743849876488316
2013-08-16,0.06033023096560788,0.8831564821959901,0.29884246292111893
2013-08-19,0.08515637756223202,0.8368149170834271,0.36006695977727377
2013-08-20,0.08886089375001435,0.8305205434089518,0.3602237292953099
2013-08-21,0.09458119786042171,0.8203244192115358,0.37637422257436287
2013-08-22,0.07544271850180044,0.8569308184391978,0.3160869136164005
2013-08-23,0.05810831647104814,0.8901693598349937,0.25840785154157303
2013-08-26,0.03304679240519083,0.9373575788548655,0.19425808219333346
2013-08-27,0.07117891185647547,0.866465930751174,0.26427796380809176
2013-08-28,0.08970660941682725,0.8319304223836086,0.302074868660138
2013-08-29,0.1030421173833402,0.8062533240283634,0.3490936077757959
2013-08-30,0.14234794014940066,0.7311808343549082,0.442308360696231
2013-09-03,0.18608939672139185,0.6473228693192713,0.5308874445063252
2013-09-04,0.20260837419637417,0.6124427394411448,0.550217030553375
2013-09-05,0.23476175742976757,0.5494787618939878,0.5911921590762617
2013-09-06,0.2794777108575987,0.4635267715576606,0.6532665375486768
2013-09-09,0.3033716997286114,0.418335682237557,0.673420778630304
2013-09-10,0.2971048781376905,0.4319100473909018,0.672521228355882
2013-09-11,0.2435546321473391,0.532367472256125,0.6382346733507562
2013-09-12,0.1968510270526643,0.617895626426449,0.6205340026305152
2013-09-13,0.1466247578868351,0.7114028275280446,0.5882310488012272
2013-09-16,0.08328236836156341,0.831625367432847,0.47912432606789396
2013-09-17,0.04394552867980569,0.905104274460727,0.39312974187266475
2013-09-18,0.035078308783395025,0.9249959647823672,0.3161937967984316
2013-09-19,0.020569121636222654,0.9566488267316251,0.22280126085349705
2013-09-20,0.009506202128196988,0.9807897134548977,0.13692409423768576
2013-09-23,0.007725415288552783,0.9843617276420729,0.12728338550283552
2013-09-24,0.006389775361237559,0.9870673461427237,0.11517884595506392
2013-09-25,0.006865805964090343,0.9860976015973419,0.11336382746650146
2013-09-26,0.007304158159095321,0.9853778979846913,0.10357658889001597
2013-09-27,0.0070307507857462846,0.9859737550718229,0.09717726974234872
2013-09-30,0.007948811948523293,0.9843868113801596,0.09439033924269921
2013-10-01,0.007165363874379549,0.9861787865302942,0.08272490421596004
2013-10-02,0.005600321287253891,0.9893667842398892,0.06906299007710245
2013-10-03,0.005578995415054898,0.9894374314054495,0.06795433844759324
2013-10-04,0.006265771276669022,0.9882191673561185,0.07160807746698825
2013-10-07,0.007687998144828054,0.9857239686373239,0.07613196143851697
2013-10-08,0.09488593491638382,0.8228591505004246,0.1837664929326936
2013-10-09,0.19354148500167134,0.637949084757534,0.27695013732478363
2013-10-10,0.21836471915974548,0.5928914042709963,0.3456787779460896
2013-10-11,0.23353040091435787,0.5664766003485016,0.3930803710821687
2013-10-14,0.279429411743607,0.4866204317963706,0.49205509583217494
2013-10-15,0.20439719689493793,0.6285563420385121,0.4267776208222399
2013-10-16,0.1143843934786792,0.8001302997440096,0.37142249711813446
2013-10-17,0.10355305660692812,0.8214432695045385,0.36302314631411514
2013-10-18,0.09542810459913231,0.8367982289801826,0.35104427620020706
2013-10-21,0.054577219273820976,0.9085886094368764,0.2827409602876224
2013-10-22,0.04518706598056682,0.9238505969394945,0.3068290803945109
2013-10-23,0.0409797352283117,0.9285381000698726,0.3196778985367581
2013-10-24,0.027685556178248593,0.9503320823927804,0.3303927437548445
2013-10-25,0.02165828725763331,0.9585217236330941,0.3695330029171636
2013-10-28,0.016980448428447308,0.9646378764677674,0.40893403567492836
2013-10-29,0.015031322635238833,0.968015343871615,0.4150993952691939
2013-10-30,0.013841887328533886,0.9689804867848648,0.4462583004438748
2013-10-31,0.0183608598077477,0.958939086859403,0.4549632449598935
2013-11-01,0.016426946308003287,0.9620970455177353,0.43424175574813056
2013-11-04,0.013676422838799046,0.9669054129022022,0.41735897356988705
2013-11-05,0.012735453009322956,0.9683286479188545,0.38816196156074473
2013-11-06,0.009086339965455398,0.9765111823960634,0.31134527161663544
2013-11-07,0.01624233346770927,0.9620867790016417,0.3180496429348653
2013-11-08,0.019389786760022745,0.9575183580056557,0.2752597085863716
2013-11-11,0.024717746033174413,0.9489033758646886,0.23663809151018894
2013-11-12,0.03242795638430299,0.935336280579661,0.22442731096186805
2013-11-13,0.040494145061845566,0.920643593496741,0.253631003694173
2013-11-14,0.04101108774728407,0.9230013284296307,0.21663597878622073
2013-11-15,0.05156324508965034,0.9033885605192337,0.2534318573913973
2013-11-18,0.064286785159731,0.8797563948236435,0.2877596624115535
2013-11-19,0.07188296425002996,0.8658175171302899,0.30689262466911094
2013-11-20,0.0825333119910743,0.8460879193935001,0.33014924669884876
2013-11-21,0.07678460680184326,0.8563791171803785,0.3152525128909465
2013-11-22,0.0754276970815593,0.8572056270687284,0.3305496810366036
2013-11-25,0.06818742412982057,0.8689107493583407,0.3419609770511519
2013-11-26,0.06180530650211512,0.8794939858763466,0.3478702013790188
2013-11-27,0.04563861447301855,0.9088514746572021,0.3253587740134455
2013-11-29,0.03880931784735341,0.92172150062927,0.3120312453261949
2013-12-02,0.026722143409500278,0.9458139083477061,0.2572371532754114
2013-12-03,0.015203935494621568,0.9690241278069296,0.207125498841554
2013-12-04,0.005894985628735585,0.9875312984228526,0.1734035100957516
2013-12-05,0.0038653467671417433,0.9916235103945406,0.15910760834230242
2013-12-06,0.0026525279741968217,0.9938919097102168,0.166297028409982
2013-12-09,0.0016528337268034508,0.9959060112121223,0.1521471319280093
2013-12-10,0.0014070123142856474,0.996478847955957,0.1333066416013006
2013-12-11,0.0017837381206661865,0.995927817080142,0.1113539953060084
2013-12-12,0.001983630860278769,0.9958036486844005,0.09777014483563602
2013-12-13,0.0036363072100392066,0.9928189476301272,0.08250473717126447
2013-12-16,0.004992712488285903,0.9901723643710796,0.0901643386571641
2013-12-17,0.006135749872429585,0.9879160206558455,0.09786943153957037
2013-12-18,0.005587581183055463,0.9889937870279442,0.09958563577291286
2013-12-19,0.004900509109606744,0.990365625242853,0.09386973369052284
2013-12-20,0.002960447630975765,0.9942739064271766,0.08824571131600407
2013-12-23,0.0016775065720551524,0.9969001503573564,0.0908265985318809
2013-12-24,0.0006162566021753121,0.9990976456817302,0.08906405177533874
2013-12-26,0.0005085094399787939,0.9992981717701422,0.09902432145086264
2013-12-27,0.00044641857680531116,0.9994004548611908,0.11005387930294708
2013-12-30,0.00046483624653052824,0.99930750343851,0.11135403128128034
2013-12-31,0.0004806424123061671,0.9992004597092936,0.12655689627869685
2014-01-02,0.0005483367942498967,0.9990071147633263,0.12469157160823838
2014-01-03,0.0012105617737044247,0.9977452753972755,0.1180442529582874
2014-01-06,0.0027665915368059817,0.9948043961088553,0.12170645777325521
2014-01-07,0.003210029585568478,0.9939679786053809,0.11310436912256012
2014-01-08,0.003735167934670534,0.9928898700068416,0.0981927393429731
2014-01-09,0.006063643712632497,0.9882766928792464,0.10844661338246113
2014-01-10,0.00792926024509837,0.9845341250465636,0.11735941128128864
2014-01-13,0.024536455536906636,0.9539697676267778,0.16183049846812875
2014-01-14,0.028494700952064467,0.9470915513172729,0.17384544779946004
2014-01-15,0.03241613120817673,0.9407241928941541,0.17953225110180243
2014-01-16,0.034801552438151515,0.9371861735872506,0.18261128247069358
2014-01-17,0.03404796130701158,0.9390986787226657,0.1701622704011551
2014-01-21,0.020131722093159964,0.9651614498348018,0.12967694818416878
2014-01-22,0.017350171554816867,0.9701159713554404,0.12448027533321615
2014-01-23,0.015289004444067453,0.9733749662986201,0.11937070011911495
2014-01-24,0.032307488680224546,0.9429085259818152,0.1650906873657262
2014-01-27,0.12043998869937211,0.7836279205138302,0.276382565780337
2014-01-28,0.2115238492338431,0.6159649251130073,0.3640908518323606
2014-01-29,0.31202224496013364,0.4249333659960489,0.43552824769228904
2014-01-30,0.39312089668600053,0.27192292348334945,0.5453508167332904
2014-01-31,0.46696746658045696,0.12975981042972476,0.5818331522336748
2014-02-03,0.48279730812945215,0.09256619506358031,0.5360498701715581
2014-02-04,0.49356996903280353,0.06844013577847394,0.49792588946947103
2014-02-05,0.4981832183663899,0.06295367288699286,0.48664412225275705
2014-02-06,0.5226932790039968,0.022803190573181108,0.4426306593552198
2014-02-07,0.5298935193694737,0.015087071790975695,0.43305727117624054
2014-02-10,0.524142648541555,0.02984611129194853,0.4626979827249424
2014-02-11,0.5230254192734544,0.03600675827499551,0.48130933029832457
2014-02-12,0.5120386730266985,0.05838081086819347,0.5219920070238924
2014-02-13,0.48152126747104723,0.1067833952644746,0.5779767584959347
2014-02-14,0.4313169705041949,0.19281857022179202,0.6276961434546268
2014-02-18,0.3321808800904355,0.37419686280338826,0.5345923760547862
2014-02-19,0.2312728086984987,0.5571218538698866,0.4849816044779559
2014-02-20,0.13824309589175804,0.726303287290496,0.39651374325091987
2014-02-21,0.06292527513148283,0.8689183387312134,0.28169932819355725
2014-02-24,0.010727896737062172,0.967944373903188,0.14596440377525896
2014-02-25,0.010977524878673919,0.9675444672067608,0.2022240406807092
2014-02-26,0.007291406713677685,0.9756682035591506,0.23326231873142417
2014-02-27,0.004570129622259804,0.9830688989358156,0.26234561150799546
2014-02-28,0.002352613609180913,0.98917901801416,0.3126075947098975
2014-03-03,0.002138976076190181,0.991988781265033,0.3615451759111167
2014-03-04,0.0012033087127248834,0.995395190901516,0.3610073272119193
2014-03-05,0.0008103864292897785,0.9974126703404848,0.3020375740234214
2014-03-06,0.0007692061903307172,0.9977995105154658,0.25579856543157825
2014-03-07,0.0008027605156908955,0.9980290970034492,0.1931712216852712
2014-03-10,0.0005428462161259206,0.998802912546965,0.13840812182312828
2014-03-11,0.0009075888095740551,0.998164337928058,0.07641286869881414
2014-03-12,0.0015073163959242305,0.9969704606988362,0.0654908855424711
2014-03-13,0.0100474550235119,0.9806858601384661,0.10152153453506947
2014-03-14,0.05059259000115267,0.9038399464159932,0.21540018813251524
2014-03-17,0.058502688396697734,0.8886439118060153,0.25430851697617374
2014-03-18,0.06058171778598296,0.8844468303795201,0.27767216989064397
2014-03-19,0.06549103492455711,0.874677887329692,0.31224373720199783
2014-03-20,0.06279216992408487,0.8796437126535208,0.29954125350818633
2014-03-21,0.05267405497026974,0.8984181966410679,0.2734817934714315
2014-03-24,0.1267291544033228,0.7583079592166356,0.35696018859834566
2014-03-25,0.18617913521172338,0.6452416535136392,0.4618134701219857
2014-03-26,0.2832454276370627,0.46231075657236687,0.5097129063650125
2014-03-27,0.379344205335957,0.2800178584274775,0.5646310377739978
2014-03-28,0.45055414737061666,0.14445493374871105,0.5555252020158028
2014-03-31,0.4637793724828468,0.11601127391539054,0.5327647557813221
2014-04-01,0.43952024706865755,0.16036332584997642,0.521200099987065
2014-04-02,0.3791752192330695,0.27119189147905426,0.5592276764296567
2014-04-03,0.3500198801311668,0.32291940350827175,0.6065837782069095
2014-04-04,0.3518798586908707,0.31864179284303906,0.5963704160938313
2014-04-07,0.36102076630500307,0.3032250895209726,0.5675983362868509
2014-04-08,0.4271763537796551,0.17868546922612488,0.5237188348337121
2014-04-09,0.4847478022249055,0.06985377792253965,0.48839399834092256
2014-04-10,0.5177254848213343,0.012030510727650445,0.4284415932651485
2014-04-11,0.5174835971595607,0.010195335254116896,0.4245843286295803
2014-04-14,0.516333360408088,0.009618178695354954,0.4229569864837126
2014-04-15,0.515410991185204,0.008315358792774246,0.41955108434525
2014-04-16,0.520122070036901,0.0005272316289398979,0.4038007170239353
2014-04-17,0.5183077599128971,0.0005281153277029418,0.402289912512075
2014-04-21,0.5164436616764644,0.001562959304913633,0.4046823680488941
2014-04-22,0.514620044232097,0.002579277222284402,0.40741143883888525
2014-04-23,0.512569855488915,0.0030560252522569688,0.40935276449444913
2014-04-24,0.5076253542986805,0.004679257468353825,0.4153055126899445
2014-04-25,0.48054207291626466,0.01820771062391405,0.47848178284693993
2014-04-28,0.4386002791152318,0.04484210310536811,0.5633330104711928
2014-04-29,0.39008116289200767,0.08176356891760303,0.6531618955659433
2014-04-30,0.3523081477857357,0.11182040917934932,0.7338133843926837
2014-05-01,0.30636389731066305,0.15415729355485297,0.8180367107698832
2014-05-02,0.28465898912942766,0.18093668672930135,0.8454822688103378
2014-05-05,0.2798786199494705,0.20300182505356154,0.8433357210033934
2014-05-06,0.3109678128909293,0.1779209736663726,0.8027132899979289
2014-05-07,0.3228772462987315,0.1622371052599806,0.7899371940589074
2014-05-08,0.34432406360707024,0.1346691311158778,0.7701314271198306
2014-05-09,0.346876812756222,0.1424102244571026,0.766693501287014
2014-05-12,0.365807771333858,0.13545972859441546,0.7590596579133806
2014-05-13,0.3426628225192952,0.16058126280928492,0.8080757298452838
2014-05-14,0.3486950839906696,0.16318773904736322,0.8058684449578335
2014-05-15,0.361779874898667,0.154002030821412,0.7852523024815026
2014-05-16,0.3997449594774879,0.11175613212368014,0.7310883087213756
2014-05-19,0.41552280785379814,0.08809369894412886,0.7037102712072798
2014-05-20,0.44520086502528733,0.06469709973392808,0.6531841505028624
2014-05-21,0.4230622545324608,0.12948578609951233,0.6566848294202952
2014-05-22,0.36465556200725285,0.26209595092574023,0.6424959459750006
2014-05-23,0.28378257780259597,0.4265353105669675,0.6036021998292502
2014-05-27,0.20110456625608936,0.5929185257713435,0.5245904552662045
2014-05-28,0.11995561675626314,0.7588221269262345,0.45265048506415334
2014-05-29,0.07045464472408548,0.856597336421095,0.3645232735802666
2014-05-30,0.04724718202485943,0.9022327108887204,0.3053578461932898
2014-06-02,0.042247310759585766,0.9109342703749668,0.3002135828824934
2014-06-03,0.046664126062660315,0.9016334045391468,0.3220125468635156
2014-06-04,0.045658900032334124,0.9030402721279126,0.3298350842282016
2014-06-05,0.03895597934858126,0.9158505735510987,0.3015638021776853
2014-06-06,0.03438852444499953,0.9240353500796419,0.27797795619643645
2014-06-09,0.026598184623196082,0.9386059725401997,0.24235335087734486
2014-06-10,0.01668663381612242,0.9582355240929921,0.196366032694123
2014-06-11,0.01043788079449036,0.9715243404410607,0.1534835955622389
2014-06-12,0.013368740365136961,0.9662657158657277,0.16061810688331019
2014-06-13,0.014241262222274152,0.9660164445049437,0.153887366193502
2014-06-16,0.014834274427915083,0.9659027613760106,0.1474411248710466
2014-06-17,0.016302969628352898,0.9639287102615487,0.14448493114077784
2014-06-18,0.018185112499882056,0.9602186958786039,0.1523865638596124
2014-06-19,0.014783914819526742,0.9672819657744192,0.13370461807444484
2014-06-20,0.01634450267699114,0.9644627900833594,0.1401610051651711
2014-06-23,0.0181611448625332,0.9617591380118384,0.1460370186235164
2014-06-24,0.023796635129460807,0.9512138530359909,0.17014102573027517
2014-06-25,0.045965695487944144,0.9090460993393421,0.23673203362553386
2014-06-26,0.0517107872609226,0.8984413689123267,0.2614196423842511
2014-06-27,0.05730833461655645,0.8881029750999195,0.283205661446317
2014-06-30,0.061180523284894185,0.8809004044071722,0.2987389678177016
2014-07-01,0.06074362116552595,0.8815902160307789,0.29620761119349304
2014-07-02,0.043646037097495774,0.9139123279580103,0.24913474815693776
2014-07-03,0.039920094880151705,0.9207383832633257,0.23292244282274482
2014-07-07,0.03668714205229497,0.926903933995378,0.21766554078522474
2014-07-08,0.06814743677346966,0.8684522826823375,0.27721287370732145
2014-07-09,0.09298747509662897,0.8223956015699235,0.3284010893012842
2014-07-10,0.12363977656762042,0.7653380716621399,0.3847316751627855
2014-07-11,0.15149495935401616,0.7134967751970696,0.45010064829742547
2014-07-14,0.18554238724683209,0.6496987731334564,0.5215503265608318
2014-07-15,0.1680902880243941,0.6828571101090224,0.4913580577135632
2014-07-16,0.17381710623842955,0.671914632867949,0.502357518020389
2014-07-17,0.186090337694054,0.6462703642608514,0.5149625733059647
2014-07-18,0.21746856305756718,0.5856204772330323,0.5448825754681094
2014-07-21,0.22845396874312146,0.5644732231676816,0.5539025045106756
2014-07-22,0.2570718614670048,0.5094194386605284,0.5962500081073936
2014-07-23,0.25767413635632797,0.5085441068028752,0.5957308682037503
2014-07-24,0.23667866013354844,0.5512045981320688,0.5710758552061641
2014-07-25,0.18754842268203958,0.6459671109308823,0.5016926333158012
2014-07-28,0.14505347665139606,0.727163671964055,0.4241652250862142
2014-07-29,0.10437278861047636,0.8049192809573805,0.34950807998340405
2014-07-30,0.0727061733446636,0.8651206259528464,0.27908092467228945
2014-07-31,0.11018623608600916,0.7950588313349721,0.30948840288791507
2014-08-01,0.18465439137261663,0.6541593098099299,0.37238778577340714
2014-08-04,0.21397538951810774,0.5986796515117747,0.44098624726740443
2014-08-05,0.2909239193029688,0.4535856762475505,0.5198742391455982
2014-08-06,0.3679207422202054,0.30979204023372875,0.6098659901752759
2014-08-07,0.39964501977966854,0.2501250360930866,0.5865801618892256
2014-08-08,0.39191639427875097,0.2642285461632262,0.589954314458524
2014-08-11,0.41550693500942393,0.21883708440559452,0.6030077123937351
2014-08-12,0.4033060150597314,0.23879780448516766,0.6033629132504253
2014-08-13,0.3864630854532964,0.26733464461192724,0.6011937962185564
2014-08-14,0.35033499185259054,0.3297571687002399,0.6412118895763382
2014-08-15,0.31221052424656603,0.39934526425008915,0.6439736900537504
2014-08-18,0.29612654623325063,0.4281204783277497,0.6466054216751892
2014-08-19,0.2335951682847806,0.5467950402501163,0.5958688150482416
2014-08-20,0.18472425606465986,0.6377942458558519,0.5642807499002473
2014-08-21,0.1319011408008848,0.7394508968062156,0.5051526538680089
2014-08-22,0.10068380910262593,0.7984541883261407,0.459906667612018
2014-08-25,0.06151054861654952,0.8729624791436275,0.3898101110906712
2014-08-26,0.054462942442299954,0.8867069864401953,0.36679033047137205
2014-08-27,0.039052180908406516,0.9171574354882038,0.3157313763478219
2014-08-28,0.03215392994643476,0.9316029907694598,0.28007544142518376
2014-08-29,0.02218890084722307,0.9524704320361893,0.21765140200150812
2014-09-02,0.01656077718245256,0.9640084762936245,0.17710129617118062
2014-09-03,0.015558933458364413,0.966489054237981,0.15715787054487404
2014-09-04,0.018975343168898998,0.9594430626941568,0.15769278676675405
2014-09-05,0.019550669148980435,0.9584013028697645,0.14514188005490697
2014-09-08,0.02387678151963205,0.9486746176714613,0.16982349921700027
2014-09-09,0.0350995410223763,0.9271616974645873,0.21285034056689578
2014-09-10,0.04819681897744251,0.9028113652100915,0.2535260981440052
2014-09-11,0.050372975573580094,0.9003900595912573,0.2554536004978679
2014-09-12,0.05776889795540523,0.8879104004346774,0.2743117131632256
2014-09-15,0.09169396690747886,0.826489511342615,0.3394014985282579
2014-09-16,0.11576984948957776,0.7819079178513517,0.38341358101669876
2014-09-17,0.13586012344102966,0.744382449759843,0.4177052151126392
2014-09-18,0.1814113933905069,0.6581853565554446,0.49778522052163865
2014-09-19,0.20486888143914653,0.613733386825961,0.5503858816887064
2014-09-22,0.1893968492950037,0.6425936056947218,0.5252758456810364
2014-09-23,0.18258024299977266,0.6555970230069292,0.5160692525697996
2014-09-24,0.16503071996978785,0.6883917504964829,0.49215616208768165
2014-09-25,0.1712574954911667,0.6784655392645211,0.49283697677791843
2014-09-26,0.16562421591664522,0.6902977415844515,0.4783117069983106
2014-09-29,0.17919107570548368,0.665362460874053,0.4996352130941804
2014-09-30,0.20727369176067464,0.6120938705929931,0.5294788655878981
2014-10-01,0.2868635627928354,0.45957851580363585,0.5453822305348932
2014-10-02,0.3252653028947746,0.3849133186129263,0.5208770666477808
2014-10-03,0.3439385353059977,0.3508811965622076,0.5460202945905681
2014-10-06,0.359070342202269,0.32356638503858737,0.5659715325742569
2014-10-07,0.4068919353396585,0.23603057109891848,0.5317663297965342
2014-10-08,0.39212961214300496,0.2709742272029222,0.5576631803787873
2014-10-09,0.3970904377027845,0.2634108665378592,0.5490698429558967
2014-10-10,0.45458487090099775,0.1535986749884,0.5145684372792338
2014-10-13,0.5066519582739628,0.05228637586255959,0.47160677069042733
2014-10-14,0.5060830548059265,0.049412672609461215,0.4628598796951625
2014-10-15,0.5245674485255643,0.005262600060068337,0.421170879653965
2014-10-16,0.5233856017694765,0.000549806486470366,0.4118285814898033
2014-10-17,0.5206022555130269,0.00016184415328690207,0.4114624166307214
2014-10-20,0.5195796351869555,0.00016658685794325854,0.4115066564654601
2014-10-21,0.5231723007795022,0.00027140863535361624,0.4129483954760339
2014-10-22,0.5251207930970981,0.00046407650820177787,0.4117468901744778
2014-10-23,0.525879207490644,0.0015097989848707502,0.4145385903011534
2014-10-24,0.5172594124260745,0.010805907744797352,0.43064927693314053
2014-10-27,0.49186075049520117,0.037878470645862,0.468535937429147
2014-10-28,0.4525598234952418,0.07707902062503078,0.518955420340167
2014-10-29,0.41518705107419895,0.11652797638477108,0.5739488510889257
2014-10-30,0.35902530563676743,0.2000429643267771,0.6250458560732104
2014-10-31,0.2938489051986992,0.31495570369726616,0.6454692452468374
2014-11-03,0.23316734044363807,0.4405112623176402,0.6142622634011505
2014-11-04,0.16705777076406256,0.5837839020799628,0.5282459522926731
2014-11-05,0.10053922812020769,0.7350610827228323,0.4201940428362458
2014-11-06,0.05447869545164987,0.8392349239268654,0.31560628858832396
2014-11-07,0.02767298318248342,0.8997423516423304,0.2423811938206022
2014-11-10,0.010417547320522568,0.9403857290366915,0.2363128809895371
2014-11-11,0.007287800454671149,0.9511316688764163,0.2765329822465267
2014-11-12,0.0060168589299125965,0.9553390061152717,0.32609913712766747
2014-11-13,0.005141604146958243,0.955538932737445,0.37558264329458924
2014-11-14,0.0027094913997824078,0.9433914970913907,0.4189881313671295
2014-11-17,0.0017641277434207667,0.9408323859071762,0.42737078599053957
2014-11-18,0.001567494052824524,0.9442450207027357,0.42027629641735054
2014-11-19,0.0014483253673772797,0.9487490499494248,0.35547877254272453
2014-11-20,0.0009584542097863084,0.9594127004061092,0.2846108881928441
2014-11-21,0.0005919537960548128,0.9862944328059658,0.20337646657801
2014-11-24,0.0005418608952573874,0.9951605135607012,0.1200574176348708
2014-11-25,0.0006457024718843102,0.9979189835984963,0.04797781357426521
2014-11-26,0.000801734654491065,0.9976991903962642,0.042751672081296446
2014-11-28,0.0008906710004562803,0.9976601945426428,0.03821203982051784
2014-12-01,0.0018687696923118217,0.9958174162674102,0.046403063695345546
2014-12-02,0.0028885514742448817,0.9939049580955392,0.05205005938672567
2014-12-03,0.004088546459552283,0.9916446271524014,0.058488035762615985
2014-12-04,0.005446963976120106,0.9889981078149898,0.0665230544338753
2014-12-05,0.006785795301964985,0.9863991474773297,0.07448605290792916
2014-12-08,0.011137160698622759,0.9780375363799054,0.09365655671259504
2014-12-09,0.012588559190431878,0.9751559536056064,0.10197522698242338
2014-12-10,0.07338539243653634,0.8598042430915263,0.23396586993050886
2014-12-11,0.09762356924874133,0.8134272794986701,0.3203284767249891
2014-12-12,0.19014960133121955,0.636871581495965,0.4270635278664397
2014-12-15,0.28523603884260973,0.45523745765296164,0.49557513677176024
2014-12-16,0.38575254488476174,0.2621940977488988,0.5726660190214793
2014-12-17,0.4268384482904894,0.18390392798129646,0.5155254065286886
2014-12-18,0.48574706206402263,0.07248698150112202,0.5402774902846694
2014-12-19,0.4650338100205076,0.11438473739017063,0.5503158388769321
2014-12-22,0.43830298575850524,0.167473184889658,0.5793549335443704
2014-12-23,0.41900380115799274,0.20728567424994923,0.6066553703805247
2014-12-24,0.3994011665621327,0.2421604245405704,0.6460648791573901
2014-12-26,0.40427972658873346,0.23006211573574445,0.640592162158825
2014-12-29,0.4192723788120685,0.19379551238186918,0.6314133302691398
2014-12-30,0.43724524693198774,0.15184105368945483,0.6142300939841171
2014-12-31,0.44753858720218986,0.12479086767639092,0.600081431738744
2015-01-02,0.4545878996724958,0.10311744030313334,0.591279128405883
2015-01-05,0.42109942338161394,0.12725577826047843,0.6376031703556466
2015-01-06,0.3986777979214434,0.12692449848847986,0.6804348466205103
2015-01-07,0.393755632750998,0.12219320204404294,0.6919579175001465
2015-01-08,0.39671980978485,0.11383940857835897,0.67542393347153
2015-01-09,0.4045282850361911,0.10100027209658616,0.6479924269694406
2015-01-12,0.44799955442779654,0.05223307935436198,0.5700288478587386
2015-01-13,0.4822829058416488,0.028684984463924812,0.49319566854703584
2015-01-14,0.4952983464785342,0.01600786843534837,0.45344533624764993
2015-01-15,0.4978568985351776,0.010432014583008582,0.44368296786847533
2015-01-16,0.4966446333782196,0.00700219542758339,0.43679079108118374
2015-01-20,0.49806820407611474,0.005449142864605409,0.4294624633424918
2015-01-21,0.5004695596369355,0.0045141118236959685,0.4245525799373267
2015-01-22,0.49957108755703167,0.011798258390025625,0.4350896995705599
2015-01-23,0.4950744608810628,0.024164113747188007,0.4587923176725221
2015-01-26,0.49190878940030897,0.038830016471315745,0.48524402900427155
2015-01-27,0.49238094274925465,0.0387126412993997,0.48566053690221206
2015-01-28,0.4913922189524138,0.03794414315545423,0.4849196724775253
2015-01-29,0.49421144063399824,0.029864814919275708,0.46928254440483047
2015-01-30,0.5013529900408842,0.017590810117484066,0.44235486568361243
2015-02-02,0.5091028600445443,0.003906853238515736,0.414376702700548
2015-02-03,0.5085758678996455,0.005793129306215573,0.41827134950157063
2015-02-04,0.5080209179618631,0.008970547307309229,0.4243686754775255
2015-02-05,0.49455235711950607,0.0327588189174596,0.4652828309458606
2015-02-06,0.4889597635373909,0.04254430534823507,0.48557664540660445
2015-02-09,0.48768829677791137,0.04653952649345865,0.49543751427541016
2015-02-10,0.4486616185247021,0.10799834704109365,0.5663010276504131
2015-02-11,0.3925597505794144,0.2024658891657908,0.6446781303837271
2015-02-12,0.3466164821857846,0.27639039632964213,0.6824265616427194
2015-02-13,0.26530286123775537,0.41380433982354425,0.7135764605372524
2015-02-17,0.1745755485254516,0.564175712202144,0.7636068239639788
2015-02-18,0.12957248616158273,0.6477030523597779,0.7641170970763188
2015-02-19,0.10181553580533456,0.6980507428214011,0.7536872387660599
2015-02-20,0.07260468263985838,0.7576761206671148,0.740430188077846
2015-02-23,0.06998791462808623,0.7766494360815211,0.7405962071461537
2015-02-24,0.0704399134960799,0.7922844675557641,0.7274203165095894
2015-02-25,0.06043100884675704,0.8237668098698517,0.6911682847132673
2015-02-26,0.04442297543873405,0.8708979709355893,0.5655487083316829
2015-02-27,0.032540761304540686,0.9063209681635035,0.45788119087395474
2015-03-02,0.02063194657406913,0.9361271335389899,0.35054764721815335
2015-03-03,0.012129479113606864,0.9550708026985888,0.2662456315998483
2015-03-04,0.009294324421413518,0.9636540772554947,0.19566441251292815
2015-03-05,0.010739780907364046,0.9618094175225249,0.19334412178882734
2015-03-06,0.03530571268980166,0.9083386550300185,0.2875195006547874
2015-03-09,0.05204660232954136,0.8742633627673051,0.3528816229994523
2015-03-10,0.1400832462352543,0.6910912814929728,0.43397490376581993
2015-03-11,0.22556933537632512,0.5090777729210788,0.5103319785073592
2015-03-12,0.32143983083308675,0.31957832799334374,0.5883970401825309
2015-03-13,0.39536240781196486,0.1822331319152222,0.5565580645152679
2015-03-16,0.46795394151010106,0.04685354440637422,0.5880455083999147
2015-03-17,0.45921573178651587,0.08554155126592565,0.5907974032705724
2015-03-18,0.41844874160866163,0.18711189745887885,0.5829341072823819
2015-03-19,0.3677127624527112,0.29192833739777946,0.5945172295017034
2015-03-20,0.3200487711311908,0.3890665451683173,0.6194061335058789
2015-03-23,0.2870009880422103,0.4518661760615693,0.6266381907867213
2015-03-24,0.23549773960862672,0.5455172311784734,0.6206694223733003
2015-03-25,0.28864275803571493,0.4418513994533882,0.5932501909174237
2015-03-26,0.34274918586806863,0.33516228464782066,0.5670223489473233
2015-03-27,0.3915374982475013,0.24065263575517287,0.5348108290331897
2015-03-30,0.4273344882437612,0.16893748148680393,0.5215517764127217
2015-03-31,0.4981671627817573,0.03403821965625277,0.4932259801750319
2015-04-01,0.4967986153394758,0.03458994186008897,0.4977015584016492
2015-04-02,0.4959812684016952,0.03688853625433726,0.49886261936538495
2015-04-06,0.4934302013462868,0.04033740728907427,0.5042426791598797
2015-04-07,0.5025452822895199,0.026183597436817994,0.47837380707308974
2015-04-08,0.4983908848338857,0.036783002650031225,0.49063193344367473
2015-04-09,0.430027344653659,0.16792361296713368,0.5250099973371274
2015-04-10,0.3541846508660379,0.31209775183110233,0.5439492998514799
2015-04-13,0.2819606582317391,0.4509126129854186,0.558769295670808
2015-04-14,0.1962756803570493,0.612578425885825,0.5840201821682912
2015-04-15,0.10231438164254696,0.7916071088845669,0.5510521700430988
2015-04-16,0.07250841195449856,0.8503211659800755,0.5065958362736689
2015-04-17,0.09930460509066286,0.7947178629280904,0.5346162682540611
2015-04-20,0.08761559065008173,0.8167182304464117,0.5441347938893153
2015-04-21,0.09094150580552787,0.8090901139895849,0.5616288865229426
2015-04-22,0.11642447176513773,0.7556734314829022,0.6327275483101097
2015-04-23,0.1749882239397505,0.6394077406988712,0.6978793376795973
2015-04-24,0.12766026328887126,0.7375000037739929,0.5894178928390434
2015-04-27,0.12099024540837147,0.7534628808644086,0.5063922957020087
2015-04-28,0.11418182379354636,0.7710503809925054,0.4289744871673909
2015-04-29,0.10961184865858094,0.786443366321658,0.36267069571434896
2015-04-30,0.14564414460800018,0.7199770257919236,0.31251874098805665
2015-05-01,0.18262871451042276,0.6491301333686181,0.39404817773723827
2015-05-04,0.21023546025758585,0.5955170785890944,0.461551611217204
2015-05-05,0.2972427846190452,0.42323348250587917,0.4950013371160996
2015-05-06,0.3736122088883819,0.26787619808700464,0.5003879253423424
2015-05-07,0.37733063652547527,0.2593263697961658,0.4860903804203816
2015-05-08,0.42547925176860596,0.16545891712952548,0.48902241498498905
2015-05-11,0.48671917684788946,0.046382544187389185,0.4829827497365965
2015-05-12,0.4869668622589046,0.048037276081811964,0.48502833400364126
2015-05-13,0.48578613018222533,0.054789377446493426,0.49658280520934833
2015-05-14,0.4771867636723123,0.07291927786333038,0.5240129473959355
2015-05-15,0.4761726114845707,0.07147535982903577,0.5306265958509733
2015-05-18,0.4520912952427798,0.11567294967938513,0.5648265199299076
2015-05-19,0.4104301237126168,0.19257042026754204,0.6235653425078825
2015-05-20,0.3626110643363705,0.2802442065567009,0.6841572112610015
2015-05-21,0.33294063460163137,0.3292278455946782,0.733629599731043
2015-05-22,0.29060038872327787,0.4021649214381,0.781778239648147
2015-05-26,0.2884685963597161,0.3993015897873633,0.8060483362184113
2015-05-27,0.31461128692720824,0.3444282404556216,0.789800822978287
2015-05-28,0.35074241762662917,0.27355869204974387,0.76475308598168
2015-05-29,0.36314616712003317,0.2490402859266399,0.7556449682942007
2015-06-01,0.3793443711006851,0.22327507247178763,0.7377748190971484
2015-06-02,0.37918856101203396,0.22866772958207088,0.7245467048857409
2015-06-03,0.3622614071445831,0.26714356674271783,0.7372183042069219
2015-06-04,0.34200237628224384,0.31045331058033865,0.742112485242519
2015-06-05,0.3371737209818638,0.32344769457773653,0.7280864848274764
2015-06-08,0.36925298909875365,0.2586923792886341,0.684842439724258
2015-06-09,0.3959057934849789,0.20557558030127612,0.6467760048256226
2015-06-10,0.3873082053835156,0.22299983676974028,0.6421476887612876
2015-06-11,0.37564949835903694,0.24608005188080515,0.6448931278181131
2015-06-12,0.3854674501412842,0.23121242058212607,0.6434196760973532
2015-06-15,0.38565326831607266,0.23847327133571056,0.6542829151960595
2015-06-16,0.36842863903024936,0.2783237526100151,0.6796743834745207
2015-06-17,0.3742707220182592,0.26995044105726296,0.6755054041014823
2015-06-18,0.3688452344974161,0.2825174605316131,0.669336012924623
2015-06-19,0.3567043204042835,0.3089059429859548,0.6624853822748837
2015-06-22,0.35010540694843995,0.32062029142352333,0.6687430288996109
2015-06-23,0.35830919786228116,0.30157274623870345,0.6613028039193969
2015-06-24,0.35920020918433454,0.29759844081894316,0.6644187438855585
2015-06-25,0.3836848102981468,0.25011267252715885,0.6693844652287694
2015-06-26,0.3913462786352072,0.23333745029679082,0.6767147936198923
2015-06-29,0.4004079044968168,0.20729532482244434,0.637919390218578
2015-06-30,0.4106928974311378,0.18101018008417233,0.5983515257668729
2015-07-01,0.4438098289880637,0.11340294481764024,0.5467499253081036
2015-07-02,0.46950788527461007,0.06286252612884191,0.5068942407307233
2015-07-06,0.4947465679403294,0.013774929467327173,0.4613564689974446
2015-07-07,0.496263570235944,0.022423957780942215,0.4761885949607918
2015-07-08,0.5010336187137824,0.022475612318461465,0.47174842373746034
2015-07-09,0.5035397358937985,0.02002268102913169,0.467289130408422
2015-07-10,0.5041299803263998,0.016157904261538947,0.45348176566040765
2015-07-13,0.5023968885259072,0.021157843501472814,0.4558193795835713
2015-07-14,0.4932259684072172,0.03584770692186756,0.473798289651749
2015-07-15,0.4785954705465866,0.06258411963726614,0.5126641545263577
2015-07-16,0.4651091346401426,0.09058624634660012,0.5522237351358515
2015-07-17,0.4312515773360053,0.16019236190403316,0.6193276500898077
2015-07-20,0.4071983692967063,0.20528180680596358,0.6659214192792051
2015-07-21,0.3939647130054967,0.23425539363663583,0.6839015066975505
2015-07-22,0.38687968537025397,0.24387852932789444,0.6968619446728521
2015-07-23,0.3912541513464399,0.231785502663522,0.6872706680940132
2015-07-24,0.423078702367074,0.1659617985489184,0.6317806497042037
2015-07-27,0.4445352121462636,0.11744764991685357,0.5898376620280905
2015-07-28,0.4616193542820852,0.07868990119547621,0.5583920666278919
2015-07-29,0.4575344128143213,0.09081264787013013,0.5705327265358264
2015-07-30,0.4228374814672935,0.15831546806345145,0.6140591457754763
2015-07-31,0.3678574152063155,0.26055665162303826,0.6843001816167982
2015-08-03,0.3290499196510964,0.3296084646592451,0.7502092605356319
2015-08-04,0.3015358901991314,0.36853860750876366,0.8055157555882726
2015-08-05,0.2656759669515129,0.42540675800474137,0.8302225202260143
2015-08-06,0.2847904064210139,0.35867236243748185,0.8216453207846465
2015-08-07,0.3120970269412322,0.27499160748777673,0.8148532995036708
2015-08-10,0.33200540957069236,0.24306813350379328,0.797595892643117
2015-08-11,0.3653686518595344,0.19323796130336357,0.7314361644423368
2015-08-12,0.4237572713902521,0.09107568167289296,0.6563022106629555
2015-08-13,0.44509822316571823,0.07727721691284264,0.6076029455284155
2015-08-14,0.473887800901471,0.05656138185743882,0.5482045447336581
2015-08-17,0.4924182107481747,0.026438392452860025,0.5097607309031471
2015-08-18,0.4921793843781074,0.0276978499040433,0.5145921253455593
2015-08-19,0.4906452312966355,0.025690851000450786,0.5204129222629879
2015-08-20,0.47848982393336864,0.02227322301184593,0.5352551091197568
2015-08-21,0.4799316854828282,0.019019279294183296,0.6014183378575856
2015-08-24,0.45058940334938624,0.006643772120885213,0.6133820243741728
2015-08-25,0.4347801008569113,0.002204155271923409,0.6332358677116756
2015-08-26,0.5304862520574884,0.00014715848056323378,0.5550746001561875
2015-08-27,0.6344707770188865,8.209263932441175e-07,0.478088594338714
2015-08-28,0.727586353564232,1.7745379619419935e-07,0.33832281544262505
2015-08-31,0.8560652688332647,2.110188678225509e-07,0.2371137776504948
2015-09-01,0.9710230233700903,2.1121396225994866e-07,0.12228115113570415
2015-09-02,0.9764073629469088,1.8191266451756778e-07,0.10091836324235981
2015-09-03,0.9850492702816982,9.970044901433753e-08,0.06860550840391948
2015-09-04,0.9698572212172387,4.8701844058174426e-08,0.08961134946516318
2015-09-08,0.869480992889646,3.2396348955002095e-07,0.1881235972936996
2015-09-09,0.772572828677481,4.4447588334516695e-07,0.29965079678990675
2015-09-10,0.5808983154899622,9.20024053670571e-07,0.38802114925780373
2015-09-11,0.3859216666023256,1.574249291221989e-06,0.4665705189654207
2015-09-14,0.2109568456746153,2.0316028440916747e-06,0.5044711201170962
2015-09-15,0.11959377052297097,2.2490040549680626e-06,0.4691124805760823
2015-09-16,0.019056468357415413,3.04419304480967e-06,0.4308270693754889
2015-09-17,0.01215714619182321,5.178439123826082e-06,0.41791628475199233
2015-09-18,0.00955075282998837,6.136953029942041e-06,0.41227570012362796
2015-09-21,0.0067913653607560975,2.1203286660366943e-05,0.4064157271074573
2015-09-22,0.004498580050999964,9.489510155929605e-05,0.4017830844642056
2015-09-23,0.005004434462279134,0.00012851328339310517,0.4032514316183139
2015-09-24,0.0058334186228817505,0.0001511798903789955,0.4055229046483929
2015-09-25,0.0052581963128351585,0.00025732722572327374,0.4045095802450073
2015-09-28,0.004913182459514823,0.00024227997234185127,0.4036193875301299
2015-09-29,0.004474531096368874,0.0001684965325258101,0.40218749464354503
2015-09-30,0.003922401156659211,0.00014174795632590094,0.4010389422000703
2015-10-01,0.003915425929805169,0.0001180536415687677,0.400938370738528
2015-10-02,0.005003980669506197,7.01129675257397e-05,0.40613151479510545
2015-10-05,0.006666992759309752,0.00044659745295177187,0.41497434674368794
2015-10-06,0.0075612259185662365,0.0005251713894634486,0.41805091798379934
2015-10-07,0.010789244619801287,0.000881870835801829,0.436854600468157
2015-10-08,0.011225715375711685,0.001175048505253115,0.4437038122452412
2015-10-09,0.014958754983351485,0.0021008261668753283,0.4646868817137314
2015-10-12,0.015967532229814473,0.009762566095304601,0.4863757171579845
2015-10-13,0.01609832615004315,0.012601548147806133,0.4983983839060541
2015-10-14,0.015633095983824806,0.019594427847954544,0.5090511228669597
2015-10-15,0.022989308610612734,0.059295247818628896,0.5718841376348898
2015-10-16,0.02290573701744702,0.12914740997706153,0.6100433417119249
2015-10-19,0.02167823570325595,0.2055498222033198,0.6313740034189118
2015-10-20,0.02237661522295825,0.27186084011361594,0.6714085500521905
2015-10-21,0.0195819835674878,0.2807928294621519,0.6695057312532882
2015-10-22,0.010919863861364738,0.28513783524388703,0.6418966437384599
2015-10-23,0.006223851195116174,0.26540640000497734,0.6220640060039571
2015-10-26,0.00460458893375935,0.22017629946695533,0.6101362447656362
2015-10-27,0.003184741120042402,0.1569019394475762,0.5681922631459394
2015-10-28,0.004135306246678676,0.1455731504629036,0.553287937302493
2015-10-29,0.0040671664478807,0.12177991441608996,0.5381401949344502
2015-10-30,0.004237190658097361,0.09369456009064688,0.5255610160234376
2015-11-02,0.005638678148437673,0.1286150367015752,0.5479402817832243
2015-11-03,0.009205899405772367,0.24839366852727868,0.6158891204493437
2015-11-04,0.010146042794762482,0.3485546482798062,0.6797293474275374
2015-11-05,0.013480443436503725,0.43815103452295573,0.7297485181573646
2015-11-06,0.013880787337703435,0.5874593385407517,0.7241137672729097
2015-11-09,0.015091567264866493,0.6668222766567261,0.6899906575530433
2015-11-10,0.014559859065373928,0.6917540765028602,0.6363127293155448
2015-11-11,0.014144937532201954,0.7307366791329178,0.582533870722903
2015-11-12,0.012954278024376153,0.7294558643788899,0.5484114566879196
2015-11-13,0.02427936411859182,0.5936328486547738,0.5988409031547745
2015-11-16,0.03824057876056081,0.5108824986593381,0.6564309581147183
2015-11-17,0.059162972611919176,0.42588486281555316,0.7222962093528269
2015-11-18,0.0809681724898902,0.35426314065598746,0.7921236697824918
2015-11-19,0.10650641302896675,0.3019878548274202,0.8475891810766696
2015-11-20,0.16544305676179089,0.3035263394207992,0.8508403118644065
2015-11-23,0.22822231002453064,0.2703257903286265,0.8307817330728483
2015-11-24,0.2833907905451861,0.24222529332208387,0.8020770795430625
2015-11-25,0.3430990697052437,0.20245136123264093,0.7639238369081094
2015-11-27,0.4013788780964454,0.17301741909141377,0.7166894550796917
2015-11-30,0.38841965780877424,0.21108759815236783,0.7294513119021697
2015-12-01,0.36200524058782724,0.2565865841046075,0.756436060046216
2015-12-02,0.34606259412987284,0.2840279508238258,0.7807935001578732
2015-12-03,0.3292090071591288,0.29473879147440873,0.8128415862242326
2015-12-04,0.3279975375189267,0.2855936487631351,0.8081222735617523
2015-12-07,0.3555991269111688,0.22780293109774363,0.7647314802655325
2015-12-08,0.3874561973834698,0.16211587442721692,0.7248571557475214
2015-12-09,0.41625221074124835,0.10441540142271495,0.6705131275934462
2015-12-10,0.44343093124717486,0.06916420837007634,0.6138380327065972
2015-12-11,0.4537426534006427,0.052887270382623905,0.5855044304668444
2015-12-14,0.4638936932860876,0.0362579285889243,0.5507041830350407
2015-12-15,0.4714233873993301,0.022382728847943904,0.5195714202101062
2015-12-16,0.47445389541952104,0.018228208345052628,0.4988582086800422
2015-12-17,0.47463903153808584,0.012217612755645643,0.48505672431806374
2015-12-18,0.4572044869319555,0.01346591202759847,0.5259154914624189
2015-12-21,0.4493361951104731,0.014829558150515584,0.5524287518017953
2015-12-22,0.45237380513945197,0.013099253539927464,0.5505528434187711
2015-12-23,0.4518145693862117,0.012807222255299611,0.5592608344139001
2015-12-24,0.45500426630208335,0.012804604851978518,0.5577533222062598
2015-12-28,0.46217130089862,0.022846071697489645,0.54548895221046
2015-12-29,0.46008688614973564,0.030223983967370045,0.5479923246606979
2015-12-30,0.4551149693634732,0.03473080902979983,0.562799559294696
2015-12-31,0.4419363386099323,0.03945929457223761,0.5978523098739258
2016-01-04,0.4222284804712064,0.04006540450539337,0.6450905914643578
2016-01-05,0.4040415273736106,0.032367263600959886,0.6727180146130645
2016-01-06,0.3872757214700271,0.02546420869090118,0.7047012252510726
2016-01-07,0.33138037436110246,0.019301802198059236,0.7445759117414383
2016-01-08,0.2560368509864607,0.011737173103931974,0.7129702768862102
2016-01-11,0.18479443793401606,0.009001322749787242,0.6764021616929574
2016-01-12,0.1348890526183923,0.0037644814767152203,0.6533141724232581
2016-01-13,0.0676257916650416,0.0002314163490321123,0.5829810777485799
2016-01-14,0.043661432461386054,0.00014215564932974146,0.5370345614769377
2016-01-15,0.048358591024185583,0.00011701935050181537,0.5291045675930807
2016-01-19,0.0518842705060654,9.184502074801795e-05,0.5193615352015353
2016-01-20,0.04940072534043534,5.4539932983517785e-06,0.48765143192603155
2016-01-21,0.0905106719225421,5.157736343832167e-06,0.5227880665118473
2016-01-22,0.11503204051426863,1.8838297266717178e-06,0.5415513211940134
2016-01-25,0.14583114995713026,2.0608252602006002e-06,0.5686265317238732
2016-01-26,0.18846622452156855,3.067577973182968e-06,0.6136607086955818
2016-01-27,0.22481504903140603,3.067980791593707e-06,0.6342211023993453
2016-01-28,0.19125614782306682,3.1846631233927602e-06,0.6102734342006557
2016-01-29,0.16203347452085656,2.9595454137410425e-06,0.5749468458540992
2016-02-01,0.12079319434636335,9.278865869538448e-06,0.5312751779056886
2016-02-02,0.0710566179638589,8.48095384199457e-06,0.47535820679554375
2016-02-03,0.023604149492148292,8.600215402388074e-06,0.4399330659760162
2016-02-04,0.017571178987889142,8.580757322192993e-06,0.4302949803141331
2016-02-05,0.016765346873182266,6.957839508448974e-06,0.4279887335863708
2016-02-08,0.02399068820486499,4.5164997932027933e-07,0.4403598385990778
2016-02-09,0.028213617060368523,2.2962533149676328e-07,0.447244151829495
2016-02-10,0.029544910205158925,1.0360325430664145e-07,0.4493882854991288
2016-02-11,0.029381342910570173,1.7264052502204793e-10,0.44898959806887084
2016-02-12,0.02688220642949194,4.8076384118321334e-11,0.4446056408028574
2016-02-16,0.02168105525145538,6.118187867364955e-09,0.43631830032853325
2016-02-17,0.020354939977970377,4.7244377807211725e-08,0.4343544636405964
2016-02-18,0.02203109206551172,5.371290109681486e-08,0.4369984201306947
2016-02-19,0.026344135123242362,6.511476769339095e-08,0.44393469368990274
2016-02-22,0.0252294644281433,1.8402770439917248e-06,0.4416145197148314
2016-02-23,0.024595604903231524,3.9048575862189374e-06,0.4407772893154096
2016-02-24,0.026472142187908314,4.7248976407267524e-05,0.4447450449385236
2016-02-25,0.02725505610029604,0.0004436480071594795,0.45077668537969495
2016-02-26,0.022945779397406715,0.00044872620075700313,0.443908586137758
2016-02-29,0.023123861882344256,0.0004477301595250902,0.4443388400227624
2016-03-01,0.022513651021345515,0.0007390548412197289,0.44514297653484736
2016-03-02,0.01642549191317081,0.001312232729611329,0.43745808350165183
2016-03-03,0.01329762164471432,0.0017492390846136688,0.43134779399866163
2016-03-04,0.012245195032576709,0.001922678001208354,0.43010944925441874
2016-03-07,0.012534340823775136,0.0020220083616095184,0.43126100281563307
2016-03-08,0.017719549520330065,0.0017296530746728535,0.43786342686962804
2016-03-09,0.021903216013350997,0.001113172425771814,0.44153542171634863
2016-03-10,0.025822617671673164,0.0002798322108493527,0.4438675005865515
2016-03-11,0.03193667566678203,0.00010264114770687659,0.4530229602385818
2016-03-14,0.035814609578002095,3.740002831781079e-06,0.4593456097068553
2016-03-15,0.02993533162303715,2.869109733521621e-05,0.44869200030199635
2016-03-16,0.024666111771110378,0.00032942818601557793,0.43926480392804634
2016-03-17,0.016741297809982434,0.0012318139785143082,0.42770601802721525
2016-03-18,0.008651733648428181,0.0015259423880679226,0.4140039999988117
2016-03-21,0.0029868856745654355,0.0026380688476446627,0.40627766423589884
2016-03-22,0.0023592615908371462,0.00861671314822186,0.4186698528297539
2016-03-23,0.0025562308951047157,0.008625290030776977,0.41948348882463105
2016-03-24,0.002934268580454479,0.008378671646752848,0.42056728621459855
2016-03-28,0.0035621231819142466,0.010770997202913586,0.43079916343085145
2016-03-29,0.004473446969162844,0.025379790980169813,0.45790277820904884
2016-03-30,0.006034655105928749,0.05185830870416965,0.4862799417752247
2016-03-31,0.041578339751647646,0.07437980913682485,0.5830230539702004
2016-04-01,0.07157584348958983,0.10867282608862676,0.6776940908432342
2016-04-04,0.09927780710208853,0.1253670973004509,0.7568458566109905
2016-04-05,0.12245967861814197,0.11353837032267163,0.7961479029300024
2016-04-06,0.13554737316309962,0.09501566072593912,0.8224293035624692
2016-04-07,0.10583601249700267,0.07472610613764004,0.7562200159156289
2016-04-08,0.08595380042903376,0.0423528831415783,0.7026744350895513
2016-04-11,0.06575980679946511,0.024124088069239512,0.6484388744389494
2016-04-12,0.08067956247789776,0.024193574159582554,0.661234960737409
2016-04-13,0.12109364916579857,0.02268595681734131,0.6842052850071804
2016-04-14,0.1733151177665609,0.03432026502522136,0.7432425661317448
2016-04-15,0.23649852165179125,0.04263667596840918,0.773804285694005
2016-04-18,0.29260206923248055,0.05660145775248284,0.8259807838106198
2016-04-19,0.31494559370506714,0.0620860059816445,0.8286186111159963
2016-04-20,0.3155991148928403,0.06718192989396574,0.8299844278144128
2016-04-21,0.3070549209707993,0.09336185249704096,0.8372031470633363
2016-04-22,0.27554899076722544,0.08834832528580527,0.8473463556033014
2016-04-25,0.23892785097216046,0.07819517764502815,0.8347094524486163
2016-04-26,0.18575022468768596,0.07139409166536334,0.7887431206651964
2016-04-27,0.14559580114827808,0.05681645459210046,0.749683994845792
2016-04-28,0.1024743376293574,0.016930078090094437,0.6793434529852656
2016-04-29,0.06303761226454907,0.011245069319242473,0.6082272865240564
2016-05-02,0.04533356104459315,0.006978183978508107,0.5702286408597101
2016-05-03,0.04141542814087174,0.004418966029996869,0.5514431912382057
2016-05-04,0.026370031337747117,0.0014634175312288832,0.5023977495246154
2016-05-05,0.020740622864784345,0.0010029577053422658,0.48120562554085156
2016-05-06,0.01914955331121984,0.0008195216680127742,0.47418582821796573
2016-05-09,0.010943588664922272,0.00013721958735588333,0.44720694422053847
2016-05-10,0.012242363256284403,0.0001509663335376117,0.45378944340322824
2016-05-11,0.018277835132499812,0.0001616761059832075,0.4786179316816864
2016-05-12,0.02389306500174254,0.0001647995437531758,0.500415040199184
2016-05-13,0.027644341194645643,0.0001605914128047147,0.5159665037358556
2016-05-16,0.05083790183819849,0.00023555183636491214,0.5698144525551594
2016-05-17,0.07099171104279031,0.0001506866473209736,0.608331462091825
2016-05-18,0.08133529617820602,0.0001450928241040357,0.6321277582766409
2016-05-19,0.08590552692223197,0.00014052660843901342,0.6454020610688517
2016-05-20,0.09473124059493099,0.00017943779558713007,0.6713406811800934
2016-05-23,0.07632239190800691,0.00010123110331993928,0.6377425501724086
2016-05-24,0.07802913421321915,0.0005323518713757164,0.6452548866798322
2016-05-25,0.10224889670555515,0.0012494418527211019,0.6732408754155002
2016-05-26,0.12203385809888874,0.0022169677524740404,0.7098985324949973
2016-05-27,0.12365382230386013,0.0032631433278637522,0.7189937056359346
2016-05-31,0.125337547705734,0.004358076975069683,0.7272292719133162
2016-06-01,0.11128404243614465,0.007382492595309355,0.7094282357353198
2016-06-02,0.07385893078383798,0.00844280115405276,0.6532107070917902
2016-06-03,0.04447512948776951,0.008169928237150799,0.5873020893840121
2016-06-06,0.03307460575346042,0.008840471846783772,0.55421552656324
2016-06-07,0.029489695065969313,0.009953229236053901,0.5445988751067699
2016-06-08,0.023866393781250182,0.04822097214885773,0.5590797050041727
2016-06-09,0.043541206648120404,0.10556376386460715,0.6271747444754647
2016-06-10,0.052661989865673345,0.10815476987333898,0.660908654481871
2016-06-13,0.05215742127038595,0.10734455186680317,0.6563829237421501
2016-06-14,0.053191285661945475,0.10609010515550674,0.6548281629191758
2016-06-15,0.057253852216192315,0.06513842909351249,0.6283292977818176
2016-06-16,0.036884790792608216,0.0062569117524723635,0.552112197589428
2016-06-17,0.02686174996656495,0.003003740114263735,0.5115919883635359
2016-06-20,0.025211474287043106,0.002126004285217972,0.5024026258939948
2016-06-21,0.03547698216954083,0.0013458274501723204,0.5261074189804865
2016-06-22,0.03130603993780116,0.0006540095810121932,0.5157225754434337
2016-06-23,0.0791945742448172,0.0006073847393847451,0.5744906968092708
2016-06-24,0.16604816564870575,0.0005704649602038959,0.6527121657027236
2016-06-27,0.2755204823157481,0.0004969898631892476,0.6846457022147658
2016-06-28,0.41096992624833206,0.00031379674402349627,0.6657940967995646
2016-06-29,0.5446829700160704,0.0002485080882996503,0.6736776576403992
2016-06-30,0.6147875720249989,0.00010246013434518681,0.643706945277341
2016-07-01,0.6336021712972932,0.00017062910678271944,0.5989526696239512
2016-07-05,0.6210409982745366,0.00021229353638852448,0.5833550569676301
2016-07-06,0.5697063118828082,0.00025406499895141565,0.5750365606231902
2016-07-07,0.5281612470979701,0.00026253095717692525,0.5532743456794661
2016-07-08,0.514047417936433,0.00022679589968247252,0.5193282338228324
2016-07-11,0.48113743309643775,0.006539141411037057,0.5453893809751176
2016-07-12,0.3937717575207572,0.053246736505119976,0.5996150237625704
2016-07-13,0.30091587170866885,0.11913568651325157,0.6484010325145013
2016-07-14,0.20269225842776967,0.2217555248149942,0.6773377655492476
2016-07-15,0.09765743777260945,0.31800468644645263,0.7165267431998238
2016-07-18,0.025005701205036042,0.43420507332436786,0.6843299602420394
2016-07-19,0.014279584509839382,0.5304325045225938,0.618137389432898
2016-07-20,0.007442527574269907,0.6110808329758506,0.5560467480672484
2016-07-21,0.006656960500069422,0.6527238988114175,0.5238389657714325
2016-07-22,0.004818094145288347,0.6840131137769934,0.4984068448084756
2016-07-25,0.004365787990627182,0.7023219491437768,0.4819393441290055
2016-07-26,0.004402374007638965,0.7275944182075058,0.5065028239017288
2016-07-27,0.006158686361305197,0.7225624434363769,0.5613566605095779
2016-07-28,0.005270250933897036,0.7688349527198503,0.526673191327668
2016-07-29,0.0054819219404294,0.8365744000421922,0.4505552853240598
2016-08-01,0.005383965258074133,0.8927074951536845,0.37424656133184475
2016-08-02,0.005073019697355035,0.9226160519170616,0.2708845009787881
2016-08-03,0.002794266082233523,0.9801242733747848,0.13834712856461834
2016-08-04,0.002570793709869865,0.9890165359865046,0.08677229261316083
2016-08-05,0.0018415754514687175,0.9936350169173649,0.07016243627613987
2016-08-08,0.0011112109943910054,0.9965674894927343,0.06221575801641201
2016-08-09,0.0004457333263841414,0.9983727970944478,0.060870954240904565
2016-08-10,0.00025708364949836776,0.9992627709848998,0.06160136904957429
2016-08-11,0.0001174416989411857,0.9997554393386979,0.06735526259299598
2016-08-12,0.00013586777971433167,0.9997322952735368,0.06610979207344286
2016-08-15,0.00020947043550547956,0.9995570876681237,0.06181462131369332
2016-08-16,0.0006263816718921837,0.9986472608205699,0.05612121269336072
2016-08-17,0.0007934716225113396,0.9982641957398972,0.050088037519583115
2016-08-18,0.0012796637656073632,0.9972267748445386,0.04622360597358571
2016-08-19,0.0018296769341820025,0.9960221167973031,0.044912042419481574
2016-08-22,0.002003967740619959,0.9956131457641852,0.04622761344702433
2016-08-23,0.001971915193255658,0.9956413483770199,0.04716112140740295
2016-08-24,0.0031087657837704863,0.9933091639009616,0.055258003909445505
2016-08-25,0.004453283207751533,0.9905124946197169,0.06506737579835618
2016-08-26,0.0050319978078070555,0.9892871786892675,0.07313216380418883
2016-08-29,0.00832369754888804,0.9826621239611653,0.09287435978600381
2016-08-30,0.012946508595119926,0.9733074272807507,0.12136997942290746
2016-08-31,0.0178521662638123,0.9635535952215853,0.1469818904598315
2016-09-01,0.02149257628711628,0.9563543599682705,0.1645831326623974
2016-09-02,0.024369727772615233,0.9505396481999071,0.1799352902294232
2016-09-06,0.02859897647401144,0.9413084922361866,0.2142186127724477
2016-09-07,0.03324502928421606,0.9315304748231961,0.24224163729486975
2016-09-08,0.03445878730007508,0.9286000625148132,0.2555279582340241
2016-09-09,0.13218567724519517,0.7443694663260674,0.31277234846183305
2016-09-12,0.18690133726626992,0.6404922633921665,0.4075469732558103
2016-09-13,0.2689775158305632,0.48570672580600743,0.4625856421419027
2016-09-14,0.34185803978462237,0.34757304383209925,0.5210903469355663
2016-09-15,0.4229209424557784,0.1939050981627018,0.5871302294061866
2016-09-16,0.40933359626025057,0.21769307649979974,0.6105824304952601
2016-09-19,0.43736269522603954,0.16377528504933672,0.6028880564864973
2016-09-20,0.44015417379805355,0.15796759125142126,0.5963607730728264
2016-09-21,0.45669459379500077,0.13282650477650706,0.5812672438515996
2016-09-22,0.4615487025479895,0.13405846343429434,0.5860610728441578
2016-09-23,0.43760278146803094,0.18222733795712048,0.595478854259813
2016-09-26,0.43445867451049053,0.18813968099280678,0.5987232138494442
2016-09-27,0.42806042125808313,0.19824166909157873,0.6119426468540969
2016-09-28,0.41752125689707864,0.2102695879136307,0.6242160337122709
2016-09-29,0.40827071787584596,0.2121394506287249,0.6307018372721626
2016-09-30,0.4296473964048502,0.16395579757280285,0.6294741649255678
2016-10-03,0.430054702239393,0.15904951643268597,0.6365752494717962
2016-10-04,0.4347526637245146,0.14737528607084896,0.6308910322872798
2016-10-05,0.43075058779967457,0.14869755948786684,0.640086920223206
2016-10-06,0.4235013522154274,0.15622041468524744,0.6524701726300877
2016-10-07,0.40269458776577427,0.1904535736486336,0.6822394757762071
2016-10-10,0.3361902613079346,0.3201569602309664,0.638926622260596
2016-10-11,0.30403799444488705,0.3849625840845324,0.6517379921676426
2016-10-12,0.27587471096380894,0.4452092032120388,0.6512914776188381
2016-10-13,0.27078025064527955,0.46467989625040945,0.6428451324226646
2016-10-14,0.27427218260492703,0.46775083585336324,0.6237808578970505
2016-10-17,0.3355960019951604,0.35188025437215964,0.6719724182507133
2016-10-18,0.3268685985909951,0.3697283370616403,0.6626433637651303
2016-10-19,0.32056009435562494,0.38343738159753366,0.6553390229314664
2016-10-20,0.2973839294144963,0.429746672126158,0.6420681917897654
2016-10-21,0.2806344873454737,0.4621891338985238,0.6324812083997153
2016-10-24,0.255638795463285,0.5105888593690061,0.6253804358902796
2016-10-25,0.21812003509250966,0.5820979666985047,0.5654746747499597
2016-10-26,0.18542510116611846,0.6445680955238137,0.516894560576526
2016-10-27,0.16106768279382586,0.6906150287124084,0.48714173136694294
2016-10-28,0.17255008280315093,0.6708501087180999,0.49129444338498746
2016-10-31,0.1869438509934188,0.6445921654372104,0.4980524790513289
2016-11-01,0.27167130314158083,0.4850565508768471,0.5488180912588693
2016-11-02,0.3590809301688521,0.32205127247619136,0.5651207896827783
2016-11-03,0.4409301966255293,0.16970059317409553,0.5597426830585094
2016-11-04,0.48222099047800737,0.09212075833816649,0.5183156963569658
2016-11-07,0.5148839697590192,0.029547027535525554,0.4797450159326089
2016-11-08,0.5023457203949498,0.05296833004967003,0.48950230875349626
2016-11-09,0.4408664251839731,0.16863343853199544,0.5095091414672879
2016-11-10,0.43995489369617946,0.17032403521801878,0.5090511693139244
2016-11-11,0.43845400458916545,0.1716037250405202,0.5035986979481442
2016-11-14,0.44298433495645,0.16366674117398144,0.48735364212126964
2016-11-15,0.4618452878679564,0.13039456222668108,0.45715553242553464
2016-11-16,0.5097499471350877,0.04125000626553636,0.4633685330430593
2016-11-17,0.4855389944706082,0.08619063401286434,0.5025003913225986
2016-11-18,0.4700147169446606,0.11703258119329725,0.5367837946559649
2016-11-21,0.4509884319261168,0.14689585219556037,0.5828598138387218
2016-11-22,0.43694558628057856,0.16327508275537114,0.6112454813554921
2016-11-23,0.43546927676035485,0.15720356359929222,0.6152820219346018
2016-11-25,0.4241317445189357,0.16444213974631652,0.6460642675804364
2016-11-28,0.40598982786655496,0.18701177956272005,0.6805709381833411
2016-11-29,0.36439734254964057,0.25764998339414263,0.7242056404837857
2016-11-30,0.3460143948724769,0.2833912322432946,0.7611751534851183
2016-12-01,0.35160976491209917,0.26598320608126663,0.7473627419752562
2016-12-02,0.3735651974782078,0.22060931749092866,0.7082664414429406
2016-12-05,0.39689667617352714,0.17494407706924103,0.6648903513891123
2016-12-06,0.43994813453349274,0.09179803679070828,0.622244709820992
2016-12-07,0.43895267367933644,0.10800395212047627,0.5963048613504551
2016-12-08,0.40736884344221574,0.1788656067110649,0.6216221995369132
2016-12-09,0.39364906616961265,0.219652500754266,0.6377900167738996
2016-12-12,0.33279821260206055,0.34728237642458976,0.6273954493366822
2016-12-13,0.27646380887303873,0.470753035931061,0.6007186447291687
2016-12-14,0.22093848203573369,0.5786135872555036,0.5338384485284362
2016-12-15,0.16180425383034763,0.6916823112332782,0.44809335190683963
2016-12-16,0.09291412430473493,0.8234832597897384,0.3721657126779158
2016-12-19,0.0744399057630046,0.8563133293013504,0.3572755736816112
2016-12-20,0.05093784220537849,0.8988725279824864,0.31538061552288926
2016-12-21,0.04960248720500763,0.899170285278734,0.3317928117748392
2016-12-22,0.04777218006087306,0.9027234553227114,0.3344054754511905
2016-12-23,0.039470447168554905,0.9191114396065722,0.323308072424161
2016-12-27,0.026688022528343586,0.9445614075415125,0.29204520801221034
2016-12-28,0.021562800170253502,0.9540772092886322,0.285999156326877
2016-12-29,0.013781425929017072,0.9690361453839929,0.27011407065059395
2016-12-30,0.046651770928806215,0.9037572282680191,0.35390091782558264
2017-01-03,0.051042630409187405,0.8954887950474386,0.34033215401190986
2017-01-04,0.053348938867122206,0.8916338664376321,0.31447611126759484
2017-01-05,0.056483943256607674,0.8866272650461904,0.29936160655607624
2017-01-06,0.05985652409644808,0.8819319777318395,0.28050095518724544
2017-01-09,0.037659568705871976,0.9275548276570198,0.20739271267538895
2017-01-10,0.047574458285503926,0.9087804534804876,0.23915584847044222
2017-01-11,0.0577761742185379,0.8895001022792985,0.27411588000392106
2017-01-12,0.0626831357329183,0.8801080098168843,0.2898341882931721
2017-01-13,0.07079786117023187,0.8645620332833636,0.3147064847892936
2017-01-17,0.06414154733235959,0.8767923268778304,0.2955857360066946
2017-01-18,0.05364531747638429,0.8963203602874723,0.264596933531258
2017-01-19,0.04597772891213629,0.9103880366975092,0.2430757601798022
2017-01-20,0.04130528124259912,0.9189129476029312,0.23153201839304932
2017-01-23,0.027667276199046315,0.9446228652643798,0.1901569258390537
2017-01-24,0.023911367790337125,0.9518059923072478,0.17558538786063088
2017-01-25,0.02225746957261693,0.9550646039228357,0.16580867202805127
2017-01-26,0.01938745167165356,0.9605589642488301,0.15317735054854884
2017-01-27,0.01700365622711892,0.96520278371598,0.14098048998941565
2017-01-30,0.025363945853297737,0.9488151471754129,0.16801233649710226
2017-01-31,0.040017444677180304,0.9194789902885558,0.2187427711520873
2017-02-01,0.0491840374092135,0.9001888308010487,0.2580333538656068
2017-02-02,0.06427486556704061,0.8705724651481251,0.3073199665968156
2017-02-03,0.08924898973918455,0.822673447893585,0.37555760747733197
2017-02-06,0.12342804650696518,0.7572116110227017,0.4407259545891691
2017-02-07,0.1526259817773125,0.7030161953165762,0.48616027758665725
2017-02-08,0.17531445483853747,0.6614604121850698,0.5316787885401241
2017-02-09,0.18471172907454408,0.6445677897227771,0.5503855585844585
2017-02-10,0.18807502014050756,0.6386432138946987,0.556244174814436
2017-02-13,0.1501693559429525,0.7113852723876457,0.47890706712719977
2017-02-14,0.10810823508218517,0.7913188131346927,0.38878367161011373
2017-02-15,0.0754965906473902,0.8533939322416826,0.29967057897056704
2017-02-16,0.049233231830245125,0.9032628833331957,0.2217236883381973
2017-02-17,0.018672940614786047,0.9611870020897696,0.13580446120161746
2017-02-21,0.011729128312239304,0.9746116461318349,0.10434507520346517
2017-02-22,0.008403260766943142,0.9809314636957455,0.08859210335145476
2017-02-23,0.011804398428632972,0.9744992537709379,0.10345014265373312
2017-02-24,0.01646280289798611,0.9658788562225501,0.12318855028137847
2017-02-27,0.02094600609455091,0.9577088287280944,0.14253748648248904
2017-02-28,0.029172921490967636,0.9425297676941877,0.1755346139914766
2017-03-01,0.044578085549095335,0.9151658634638651,0.22795371381554524
2017-03-02,0.055084747516395825,0.897316144625148,0.25839138447571386
2017-03-03,0.06569252590220985,0.8789783301447255,0.287493221841558
2017-03-06,0.07987827873774182,0.8538345110932719,0.3253422871801901
2017-03-07,0.0964988721743121,0.8238477589859837,0.3646728963018544
2017-03-08,0.10996224958719683,0.7983032779331196,0.3900363319161033
2017-03-09,0.12355147406438438,0.7721151772087967,0.4182675286224636
2017-03-10,0.1303476394509328,0.7590338010789957,0.433887315036802
2017-03-13,0.11747102404661827,0.7830343316946898,0.3990034778243941
2017-03-14,0.11054805258858351,0.795992294133439,0.3839606963342578
2017-03-15,0.08443208283864499,0.8443998074344037,0.3189835043511669
2017-03-16,0.05863631051273972,0.8921410133306507,0.2542936270496464
2017-03-17,0.04635296370261861,0.9139065633880559,0.22907914914437252
2017-03-20,0.04836026166330583,0.9086770589577018,0.2409757133274716
2017-03-21,0.07482717618317103,0.8585803846459601,0.28305814261553763
2017-03-22,0.10248025578802347,0.8069537610331929,0.3485443209109341
2017-03-23,0.14666287002702752,0.7233860272106372,0.435979846056861
2017-03-24,0.1856107115567597,0.6493673232899434,0.4959545341029286
2017-03-27,0.2205815553678276,0.5836798752447441,0.5564565656047649
2017-03-28,0.216042832070159,0.5925500993427681,0.5529941746702562
2017-03-29,0.23224950466229544,0.5628341677172739,0.5758006726165654
2017-03-30,0.2546294324463614,0.5225438158514746,0.5941566432006786
2017-03-31,0.2580791584936297,0.520847516318233,0.6037572606982923
2017-04-03,0.2797627691312312,0.4822640388609378,0.6255120923080482
2017-04-04,0.25337607056306827,0.5301871188325272,0.584106669429764
2017-04-05,0.21693756718953977,0.5971313050141249,0.522509990265249
2017-04-06,0.158127218065567,0.7059448824298965,0.4460859871851227
2017-04-07,0.11600528154404768,0.7809424152911619,0.3777529332007622
2017-04-10,0.0633736439622526,0.8772907737976761,0.3096764760094356
2017-04-11,0.06524674171846731,0.8733757658674639,0.3160415671379511
2017-04-12,0.06416812482928627,0.8746267539412373,0.321896096404767
2017-04-13,0.07694791950282373,0.8481655171405427,0.37361767955237707
2017-04-17,0.08238320279055374,0.8379502930619684,0.38886994808083336
2017-04-18,0.08873697212020575,0.8262740224319405,0.40237754000432224
2017-04-19,0.08895492303999321,0.8263404207513319,0.40061719642600674
2017-04-20,0.11029332704670396,0.7880049604014626,0.43741552806227224
2017-04-21,0.13355689312767,0.7477454788674214,0.44894008062614493
2017-04-24,0.13322239814264752,0.7509980880624932,0.44044455861699383
2017-04-25,0.12449331348311303,0.7699013893795232,0.40915889609631934
2017-04-26,0.12695650582598678,0.7675078367931033,0.4058398265907378
2017-04-27,0.10678437051933694,0.8058029501807458,0.35803412673871915
2017-04-28,0.06550800100214538,0.8833973804600926,0.27209645749639844
2017-05-01,0.050050358436388956,0.9106843693877351,0.2212196626961908
2017-05-02,0.039703032136526116,0.9283881122743848,0.18398298881760128
2017-05-03,0.021596658386956805,0.9610670498907489,0.12430031998572792
2017-05-04,0.010457358872017805,0.9812219471415228,0.08196406528386548
2017-05-05,0.00450046149048874,0.9921846215775652,0.055731154075618496
2017-05-08,0.002870435807824769,0.9951170087004406,0.05241910805524388
2017-05-09,0.002127755534747618,0.996464420262539,0.05553697955679354
2017-05-10,0.00123970524275233,0.9979763802084103,0.054291772071261214
2017-05-11,0.0007484636277422735,0.9987849256699921,0.053059028523891126
2017-05-12,0.000599632736298836,0.9989662793376572,0.05208301052105162
2017-05-15,0.0005501448073628164,0.9990322976630454,0.05061828125909131
2017-05-16,0.0005443670838197887,0.9990322951167464,0.047422314790690534
2017-05-17,0.04245348987305105,0.9506243092220406,0.148955276414053
2017-05-18,0.04582198056266829,0.9467609960269634,0.15768438807396404
2017-05-19,0.04687569056842949,0.9455051424849064,0.1570200766133096
2017-05-22,0.047727986379444316,0.9444848326166259,0.15174100463768295
2017-05-23,0.04844958161970631,0.9435622358944586,0.14570527289870053
2017-05-24,0.008256512818414559,0.9896593034366511,0.04576178544937402
2017-05-25,0.006186922692334045,0.9921090442125132,0.03652182719685301
2017-05-26,0.006252739626413112,0.9922042011099803,0.03590123651538642
2017-05-30,0.006765780712873706,0.9916540841377062,0.03779965916257179
2017-05-31,0.007589245232797928,0.9907419089591109,0.0410515954648166
2017-06-01,0.005927761700576949,0.9928513692168656,0.07520251166752077
2017-06-02,0.0045229621666941595,0.9944620936174793,0.122971554560716
2017-06-05,0.0032629819328711305,0.9958968643854138,0.188033012033417
2017-06-06,0.001913781676244844,0.9974574927017358,0.24816521261271224
2017-06-07,0.00037637164895541357,0.9992753392947764,0.30446502259008185
2017-06-08,0.00027993674338844124,0.9995638689870846,0.3252640092613807
2017-06-09,0.0522599291451332,0.9070146780431102,0.43025031414504833
2017-06-12,0.13769511669895634,0.7539267695702301,0.49582024998419094
2017-06-13,0.18895071820850493,0.6626381744990565,0.5771679817539889
2017-06-14,0.268670424586666,0.5199583822631259,0.6627971522728257
2017-06-15,0.37413704499213407,0.3303881365099421,0.701669343894632
2017-06-16,0.42954702711245807,0.2369087414782851,0.658689829208168
2017-06-19,0.35245794499964705,0.3763486537039076,0.5622063463987801
2017-06-20,0.3679328622301239,0.3549565214653209,0.5581843660485962
2017-06-21,0.2954095476572079,0.4855783383562609,0.443291343296079
2017-06-22,0.19929352984081503,0.6593185156313925,0.38114492017414137
2017-06-23,0.10145368803928641,0.8269432878969945,0.3409892054076626
2017-06-26,0.1157516876149143,0.7964361881286389,0.42605476463377834
2017-06-27,0.14856881117544268,0.7213284199791475,0.3826614750506322
2017-06-28,0.22620536876632985,0.5740980980397332,0.4838316521609798
2017-06-29,0.3228266994225317,0.3937648590474472,0.5311966835497046
2017-06-30,0.4185035127775084,0.21666370728165107,0.545512428439588
2017-07-03,0.4939424665641229,0.07077466698115022,0.5204758953244562
2017-07-05,0.49157093430375587,0.0701728919274285,0.5211007476784942
2017-07-06,0.5069330383067132,0.034704126169157065,0.47617459498919706
2017-07-07,0.5004906697107954,0.03765505649587022,0.48097149240085624
2017-07-10,0.4948677548098389,0.03970288523992609,0.48367650100085025
2017-07-11,0.5012221809136697,0.03672268775538787,0.47872776014956175
2017-07-12,0.4763487179294169,0.08758902444975387,0.522999567028098
2017-07-13,0.4398532719670559,0.15699874698866267,0.5834486086716646
2017-07-14,0.3598866173014229,0.30708844140666147,0.6158246286542017
2017-07-17,0.28073273701520446,0.456274468320699,0.6564819564847567
2017-07-18,0.1801142326176134,0.6388606240734267,0.6282238756970756
2017-07-19,0.11123106891079013,0.7671454670403046,0.5571597558901777
2017-07-20,0.04799922092623997,0.8899360850172491,0.46168929592753216
2017-07-21,0.02909316147742061,0.9297617718507558,0.3919809008388559
2017-07-24,0.009114042453473721,0.9715412139504925,0.3134886744198882
2017-07-25,0.006786881193262579,0.9766027885512598,0.31974348117839285
2017-07-26,0.004256846398377511,0.9812501918595349,0.3183378034517339
2017-07-27,0.004817121981563573,0.9810126438186545,0.31786022085268534
2017-07-28,0.005319529637176231,0.9813464979083548,0.30904477263733254
2017-07-31,0.0057670473540894635,0.9817492291421557,0.2798283721255241
2017-08-01,0.004646072666515409,0.9861714221174165,0.22678801373171917
2017-08-02,0.003928578880384934,0.9901868216136114,0.1658849088630597
2017-08-03,0.003513739517567284,0.9915109065798646,0.12760307120242803
2017-08-04,0.002883890264017919,0.9930970949228533,0.09411930436766638
2017-08-07,0.002251054744775525,0.9945410687874794,0.07509666852341276
2017-08-08,0.0024071561189261638,0.9943429582091495,0.06385154700911183
2017-08-09,0.002885402236763311,0.9935077306518825,0.061967106468789855
2017-08-10,0.09707855477343881,0.8165990674712486,0.16363710216929866
2017-08-11,0.1448966477583466,0.7273701365017421,0.27188004962208956
2017-08-14,0.16040991665928764,0.6982191554796046,0.32883440497757854
2017-08-15,0.1779048921715297,0.6653250593273722,0.38973196153342526
2017-08-16,0.20549434281444956,0.6131205409779247,0.47238404126481237
2017-08-17,0.21019439612071683,0.6029126031233665,0.4535637947241159
2017-08-18,0.2627201134452616,0.501725145316152,0.4267967666645884
2017-08-21,0.34916004116866395,0.3365681959986344,0.4531925113253193
2017-08-22,0.4166378743343536,0.2080119301221918,0.5039415550410715
2017-08-23,0.4748910110656871,0.09756675499650899,0.5305911438980047
2017-08-24,0.46645664635182743,0.10991674171340778,0.5485851710134629
2017-08-25,0.4589186091439978,0.1219767227794795,0.5672891567158713
2017-08-28,0.4381889966012954,0.15732894335466954,0.6112437020643118
2017-08-29,0.4287871811400722,0.17152457643161242,0.6272477148345212
2017-08-30,0.4233074413358734,0.17608490055497605,0.6413321465974139
2017-08-31,0.3709365808680395,0.26406503050297303,0.6826195528470623
2017-09-01,0.3133340877954633,0.3638274729405737,0.7286466045672414
2017-09-05,0.2960839440331913,0.392126046385973,0.7479039417544262
2017-09-06,0.26341968386432146,0.4429414675283126,0.7738689346748227
2017-09-07,0.22078979054672826,0.5142801822970525,0.8009883153915556
2017-09-08,0.24693309537040425,0.464600098345623,0.7974743031300562
2017-09-11,0.23749181683771417,0.49169370017990327,0.7516325505937498
2017-09-12,0.20431936647765614,0.5603772764055791,0.7239026911855522
2017-09-13,0.20396412456931445,0.5724100461829341,0.696811468907352
2017-09-14,0.20318691883084364,0.5855147378237665,0.6648041054636229
2017-09-15,0.17106473470728256,0.6554471607177993,0.6477107107076643
2017-09-18,0.1531151299594607,0.6920220221868999,0.5796776450525807
2017-09-19,0.1248539626990904,0.7488990642126544,0.48052765804844666
2017-09-20,0.08628648459820089,0.8253941574962379,0.3787515655664279
2017-09-21,0.06334861139032369,0.8721733336428981,0.31620893108877735
2017-09-22,0.04463371935900503,0.912946006330958,0.24399580335101706
2017-09-25,0.10960486883029227,0.7852453587520174,0.35017624348176096
2017-09-26,0.1653002462371629,0.6758044921899289,0.4741067209697258
2017-09-27,0.18300088497020478,0.6418801439199808,0.5266121014052395
2017-09-28,0.19291974943036633,0.6224297743857947,0.5533808142212372
2017-09-29,0.20285071888576717,0.6032331826314972,0.5776623482488049
2017-10-02,0.16460880157575503,0.678890433625542,0.5398528919386311
2017-10-03,0.14409080647965372,0.7200496826064049,0.5085412839713881
2017-10-04,0.14693626081732697,0.7147504015910585,0.5144532041041489
2017-10-05,0.1373843387685951,0.7335329330515636,0.4887625073436226
2017-10-06,0.12739676352177445,0.7530141883077734,0.4631664116919897
2017-10-09,0.09580250215658069,0.8143507026348813,0.3764738365809738
2017-10-10,0.06368596522800184,0.8765397403150837,0.2990873922306247
2017-10-11,0.04152353408499493,0.9187285334395547,0.23825321932664126
2017-10-12,0.029359024693141424,0.941660380858768,0.20180506458844075
2017-10-13,0.01751526304967924,0.9642082004800973,0.15952519085981334
2017-10-16,0.015679131084790177,0.9677522635597191,0.15218768098587881
2017-10-17,0.011339364968477181,0.9763567291275669,0.12888045018698507
2017-10-18,0.011284662370869447,0.9766583111325756,0.12263265682574107
2017-10-19,0.009922562916782061,0.9794577948339278,0.1095309378285529
2017-10-20,0.009930331126756531,0.9795034445600994,0.10565852877961694
2017-10-23,0.017442221206062536,0.9650102402533882,0.13358336172560953
2017-10-24,0.026821679293660437,0.9466261949020935,0.16907378551750257
2017-10-25,0.047729271689412926,0.9058570374488764,0.23458539198085998
2017-10-26,0.09969239362572165,0.8066303910955112,0.3502862223496133
2017-10-27,0.12502355605346754,0.7594847862627321,0.4196884880587456
2017-10-30,0.145791511515422,0.7213395855791268,0.4631852529121865
2017-10-31,0.15576907546578206,0.7041671481795697,0.4829322128685134
2017-11-01,0.15434257098841447,0.7092236971867301,0.4693415018464854
2017-11-02,0.12559946323069354,0.7653222282584982,0.41771392655875117
2017-11-03,0.12438819423866802,0.7684371505393488,0.41322951197538826
2017-11-06,0.11796013911141308,0.7810613731572659,0.4001211434310803
2017-11-07,0.11976837363815655,0.7779571450875286,0.4032404266056199
2017-11-08,0.11316633206256507,0.7905836763257922,0.3874757326229049
2017-11-09,0.10734050571960366,0.8018155922022716,0.3737370001420722
2017-11-10,0.08646510548262248,0.8386604088997384,0.3394392525989727
2017-11-13,0.06925169451129956,0.868764963469275,0.3135026317862085
2017-11-14,0.0508447902369346,0.9015763906545458,0.28348701879112553
2017-11-15,0.05181141806250813,0.8968863141975525,0.3116881467254175
2017-11-16,0.047333020266165114,0.9037049582284613,0.3188544888516699
2017-11-17,0.05659734896036704,0.886140101667469,0.34587095724495187
2017-11-20,0.06686297436302979,0.866543288244755,0.3753849159640662
2017-11-21,0.07650027373996222,0.8484751039873568,0.40047723378254274
2017-11-22,0.07825844698238059,0.845856407379664,0.3964477934254393
2017-11-24,0.07585020050030666,0.8501029989327676,0.3925981498858609
2017-11-27,0.07275756778010614,0.8561168902549088,0.3852609771295349
2017-11-28,0.07490242488750884,0.8539992310303,0.372676382137613
2017-11-29,0.13336950682032733,0.7421205763079811,0.42570963504021914
2017-11-30,0.16456015497589307,0.6826537487630567,0.4566341374612919
2017-12-01,0.21336238092479762,0.5899107172145067,0.5093336798798359
2017-12-04,0.30137734343069394,0.41898441061724323,0.5321882071748074
2017-12-05,0.3812072892463957,0.2608898895001758,0.555186530194679
2017-12-06,0.4002655050576543,0.22365997815892408,0.5415245928644958
2017-12-07,0.4112738838311267,0.20522168721525574,0.5494136242633214
2017-12-08,0.3884309171053621,0.2507073372446037,0.5295946371237292
2017-12-11,0.32146870391047794,0.3837325344782556,0.5328994368170986
2017-12-12,0.25082312649262883,0.5248486765097926,0.5271816396263755
2017-12-13,0.17440050783493014,0.6717343706049175,0.48714337522830603
2017-12-14,0.12277598746113312,0.7679596365894457,0.4178006470205407
2017-12-15,0.09689330048363971,0.8158244539722299,0.37501402624723584
2017-12-18,0.06663242372685535,0.8717221755248982,0.3176243776836429
2017-12-19,0.045572363503021074,0.9102885326091787,0.2754948541902024
2017-12-20,0.03829632806093604,0.924407113566885,0.2515263831771447
2017-12-21,0.04088893625442354,0.9196553725171807,0.25554252713566605
2017-12-22,0.040307854286143203,0.9206613056981539,0.2532550115901263
2017-12-26,0.052765665317589215,0.8966909031090109,0.2936912350951121
2017-12-27,0.06844273613577571,0.8664295247975661,0.34130602845183544
2017-12-28,0.0715665728090952,0.8600429580602924,0.3624037054286508
2017-12-29,0.0913694410752233,0.8239868116080469,0.40866858895717506
2018-01-02,0.0823390747125769,0.8416967112894657,0.37232125078942635
2018-01-03,0.06900753408722672,0.8680559309763491,0.3092801160507333
2018-01-04,0.04680546463765285,0.9113073015912307,0.22393865712725963
2018-01-05,0.036218536323204126,0.9324575447245274,0.16305457098446677
2018-01-08,0.005155910753742755,0.9905341927684557,0.06594585853180218
2018-01-09,0.0030938962029866306,0.9945106472439885,0.05138815589558697
2018-01-10,0.002669185458746328,0.9953164452123154,0.04733966743123416
2018-01-11,0.0032384704968954807,0.994229135467036,0.05103818285161495
2018-01-12,0.003609238373728737,0.9934827272964963,0.05378688621767208
2018-01-16,0.0040114122098982965,0.9926368466315388,0.05758951692443105
2018-01-17,0.0038457929418937694,0.9927917617713884,0.0650554384206693
2018-01-18,0.0032532973073715133,0.9937605408744187,0.06663633072073635
2018-01-19,0.0028486447283059767,0.994403207002972,0.06782195640919797
2018-01-22,0.0023063549115380382,0.9953408844938426,0.06949156430739872
2018-01-23,0.0016753935362543403,0.9965111413740392,0.0738466303367125
2018-01-24,0.0019200946802529935,0.996219764369074,0.08052637947057056
2018-01-25,0.002357423640883092,0.9957600180563334,0.08872544476591546
2018-01-26,0.004109931894030418,0.9944891570435722,0.11102849005024029
2018-01-29,0.00790206442365805,0.9907554814509201,0.13894484726620515
2018-01-30,0.02319314406749947,0.9746960432350642,0.2094581301121364
2018-01-31,0.03859788568817082,0.9593961102115938,0.26950562805223977
2018-02-01,0.05726921671266796,0.9362010044802782,0.33914917643938575
2018-02-02,0.1745562217750946,0.7468702027831199,0.43110266132733405
2018-02-05,0.2759079109805419,0.5510034852157707,0.483613153685171
2018-02-06,0.37073597290096666,0.3675340908146361,0.4836367077795704
2018-02-07,0.46163087846829526,0.18383024364228526,0.4852395422323298
2018-02-08,0.5396671921672156,0.0085136784862258,0.4892072978894791
2018-02-09,0.5211272764707877,0.00019156434012788397,0.44781663803848526
2018-02-12,0.5207965603175602,0.00017405819291898834,0.4398960325066573
2018-02-13,0.5159724371676593,4.132324095019634e-05,0.43806862703619265
2018-02-14,0.520052818042271,2.513136826127129e-05,0.44464548324404507
2018-02-15,0.5402758579454746,4.160182695525155e-05,0.4518123665266729
2018-02-16,0.5529632633929706,0.0001147909059068523,0.46646783369423356
2018-02-20,0.5488860029093404,0.0016769427980561971,0.4924508047334209
2018-02-21,0.5398727409466564,0.005071366145845109,0.5244434523523076
2018-02-22,0.5252717090363284,0.007286971114028658,0.5506250618942217
2018-02-23,0.4119417672226042,0.012328001602103839,0.5470659250853531
2018-02-26,0.30336332884224226,0.013694814006739744,0.5393582998684908
2018-02-27,0.21266787905131776,0.014657179475706661,0.5306335511007798
2018-02-28,0.12880850117799597,0.01620932454454709,0.5242348022429597
2018-03-01,0.043851540334987796,0.020711887167713515,0.5235932901315481
2018-03-02,0.043072078953296414,0.01719274533969608,0.5159836175753643
2018-03-05,0.04160001928324328,0.01672191922455051,0.5130739017781917
2018-03-06,0.03733008947131072,0.021373014973372108,0.5172737105387141
2018-03-07,0.02946185910004378,0.1864452915234262,0.47203869687423605
2018-03-08,0.022129007601228375,0.3543368157161333,0.4177113992572174
2018-03-09,0.021406575958773343,0.5416231506488456,0.357426397300351
2018-03-12,0.0308689393721581,0.7268237029163118,0.29726338566776167
2018-03-13,0.02854282619298526,0.9143359437486926,0.2065323865459711
2018-03-14,0.024973371910505516,0.9418895183896103,0.15028216872605785
2018-03-15,0.02133712638347886,0.9647541719599803,0.0971737136667673
2018-03-16,0.019031793321267202,0.9735910545130935,0.07595192687046758
2018-03-19,0.03858318146645516,0.9152876526548089,0.15303589244596055
2018-03-20,0.056477940824238626,0.8726973188457636,0.221616543835404
2018-03-21,0.08922906686910337,0.800347470142035,0.32140959977239814
2018-03-22,0.17488750174294027,0.6187221559845373,0.4276168051077208
2018-03-23,0.24850894236899235,0.4239816740240966,0.5642110478271161
2018-03-26,0.29889561271011145,0.30918985261590193,0.5634276362550368
2018-03-27,0.3676142959851719,0.15752364707731303,0.570780280252799
2018-03-28,0.4252577518033155,0.032401148692202855,0.5544489083114393
2018-03-29,0.42988475848810204,0.016858556737125507,0.5273125168659687
2018-04-02,0.4498576254074367,0.013949425234344785,0.4893020077325808
2018-04-03,0.4587349823191601,0.0009017887437949082,0.4830336357182766
2018-04-04,0.45990317260313124,0.000554105602375548,0.4833141045863466
2018-04-05,0.45990362585148664,0.0005732158687393174,0.4820906988965947
2018-04-06,0.46494589277654824,0.00026718722200401657,0.510759440431657
2018-04-09,0.46041293236238967,0.00029822731964976963,0.5475630550627129
2018-04-10,0.40881405709673324,0.000798290977761576,0.6120713793582767
2018-04-11,0.32660093290339415,0.000968885649890955,0.6237806611629513
2018-04-12,0.24416234608039225,0.0018711779732396793,0.6422734058474866
2018-04-13,0.15445085984211077,0.0024387818081376715,0.6251468546965088
2018-04-16,0.06619338925922533,0.0031966482497462227,0.5648377259658137
2018-04-17,0.027454628586150404,0.0031678500774218387,0.48444107078781284
2018-04-18,0.019959897367411696,0.005793770485721615,0.47070923322100827
2018-04-19,0.012744683087619429,0.006616728374945336,0.4494744172285191
2018-04-20,0.007925683896234808,0.006880003633354191,0.43351685170389664
2018-04-23,0.008312423701825482,0.009328597054406368,0.4401365923469637
2018-04-24,0.009554820786047555,0.009200735481998575,0.4423922525243027
2018-04-25,0.013303564504456616,0.008456534296695947,0.4603414317371386
2018-04-26,0.01881566122893492,0.029717503247008715,0.5053349817143866
2018-04-27,0.026206565819273425,0.05308976708464963,0.5519687563836697
2018-04-30,0.038975486853010485,0.07003994783929816,0.6154810192976878
2018-05-01,0.039959743726833655,0.07567852121074378,0.629555139426385
2018-05-02,0.038617644227781675,0.07770734910362784,0.6229783413754498
2018-05-03,0.04015887010163536,0.060360548086978216,0.6146153030901915
2018-05-04,0.04226902142227822,0.08667220336819245,0.643374331177298
2018-05-07,0.036580312213607837,0.12174453597669257,0.6331523818228268
2018-05-08,0.034954229655641975,0.1626917306355117,0.6630330537561899
2018-05-09,0.04029401912565668,0.27126183690736283,0.6990803410358308
2018-05-10,0.03304146462630354,0.41303060860655344,0.6656160616277382
2018-05-11,0.02775164889525291,0.5088216309965614,0.6081683144398939
2018-05-14,0.021021488073009558,0.6129843574239066,0.5439771176358619
2018-05-15,0.029713066213506712,0.6892645540882926,0.5450717072577481
2018-05-16,0.041414573965312534,0.7073528039395417,0.5305823133667043
2018-05-17,0.06725261678545383,0.6766614305892654,0.5737967955057799
2018-05-18,0.07889154352742778,0.661545224151305,0.5967980588232451
2018-05-21,0.08850484234258113,0.6265401363627775,0.6465184488244546
2018-05-22,0.08873340125108545,0.6261869682510828,0.6465700149072666
2018-05-23,0.07053985901998025,0.5936607163056756,0.6531220189670728
2018-05-24,0.045472473128958565,0.5631700955260455,0.649819309204801
2018-05-25,0.05259736374427093,0.5247502171500734,0.6937978554985651
2018-05-29,0.07099822636184791,0.46805907066130414,0.738416975261134
2018-05-30,0.07180409238284519,0.4487925902356644,0.7660605506803726
2018-05-31,0.0941210178375709,0.45505894105193845,0.8118076001879754
2018-06-01,0.09282475617840524,0.5627676100904135,0.7437713900186275
2018-06-04,0.06923450045518723,0.6650553538137614,0.6364648758566711
2018-06-05,0.03937856118610718,0.7960620492507993,0.48095075649034297
2018-06-06,0.027621094807121004,0.8919267311701791,0.33896740610887677
2018-06-07,0.00323481525659969,0.9850898874040445,0.19635538756835008
2018-06-08,0.0032474489088147656,0.9883432042660566,0.15858056328189157
2018-06-11,0.003722594177067935,0.9909280749122878,0.11747224082269654
2018-06-12,0.004029367735384008,0.990498223335063,0.11711854391546242
2018-06-13,0.005048818358784135,0.988352763163493,0.12236263493702663
2018-06-14,0.004490734625790924,0.9898104191857303,0.10120911271066109
2018-06-15,0.00374239135441586,0.991442249090291,0.08811237409184262
2018-06-18,0.003052372807126309,0.9928125362664115,0.0804925248560451
2018-06-19,0.0034638523512106516,0.991555371202697,0.08237546541947133
2018-06-20,0.0031985621891679286,0.9920429364442211,0.07596376081328379
2018-06-21,0.005574625020760419,0.9866932723801176,0.0970414357078923
2018-06-22,0.01002292947355298,0.9774627631217431,0.12595220502572232
2018-06-25,0.10677893311155247,0.7870836226521062,0.22070736229039145
2018-06-26,0.2032793831695237,0.6000468188220918,0.3055362618192821
2018-06-27,0.3028599130036781,0.40545706619946137,0.3857963402545911
2018-06-28,0.39948960951006063,0.21868892152629535,0.4518111643627507
2018-06-29,0.49362915730289514,0.036917153615373656,0.5091654466299813
2018-07-02,0.4954544957996327,0.04096967720668867,0.5068181532844421
2018-07-03,0.5021377929748528,0.03209494312057344,0.48446468502643214
2018-07-05,0.5039364788365395,0.03317327260564917,0.47880442269026313
2018-07-06,0.49661652201463874,0.050304760959098804,0.4942279744551771
2018-07-09,0.4940691173469015,0.05854570354469322,0.5016602529789334
2018-07-10,0.4806209379219369,0.07553141383892303,0.526414011999303
2018-07-11,0.463779504579767,0.1018380508684044,0.5687694748424488
2018-07-12,0.43930303385836433,0.13681467010246945,0.616888646926405
2018-07-13,0.4282623127096435,0.14625500027600935,0.6374472849465376
2018-07-16,0.42045359381548275,0.15126993961836396,0.652755938186413
2018-07-17,0.42264980239118133,0.14599529132039946,0.6465682412098677
2018-07-18,0.41155334698598145,0.15749742718136403,0.665751914899819
2018-07-19,0.41788751156523923,0.14668494239179847,0.6612158798736496
2018-07-20,0.408996162683542,0.157365159992465,0.6799887067186374
2018-07-23,0.39021318480436584,0.18520044943707847,0.717017023617615
2018-07-24,0.37337941981066447,0.20594869684985762,0.7502887730184302
2018-07-25,0.3210034321766514,0.31072104768620384,0.7437392092470014
2018-07-26,0.3049995848575987,0.3269649670369255,0.7778661669731664
2018-07-27,0.2882015910567516,0.2921409796008489,0.7955543040679482
2018-07-30,0.29254134057819586,0.24511417073120484,0.7790706217930579
2018-07-31,0.31087679503599963,0.20288708325259855,0.7351924300567726
2018-08-01,0.379744570228005,0.06155013543589429,0.6976061772697613
2018-08-02,0.40343217275260423,0.029570544437800005,0.6515329206439415
2018-08-03,0.4313684860397923,0.05998896066990804,0.6102189373255915
2018-08-06,0.37415332649433225,0.22685709320053812,0.5378357426760125
2018-08-07,0.3253287433694756,0.34870450987203866,0.5342583715091459
2018-08-08,0.25856165020708943,0.4970369231698151,0.5280652417649013
2018-08-09,0.16909047197308225,0.6796287886671065,0.46007182869667895
2018-08-10,0.10015282190175138,0.8109500709408151,0.42908744174938135
2018-08-13,0.10219260319594507,0.800790999227796,0.4929476726964525
2018-08-14,0.07187910988702736,0.8536543901165755,0.48680863621924947
2018-08-15,0.1268346650138374,0.7418139890760822,0.5313409445378474
2018-08-16,0.18901213420328947,0.6114638829191513,0.6407449577961926
2018-08-17,0.23457002931594145,0.5156142203067752,0.7064028801468746
2018-08-20,0.2740853415173699,0.4325271369706476,0.7395339142901661
2018-08-21,0.3084110331539097,0.3592245868241745,0.8029246555978429
2018-08-22,0.2649609655456369,0.43883690844039636,0.824500616840471
2018-08-23,0.2539986734747722,0.46000278883156137,0.8306563515968012
2018-08-24,0.2368432907077354,0.49832017039988974,0.8086664212284769
2018-08-27,0.19325470800398212,0.5930939712744786,0.7134400139094021
2018-08-28,0.154918433158207,0.6766449740075299,0.5850104685954791
2018-08-29,0.11788554854664393,0.756795950322977,0.4380273235798776
2018-08-30,0.06570120617827463,0.8676368017791927,0.28686059024291455
2018-08-31,0.0263636244619024,0.9472348053227083,0.17014729418225136
2018-09-04,0.01813589545103424,0.9636224040172964,0.1374740009508107
2018-09-05,0.08316825409943526,0.8404928331905264,0.23292306223401513
2018-09-06,0.1852361332360643,0.6454958933023975,0.3123169691873587
2018-09-07,0.28474053068374905,0.4496212637443019,0.3860328818074449
2018-09-10,0.38125081074010236,0.2587791763691497,0.45844426205682254
2018-09-11,0.46250980228581345,0.1009631825341748,0.5465677325816323
2018-09-12,0.4875790734799844,0.04857581466421984,0.5264299883481963
2018-09-13,0.43192749344783676,0.15369022905767368,0.5600717631914975
2018-09-14,0.38770566697597497,0.24211482953682267,0.6029266211016078
2018-09-17,0.3906161234396845,0.24326622211162813,0.5975987512155936
2018-09-18,0.3938894358694297,0.24013977014022275,0.5895898825497632
2018-09-19,0.3897223708815746,0.25225467450058003,0.5962019819178951
2018-09-20,0.3571451605809072,0.3158160526102331,0.5401533386391095
2018-09-21,0.3192743154248865,0.39009843708785186,0.5065311630078726
2018-09-24,0.2514931159342824,0.5198911938663325,0.5242980248585148
2018-09-25,0.16953855298524262,0.67582524077673,0.47113765064975804
2018-09-26,0.08327248446277868,0.8398742725763745,0.4153642193697859
2018-09-27,0.07660224366981586,0.851808084786519,0.4143417526295215
2018-09-28,0.06008087145367136,0.8832049911169302,0.39658881339709645
2018-10-01,0.026494015900692253,0.9462684283864728,0.37348386450069926
2018-10-02,0.020818057755886833,0.9556112264885976,0.40268702497385656
2018-10-03,0.01888571919242565,0.9581164406757076,0.42381673254586116
2018-10-04,0.046789978407664676,0.9025703377404856,0.5032048136351808
2018-10-05,0.14110213493553941,0.7247671907300732,0.5261088134590843
2018-10-08,0.24435063140174496,0.531460059260844,0.5258828991797094
2018-10-09,0.3441175914608238,0.34574100844013383,0.521270463614238
2018-10-10,0.44030948624653343,0.1547029618966495,0.5188311655714897
2018-10-11,0.5041778019710849,0.02599259954374289,0.4564228021898922
2018-10-12,0.5097772463298117,0.008582622565105398,0.4324008229327605
2018-10-15,0.5028313916283363,0.005421149739367908,0.43346122488926164
2018-10-16,0.5014644016201026,2.4469240263173837e-05,0.42941499236169206
2018-10-17,0.5053297893671831,2.7703689143986586e-05,0.43073922814013105
2018-10-18,0.5067001278802435,2.6882834916296762e-05,0.4305355469507391
2018-10-19,0.5067867772252856,2.026875781691875e-05,0.4356781588869977
2018-10-22,0.5141468548675083,2.0476340292195425e-05,0.4307504111918325
2018-10-23,0.5167518271275282,1.4893669857717298e-05,0.42831316992242474
2018-10-24,0.556489355269376,7.56384495020919e-06,0.4645265980112785
2018-10-25,0.5861639995011825,6.533641832413167e-06,0.501492621821862
2018-10-26,0.6580557150122487,5.25460005062883e-06,0.49506725531298124
2018-10-29,0.7406616791105262,2.3804238456315623e-06,0.44879761708474025
2018-10-30,0.7887186346715771,7.027795039289963e-07,0.45402785954262603
2018-10-31,0.8229132655936475,7.769724666880244e-07,0.3949922652326698
2018-11-01,0.8453665129102346,3.384507100558705e-07,0.35666098278593505
2018-11-02,0.8249217340127585,3.494381872471046e-07,0.3615338523268056
2018-11-05,0.7934514916744331,4.518920554739797e-07,0.40954994213129936
2018-11-06,0.7970102553808266,5.651468133921215e-07,0.4023629971043713
2018-11-07,0.6470633434209815,5.98148959004226e-07,0.4520542366836854
2018-11-08,0.5103103907810448,1.2755121558548918e-05,0.4694238678994548
2018-11-09,0.3659853428841791,1.5060553483336266e-05,0.4781879131412964
2018-11-12,0.22020530280525538,1.5033396102138605e-05,0.48886564409905625
2018-11-13,0.07261053606073894,1.4965129034460957e-05,0.49999371212761
2018-11-14,0.04826804983489409,1.4889415418770695e-05,0.4741312374295181
2018-11-15,0.03558370755872174,3.3865000995052837e-06,0.4574663933276101
2018-11-16,0.029750685454745178,1.7689359344421396e-06,0.4485896732433421
2018-11-19,0.030052127247488836,1.693630023657705e-06,0.44888760726409843
2018-11-20,0.03318971125094739,1.6153265351302604e-06,0.45273381874852026
2018-11-21,0.034511162629532,1.539084725560188e-06,0.45502839161654174
2018-11-23,0.038069247003675956,7.595553098399801e-07,0.4606862606768516
2018-11-26,0.04004773079762575,7.220545077706059e-09,0.4640179531836095
2018-11-27,0.03322626524716564,1.0837361641473973e-08,0.4541064788967959
2018-11-28,0.03384766076152841,4.068835660819834e-07,0.4548955482116465
2018-11-29,0.03550810978621448,7.297832324751201e-07,0.45754914459686996
2018-11-30,0.03113764791451056,3.482265844525954e-06,0.4502733509654989
2018-12-03,0.02801443970499463,4.168054473650277e-05,0.4452196683119409
2018-12-04,0.028747080755837463,4.17018278534826e-05,0.44649617345175086
2018-12-06,0.019750114508087228,4.144096041149888e-05,0.4336662687328083
2018-12-07,0.02322685592907484,4.111795122654378e-05,0.43840003615151985
2018-12-10,0.025817682661545403,3.836761381642386e-05,0.4429177289702223
2018-12-11,0.02725788612463123,1.67649188773729e-07,0.44509856174439166
2018-12-12,0.027165071405160994,1.584892411589352e-07,0.4449368624341002
2018-12-13,0.026905170253917754,3.120143063939585e-08,0.44444248710703016
2018-12-14,0.022674222364103276,3.1131387364622634e-08,0.4385263573951038
2018-12-17,0.0276347362580879,2.8975309051039802e-08,0.44552243751994985
2018-12-18,0.02940025475349764,2.465596306174014e-08,0.4485157076852329
2018-12-19,0.03495694515001824,7.942974322147667e-09,0.4566054078713737
2018-12-20,0.04895837855828917,3.694430163715197e-11,0.4748012672785153
2018-12-21,0.09686654507041387,1.7052432041499816e-12,0.5067087617434938
2018-12-24,0.18010217155719344,1.6268446728177891e-12,0.528989912730917
2018-12-26,0.27510268711385777,4.447927372707781e-15,0.5551813069285776
2018-12-27,0.3340208602503841,5.932791051494644e-17,0.5819085178739198
2018-12-28,0.38248520368724964,1.2703123986304498e-16,0.6010088540024832
2018-12-31,0.3625793093412399,3.4173646827160413e-15,0.5943353108239859
2019-01-02,0.2983267832787044,1.1143051662154734e-14,0.5884763592314706
2019-01-03,0.2604682800285833,1.1140816386704177e-14,0.5952111979626451
2019-01-04,0.24173445094000065,2.5486742113682802e-14,0.5934255929490002
2019-01-07,0.22881694611287876,1.4438491414776246e-13,0.5921600240990981
2019-01-08,0.2295151031127046,1.3110644088742474e-12,0.5925223171277377
2019-01-09,0.23081574802020688,5.0399244004891395e-12,0.5933000626956353
2019-01-10,0.18169844640963084,1.2173357488243228e-10,0.5707156711887369
2019-01-11,0.1482425346859456,1.7517999382342123e-10,0.5530077129059567
2019-01-14,0.11242063232588553,1.8612635970320912e-10,0.5348445424483678
2019-01-15,0.09185243084425676,4.766624570726271e-10,0.519647097726829
2019-01-16,0.08025193949880173,5.55233060736267e-10,0.5113982386604431
2019-01-17,0.09114863424996654,8.852145079843874e-10,0.52082711712671
2019-01-18,0.1125593522805712,5.998280501641008e-08,0.5345304571443196
2019-01-22,0.14521158453768895,6.00178918390417e-08,0.5519091180786952
2019-01-23,0.1921111888274008,5.973401345820077e-08,0.5740315968889104
2019-01-24,0.25658849421668595,5.965179649319453e-08,0.5896639093004493
2019-01-25,0.3559079787462774,5.920512249258162e-08,0.5836685489430714
2019-01-28,0.3255708954242003,5.42074680179494e-11,0.5597819701813463
2019-01-29,0.2840796919924459,8.100403742093467e-12,0.5323851458237663
2019-01-30,0.23116813657135254,3.0940390043993973e-11,0.5030098605276447
2019-01-31,0.15353809715247718,1.4324695738224521e-09,0.4722369978758344
2019-02-01,0.03492135694598077,2.466873444872043e-09,0.45785516691320416
2019-02-04,0.04183763416855575,2.4706254280165097e-09,0.4660945965662737
2019-02-05,0.03565180869917624,4.382166973590155e-09,0.45558021014715655
2019-02-06,0.02911455237178165,8.703486182218366e-09,0.44404514081857593
2019-02-07,0.024528732690510254,8.253459094904063e-09,0.4353553076655343
2019-02-08,0.02021770593399479,1.1377844181881584e-08,0.42681302073959804
2019-02-11,0.006237819846949233,1.794391129537946e-08,0.405780401265174
2019-02-12,0.005167579773166985,1.708491993816087e-07,0.4031818579738208
2019-02-13,0.004706418728879078,2.71969634175521e-07,0.4020145782897
2019-02-14,0.0038845700721443837,1.3095265121550904e-06,0.3998139502896055
2019-02-15,0.0033821095158064808,4.0704045882975256e-06,0.3984268914291274
2019-02-19,0.0029062430080633982,1.4982226304654197e-05,0.3971093546758739
2019-02-20,0.0023809767490782213,4.573216302987018e-05,0.3957186445987781
2019-02-21,0.001991087409538379,4.602680880768252e-05,0.39460874534490137
2019-02-22,0.0019425846575825425,4.976156400852106e-05,0.3944857100064401
2019-02-25,0.001807170652948641,6.506170727236817e-05,0.3941504879482247
2019-02-26,0.0016916968944337366,0.0001217809073696635,0.39403602357712125
2019-02-27,0.0017549723555032274,0.00011093687803233443,0.39420341808528736
2019-02-28,0.0017186842927024814,0.00011246706416885455,0.39411863141280096
2019-03-01,0.0015006210730923318,0.00011826818890129853,0.3934389291049506
2019-03-04,0.0013240199130057312,0.00012789387703911816,0.3930060203375274
2019-03-05,0.0012261698959431264,7.388585919232315e-05,0.39247646742479503
2019-03-06,0.0010289279990736493,6.271682892755668e-05,0.3919848378314694
2019-03-07,0.000760774280790179,6.17112213672781e-05,0.3912687068993817
2019-03-08,0.0007601896797555826,5.184034148540227e-05,0.3914264853391678
2019-03-11,0.0008457696221284526,3.1762117354847863e-05,0.39169881997309386
2019-03-12,0.0009799375486885707,4.5104891205278324e-05,0.3926602116935519
2019-03-13,0.001114859108019616,0.0001223765894226726,0.39379211972012124
2019-03-14,0.0017016110599786867,0.0002223804067881631,0.39854421832924974
2019-03-15,0.003134007890726423,0.0007673709956925046,0.40944795036059045
2019-03-18,0.004356511949172472,0.0015464261764771537,0.42012369581761455
2019-03-19,0.007499834921394878,0.0031027502866595546,0.4410570407377358
2019-03-20,0.016246625432562865,0.006997688367592845,0.4837216728392568
2019-03-21,0.025282395031570103,0.05028628347672698,0.5623115036555347
2019-03-22,0.026739711090653734,0.05243971282153533,0.5744446283477711
2019-03-25,0.02947893897917043,0.05385033430221771,0.5905154026942221
2019-03-26,0.03601491216942302,0.05719811500559378,0.618508034551561
2019-03-27,0.03365879812709196,0.05572496921757301,0.6109116007957157
2019-03-28,0.030675407841112383,0.0155294244874209,0.5655705954514312
2019-03-29,0.035171003003764474,0.020218400027117688,0.5892969545116283
2019-04-01,0.05254422186566669,0.035335978623984556,0.6491169351005981
2019-04-02,0.07765491434818654,0.04390270251626342,0.6970036504722805
2019-04-03,0.11306625946650233,0.059847207342937206,0.7629796363883907
2019-04-04,0.13045552305756197,0.08133995629279463,0.8222559745456053
2019-04-05,0.1261351603289806,0.16811381058115785,0.835102586804035
2019-04-08,0.10771528854175641,0.23973360784224704,0.8140145209557602
2019-04-09,0.09830260682117868,0.33731313609191355,0.8247622631629138
2019-04-10,0.07386721869275026,0.4648626042372522,0.8032616881344434
2019-04-11,0.07788589218238763,0.5685970842926793,0.7929984212134106
2019-04-12,0.08274699930897678,0.6542429987116561,0.7405526091163585
2019-04-15,0.08262044073621236,0.7574904263322235,0.6561352633316556
2019-04-16,0.0634937634830663,0.8301498044841772,0.553853786834259
2019-04-17,0.04976175441054982,0.8740915754144414,0.4612742678724554
2019-04-18,0.030719231888924958,0.9235809011685114,0.39655522664193926
2019-04-22,0.03195341218749789,0.9235730097312302,0.3937342306864856
2019-04-23,0.03230868630296274,0.923098754091178,0.3670723557698857
2019-04-24,0.02970020788267379,0.9293989478403045,0.32001024209267903
2019-04-25,0.029953445658124987,0.9296189625322295,0.29000976835981157
2019-04-26,0.02505430384437654,0.9395655360979965,0.23353157335145075
2019-04-29,0.015986549253464547,0.9591276035464954,0.16081701898956274
2019-04-30,0.01990106437868037,0.9527707994614193,0.17197437081729058
2019-05-01,0.02249724607283783,0.9506543065645385,0.17195884440382933
2019-05-02,0.025639192020967864,0.9471725210855968,0.18179656299474886
2019-05-03,0.023463301061104162,0.9555167732612976,0.15458852075148927
2019-05-06,0.03290226148804789,0.9382218253252235,0.1882537155362626
2019-05-07,0.1263534449412451,0.7608635918955535,0.24079229690420983
2019-05-08,0.22366471143538075,0.578187700365308,0.29579284664977307
2019-05-09,0.3220898677521845,0.3926759592793657,0.33295398043123153
2019-05-10,0.42512093822414665,0.19761685518536865,0.39925519374258006
2019-05-13,0.5074371195376417,0.015563176187761457,0.4433463961467514
2019-05-14,0.5020687472876049,0.0075913147300479215,0.42956350928366077
2019-05-15,0.5001550716043972,0.002397897022745526,0.4185696204857168
2019-05-16,0.5035866611874924,0.0014996429141849,0.41690304679914253
2019-05-17,0.5047390029158998,0.0005569932704703718,0.4139380854843268
2019-05-20,0.5173803577435174,0.0005933929106695654,0.4064135747137799
2019-05-21,0.5260151987630309,0.0006739403810095094,0.40349831475552767
2019-05-22,0.5282567315320619,0.00070623049190994,0.40283398978537466
2019-05-23,0.5241502648196077,0.00048261066791289666,0.4026427373738451
2019-05-24,0.5236742481621139,0.0004028210886587825,0.40565935526453745
2019-05-28,0.5177626628277309,0.001683797028380929,0.41422020645612995
2019-05-29,0.511947208032389,0.0027481470569872485,0.42846066772843727
2019-05-30,0.499966654109786,0.0045162619737957755,0.4588245848090722
2019-05-31,0.46902143820357073,0.004881365189099883,0.5267516047222818
2019-06-03,0.38147611620997973,0.004763870722572838,0.5756806717186219
2019-06-04,0.37567267757429185,0.0034888349955268403,0.6077513464812834
2019-06-05,0.37094850305970234,0.002413943696516668,0.6242250314154052
2019-06-06,0.37224620457189406,0.0006596224639254889,0.6122192931911425
2019-06-07,0.3941554200395382,0.001105987870955451,0.5476130645873273
2019-06-10,0.47097787725325474,0.0027899549860840043,0.5032741866199023
2019-06-11,0.46844590326064006,0.010195992164047376,0.4800408916647645
2019-06-12,0.47212412455910735,0.019370336558159455,0.47379705128801286
2019-06-13,0.47647150402428745,0.027202307192266312,0.47279775173310334
2019-06-14,0.4781370425168944,0.030765438156636783,0.47845725893889685
2019-06-17,0.44903194515635303,0.07917424345406718,0.5267322723433325
2019-06-18,0.3611881753755176,0.26204252973173875,0.45802183336464175
2019-06-19,0.2643623833813321,0.45185406541081397,0.35766619718702714
2019-06-20,0.1668619561643698,0.642864914188024,0.2643709549912693
2019-06-21,0.06922256007009127,0.8383142835639159,0.17453649919100334
2019-06-24,0.003298662557424797,0.9881699905065213,0.03875846388509937
2019-06-25,0.0007667882402684156,0.9977907169982047,0.010074460640149843
2019-06-26,0.00046772216186786704,0.9986978487903736,0.006092613073498955
2019-06-27,0.00030490193017243593,0.9995867459007624,0.0022023692847520015
2019-06-28,0.00038325799430573846,0.9995548769368849,0.0022913117616835113
2019-07-01,0.0006207293422257835,0.9993230988595141,0.0033603524194409824
2019-07-02,0.0029835593318760065,0.9969211076241471,0.01166070899764159
2019-07-03,0.0036059776534857133,0.9962909678521186,0.07747857852874082
2019-07-05,0.003638753908259395,0.9962768335424969,0.10129427509611597
2019-07-08,0.003814625815368763,0.9960788507820002,0.17227947203155441
2019-07-09,0.0036234845423982545,0.9962184903517979,0.21174490602508006
2019-07-10,0.0012507707298964866,0.9985728034902032,0.2606475769040846
2019-07-11,0.0006743762934642284,0.9990543390486198,0.2435796627998172
2019-07-12,0.0005280322559176756,0.9991439171391786,0.26192797486978686
2019-07-15,0.00025402270395828935,0.9994311429158123,0.2384974210779159
2019-07-16,0.00021261900666483981,0.9994904017938364,0.2624661504262068
2019-07-17,0.0003885690743164714,0.9990441972642419,0.2650599741806726
2019-07-18,0.0004871873855944931,0.9988123547889206,0.2577631393698255
2019-07-19,0.0025939363677207564,0.9940482796113048,0.2966208874557786
2019-07-22,0.00323175290652407,0.9925431467706891,0.2893280676451454
2019-07-23,0.0033061157875722267,0.9923253588239787,0.27854019320751366
2019-07-24,0.0031561073884382,0.9926914038871141,0.2789257421872689
2019-07-25,0.0031583243658774495,0.9927456652143558,0.26290510102566295
2019-07-26,0.0011150002786993432,0.9973840568054235,0.19824921758826625
2019-07-29,0.0005262795334378439,0.9987880823303701,0.17972367852134413
2019-07-30,0.0005157499092721385,0.9988697595525103,0.16127234111411606
2019-07-31,0.024842220648576784,0.9503721840003043,0.24042525548641444
2019-08-01,0.10143362056419596,0.8015627998729936,0.35788678384585315
2019-08-02,0.20024356309477342,0.6125172172925286,0.4423467574943791
2019-08-05,0.30268315965461534,0.4127913047652429,0.5062021864631162
2019-08-06,0.40437068336708526,0.2133374497859133,0.5537424346152025
2019-08-07,0.4829054076097673,0.0623641159149166,0.4951739384852328
2019-08-08,0.5092477012640425,0.01321573804439215,0.43619117829438403
2019-08-09,0.5131380024997814,0.0034023269285145584,0.4165879308326056
2019-08-12,0.513562490174184,0.003631419732115888,0.41113825047615704
2019-08-13,0.5149831777329197,0.0037663112641029505,0.4097770991582646
2019-08-14,0.5130633723872794,0.003440495517514192,0.41125760115415017
2019-08-15,0.5105610170522115,0.001761067795729079,0.4095337099551508
2019-08-16,0.5092823598537718,0.0009005862077046135,0.4097601363392111
2019-08-19,0.4996759500790797,0.002185070922485345,0.42097497425984604
2019-08-20,0.490276838325207,0.002786630862304496,0.4316613192366353
2019-08-21,0.48156697947005106,0.0045165488551886694,0.4454740153742849
2019-08-22,0.46435867620905447,0.007711787323281876,0.48821602618450494
2019-08-23,0.451707951724286,0.007800717718825659,0.5306907701188137
2019-08-26,0.44946096712039624,0.00646819152285299,0.5645519174587
2019-08-27,0.43614072757724065,0.005891286611686272,0.6165542940148943
2019-08-28,0.38057029774350415,0.005919339334012801,0.685097913026822
2019-08-29,0.34648923220249817,0.005788694123561103,0.7301078392372276
2019-08-30,0.29565993773678645,0.009574010285723869,0.7743495833290541
2019-09-03,0.2382575196511914,0.013602121234435374,0.815000508005763
2019-09-04,0.20795717376486306,0.054601542316266106,0.8639385704382818
2019-09-05,0.23275139979846643,0.11060797447711708,0.8645046788829787
2019-09-06,0.24966217791988116,0.1538409132441274,0.8511180846874741
2019-09-09,0.22176003700649893,0.21229902461383782,0.8422098529632714
2019-09-10,0.1958833175943891,0.2756285373974755,0.829526646684897
2019-09-11,0.14991765358808432,0.30902656580663074,0.7789067978725001
2019-09-12,0.10214564562559954,0.33322197724858843,0.7744487021621257
2019-09-13,0.04687413371000444,0.4033964975068171,0.755036778525987
2019-09-16,0.049304747975966234,0.44248479697675724,0.7439195175810593
2019-09-17,0.05934700965534576,0.4907441253563777,0.7321095365648213
2019-09-18,0.07778595194770092,0.5329769147249219,0.7307128206445139
2019-09-19,0.06893656456437733,0.6177575342159662,0.6464363530888947
2019-09-20,0.07190627462291557,0.6377753983934431,0.628356510412724
2019-09-23,0.07245620752229806,0.675440767663771,0.5953613874621111
2019-09-24,0.0859985585194403,0.5866077945775455,0.6286265883134636
2019-09-25,0.12281813150445867,0.5190839126783322,0.6568331505663643
2019-09-26,0.1756035253114394,0.3939383090272948,0.7519104614384379
2019-09-27,0.22490341971879557,0.27111183752439666,0.798989829831243
2019-09-30,0.29490562106268237,0.14450637510537667,0.8239334696686982
2019-10-01,0.3389908902124407,0.12538291949141653,0.7997052218489664
2019-10-02,0.3178981020334571,0.077005140211666,0.7865257024080898
2019-10-03,0.3387464542947028,0.03761893469938195,0.7552476785185605
2019-10-04,0.3695716668994789,0.02757848147496204,0.70230800054827
2019-10-07,0.3785890953139161,0.0180526756962926,0.6783056929971863
2019-10-08,0.3840565841375905,0.01141403111547142,0.6634263252426523
2019-10-09,0.42856205999220476,0.013851607544374677,0.6422334466655503
2019-10-10,0.44035464160195925,0.016689206221182307,0.6245961136199456
2019-10-11,0.4322363012645679,0.026762401857603414,0.646281235728219
2019-10-14,0.42517809624099395,0.038499139814276086,0.665931760967785
2019-10-15,0.4240070131353465,0.06079654063170072,0.6739696070261207
2019-10-16,0.3976711016029946,0.11173158090204763,0.7082671398336048
2019-10-17,0.36036324153018107,0.16774454791296475,0.7545922604851362
2019-10-18,0.32437053861695997,0.2096356593731233,0.7935076708195591
2019-10-21,0.2872562708208104,0.25973389568660926,0.8286008100245997
2019-10-22,0.23940431316565963,0.32613136936504733,0.8473025463397608
2019-10-23,0.21262697493761,0.36831908715660217,0.8395397815469069
2019-10-24,0.19524405253858912,0.4048342443027222,0.8289053986834943
2019-10-25,0.17194466016172466,0.46522424339842283,0.7992979599441119
2019-10-28,0.14494782056398345,0.5142924861359951,0.7881865960147628
2019-10-29,0.1506900282906564,0.5115830246723625,0.8026617905651415
2019-10-30,0.1509032247646486,0.5155112991426696,0.8202348856690806
2019-10-31,0.13013840389305173,0.5046904413520636,0.8475903289922172
2019-11-01,0.11963802875912362,0.5093447308917621,0.8851710632983913
2019-11-04,0.11142552404404862,0.5599776422395022,0.8475310341426467
2019-11-05,0.08033509525194979,0.6499242318033617,0.7771538937874444
2019-11-06,0.0543040177726809,0.7242242182604164,0.6930071172373176
2019-11-07,0.043735161428946304,0.8228448415926458,0.571876268681391
2019-11-08,0.028230184867687934,0.9004161759995654,0.4118274074502134
2019-11-11,0.016719603193918957,0.9330022367574868,0.3089327628213182
2019-11-12,0.011216824793427487,0.9530027270420607,0.2238370141990877
2019-11-13,0.009635389403525006,0.9728143570597488,0.15525300464877714
2019-11-14,0.006861504194644349,0.9840432398008568,0.11040183879768446
2019-11-15,0.006595035432082323,0.9849233761396341,0.10099881790517895
2019-11-18,0.005826255262091054,0.9865080581531513,0.09252128767534136
2019-11-19,0.005216775603783544,0.9881656310306248,0.08040745478360432
2019-11-20,0.0034294289030209505,0.9919193478002837,0.06591796381180216
2019-11-21,0.0028465988045510496,0.9931295965685989,0.06171825245971185
2019-11-22,0.0033265994957622316,0.9922365081020817,0.062263111920806545
2019-11-25,0.0031801308100345435,0.992836505434874,0.06002975818642028
2019-11-26,0.0033422136851007965,0.9926815421011732,0.06194145710273309
2019-11-27,0.0028776993965450503,0.9938661066181856,0.05850422485824297
2019-11-29,0.0020382612318638168,0.9958736540521509,0.05579315302333636
2019-12-02,0.004817705374790116,0.9910094845280971,0.07650397781513665
2019-12-03,0.06327834385926127,0.8834658960554347,0.21256184208676218
2019-12-04,0.08550969428074288,0.8423560136129151,0.2887509783011327
2019-12-05,0.11301391629987176,0.7910928387011305,0.3726645656715822
2019-12-06,0.12194842093573799,0.7743100683400875,0.4030363414016051
2019-12-09,0.13451815935181088,0.7506696313501718,0.4331668504907119
2019-12-10,0.08831128570187671,0.8350792647420924,0.3446520178806529
2019-12-11,0.07537599711964063,0.8586367516086018,0.30462812980661075
2019-12-12,0.05550208480485415,0.8952651242209289,0.25658611450912605
2019-12-13,0.05369116589617965,0.8983548701792575,0.2551650963390483
2019-12-16,0.04182627677653007,0.9202357060437695,0.22250138432832184
2019-12-17,0.03290973350697374,0.9366136750007626,0.1974626964388535
2019-12-18,0.02916651972708754,0.9431112506171939,0.19119601777005996
2019-12-19,0.025154825475120136,0.9504755122899665,0.1774572789736585
2019-12-20,0.019415539272182446,0.9612217610709226,0.15379748185868827
2019-12-23,0.015359116720800665,0.9690074531514178,0.13372405743053345
2019-12-24,0.01198868878750654,0.9757194056298749,0.11328356330942901
2019-12-26,0.006127635093132562,0.9873182731051827,0.08193686070418862
2019-12-27,0.0028775824136661613,0.9937714122109453,0.06234863864805055
2019-12-30,0.0056552958182503905,0.9886681964490258,0.07257810212353565
2019-12-31,0.008165492803065045,0.9838290835511841,0.08391133478172065
2020-01-02,0.010278404094714087,0.9800480004667975,0.09390246974522155
2020-01-03,0.02098211000156012,0.9629202070301309,0.1360943534072886
2020-01-06,0.02335408239523154,0.9593172478016303,0.145014686417751
2020-01-07,0.02285917281201791,0.9611332116600998,0.1404476680760171
2020-01-08,0.025942259116771265,0.9564355341698743,0.14984726812077098
2020-01-09,0.029371726172853156,0.9532758986593357,0.15749663480147807
2020-01-10,0.027080440726920008,0.9593370660521543,0.14297110732546797
2020-01-13,0.034611708934052396,0.9519380858341382,0.16123114375991401
2020-01-14,0.034118606838309605,0.9534951813568228,0.15760556309534718
2020-01-15,0.03077372674908436,0.9600056846226688,0.14180489175318017
2020-01-16,0.02593346371843097,0.9660114328288227,0.1243632751582402
2020-01-17,0.01747953488724396,0.977329859190655,0.09754032431100076
2020-01-21,0.007534350654365096,0.9885892204939427,0.0706869691906967
2020-01-22,0.004855697677454177,0.9923310105075972,0.061968230622250986
2020-01-23,0.003068718201583173,0.9946405932196845,0.05839390337390733
2020-01-24,0.003583838510867924,0.9935732981968706,0.06333880114744855
2020-01-27,0.1112041587805469,0.7987098472103009,0.1550578290335653
2020-01-28,0.13177835122122208,0.7622431372927241,0.2194293024646147
2020-01-29,0.14410687198578992,0.7406231878661911,0.2635982262516052
2020-01-30,0.14606244608635777,0.7376523660400611,0.27072774416382184
2020-01-31,0.23709771611059222,0.580895489998121,0.3994497990446635
2020-02-03,0.13239572416816053,0.7710640105105544,0.31979261636481127
2020-02-04,0.11406778242178825,0.8056130658349263,0.3042751044598936
2020-02-05,0.10378775120624668,0.8256269382915677,0.29313983167489693
2020-02-06,0.1048905548218401,0.8261372659875189,0.3276126620714416
2020-02-07,0.015079200164752593,0.9825747743509551,0.2129439677336927
2020-02-10,0.013274345331875098,0.9862390128119658,0.2563239236534334
2020-02-11,0.011336065528257753,0.9881751904932867,0.2378945136046003
2020-02-12,0.009801940611245558,0.9896736051174828,0.2579054520071815
2020-02-13,0.006447282852765199,0.9930473279579315,0.2303066864607993
2020-02-14,0.003795133849555159,0.9960020993773195,0.20305512438740977
2020-02-18,0.0025165346544492994,0.997380021315083,0.14436928657793818
2020-02-19,0.0017902649857317664,0.9981206515521699,0.10445593537718874
2020-02-20,0.0007403668908901309,0.9992498773449123,0.041258981216129954
2020-02-21,0.001101057240401955,0.9983740585664677,0.02003830309937083
2020-02-24,0.09906176997225098,0.808497589963012,0.12265146283758291
2020-02-25,0.19781039779786114,0.6120446643593749,0.2199167185175821
2020-02-26,0.3113923032317529,0.4164076496144328,0.3425393630749177
2020-02-27,0.4163286244725345,0.21647438876135286,0.4554311600094055
2020-02-28,0.5190686837373767,0.017781363067091962,0.5628512108762085
2020-03-02,0.5241634956484286,0.007757187320107798,0.5675867736374982
2020-03-03,0.5539892257886034,0.004326585309417019,0.5817297103952185
2020-03-04,0.5983503524271517,1.5012381757741316e-05,0.5550782408233687
2020-03-05,0.6324104949182624,1.4840378947189388e-05,0.5551297357431765
2020-03-06,0.7036352226046289,1.468900549324112e-05,0.5135916000837258
2020-03-09,0.800366921188757,5.417445454872122e-06,0.40355486245036554
2020-03-10,0.8716515661912224,5.197769835116645e-06,0.28428011600451353
2020-03-11,0.9136176723239314,2.5185483799828448e-08,0.18654913839165174
2020-03-12,0.974532088173626,7.848082584255358e-10,0.0722896781289268
2020-03-13,0.9997709681763947,8.870510146226904e-17,0.0012418959768396838
2020-03-16,0.9998937915407113,8.671140099380743e-17,0.0006189635298786012
2020-03-17,0.9999212503403576,0.0,0.0004558781220817397
2020-03-18,0.9999683714961014,0.0,0.00019271024334261197
2020-03-19,0.9999939716752729,0.0,4.0926817493768786e-05
2020-03-20,0.9999999053824332,0.0,9.3165337851806e-07
2020-03-23,0.9999999362182928,0.0,6.460305761618159e-07
2020-03-24,0.9999999460883464,0.0,5.510971681450789e-07
2020-03-25,0.9999999456176237,0.0,5.557092499759156e-07
2020-03-26,0.999999947690138,0.0,5.361949355259934e-07
2020-03-27,0.9999999404021329,0.0,6.079337359419029e-07
2020-03-30,0.9999999367313942,0.0,6.434042180641885e-07
2020-03-31,0.9999999165033934,0.0,8.349541609931834e-07
2020-04-01,0.9999999222137859,0.0,7.793328322922668e-07
2020-04-02,0.9999998462336592,0.0,1.4545649310483037e-06
2020-04-03,0.9999998232250235,0.0,1.6686644259501067e-06
2020-04-06,0.9999998023415676,0.0,1.862322990762045e-06
2020-04-07,0.9999997796565839,0.0,2.0667128410489017e-06
2020-04-08,0.9999985415121186,0.0,1.1494476598151548e-05
2020-04-09,0.9999979324913344,0.0,1.6233535823522527e-05
2020-04-13,0.9999974342864455,0.0,2.021845673864141e-05
2020-04-14,0.9999145493858531,0.0,0.0004586506160965447
2020-04-15,0.9999015802716318,0.0,0.000540555330939961
2020-04-16,0.9968189614303278,5.377643018683957e-16,0.010620080817822303
2020-04-17,0.9962049909478983,5.589887112807465e-16,0.013181179627916447
2020-04-20,0.9950999768711594,5.878453460215978e-16,0.017429978790802714
2020-04-21,0.9950047356154663,5.87845868228136e-16,0.017858381015599504
2020-04-22,0.9948981249484532,5.878489553890669e-16,0.0183848180557137
2020-04-23,0.9805731733420388,2.154785183531218e-12,0.048065745502499334
2020-04-24,0.9698581452756916,4.669191912203482e-12,0.07420097066482911
2020-04-27,0.8748575949981016,2.5590524129721244e-08,0.18450474701742542
2020-04-28,0.8234728661585977,2.566174780929192e-08,0.267367338094265
2020-04-29,0.7054528914777695,1.1100533335483623e-07,0.388089486531048
2020-04-30,0.6281059681076059,1.7285869169269242e-07,0.4622892359251787
2020-05-01,0.6074903243021812,1.7286573275301323e-07,0.49502417215435335
2020-05-04,0.6407925841525974,1.4860458308099434e-07,0.47430531007862875
2020-05-05,0.6453572944570414,1.4884538892411185e-07,0.46968452862343674
2020-05-06,0.5817669132906799,3.423446087508901e-05,0.4529905380610114
2020-05-07,0.4960000888143597,0.00014389284083780968,0.4450187879456327
2020-05-08,0.3391494002991261,0.0023027236508754937,0.48648401669130525
2020-05-11,0.21242059505357708,0.005246667448157543,0.49624281492065875
2020-05-12,0.06545782147766464,0.0062544803548613415,0.5104402725090511
2020-05-13,0.04919061839500292,0.013521732532961956,0.5032964468190634
2020-05-14,0.03188596188939755,0.025141817979462012,0.5008436065639972
2020-05-15,0.021778715518287115,0.06643003799265967,0.5202088224992502
2020-05-18,0.012025481327500817,0.13552113909617275,0.5413331413106947
2020-05-19,0.0068283297920681,0.19072714594535184,0.572578258982978
2020-05-20,0.007654739179379972,0.23408701940053747,0.6027985532831682
2020-05-21,0.006125994222702997,0.33880395896039917,0.6093611719703184
2020-05-22,0.00571090741359933,0.4281784961033345,0.5862490988798426
2020-05-26,0.005310243879847201,0.5147383942409428,0.5354748646457953
2020-05-27,0.004630848382868043,0.6294500180986654,0.4690287087816524
2020-05-28,0.002105348832410826,0.7246992351420873,0.42839054317989367
2020-05-29,0.0015212027493090865,0.7972941301193875,0.34665075061943185
2020-06-01,0.0009027060839988374,0.8508444010577877,0.2810135981744055
2020-06-02,0.0007183933322285677,0.8751169306468561,0.2474801905140636
2020-06-03,0.0006230725615426946,0.8979093303480947,0.20987860423244747
2020-06-04,0.0003579032148840251,0.9488109737271497,0.13476704139583456
2020-06-05,0.00034506827553034786,0.9568946172854897,0.11641424538117888
2020-06-08,0.0003209919937606288,0.9687783367173267,0.08985641115145088
2020-06-09,0.00022337577145796174,0.9841792539889124,0.05707020702066139
2020-06-10,0.00019464559649610557,0.9897989742942013,0.040041144519681424
2020-06-11,0.004782151562613241,0.9721680214351389,0.07939806291915578
2020-06-12,0.010678312986074601,0.9524395210279897,0.12287240788776174
2020-06-15,0.012718695712220937,0.9433614428705527,0.14619588886757184
2020-06-16,0.014389836285663654,0.9382909073374417,0.15952294321680152
2020-06-17,0.01560457324513374,0.9304547465474282,0.181839040926672
2020-06-18,0.012819510377467286,0.9436831490388673,0.1545797031745893
2020-06-19,0.009137138282112683,0.9568497006688903,0.1303638277320487
2020-06-22,0.008986008881991268,0.9612023263736648,0.12160905371402171
2020-06-23,0.00939322676922408,0.963107979774912,0.11755648038254789
2020-06-24,0.01327100642038655,0.9577850154204022,0.1322087392873071
2020-06-25,0.011691357158535838,0.9454996169907826,0.15294008445260482
2020-06-26,0.011091942695830376,0.8876985835987112,0.22826740727001468
2020-06-29,0.01062704284483702,0.8465011375457863,0.2936098198018014
2020-06-30,0.010069349513693407,0.7965555933036953,0.3686809030041093
2020-07-01,0.008819597095567197,0.7677630506688813,0.41105170134745084
2020-07-02,0.012694288008449382,0.7224156230520979,0.47281621075103003
2020-07-06,0.020165969603613058,0.7755846067897461,0.4037227718287991
2020-07-07,0.02317965842437626,0.8122393684482334,0.3482871284183152
2020-07-08,0.02816218249943414,0.8556788719261877,0.28748448623956646
2020-07-09,0.0284068930205229,0.8856234115338489,0.23904559796355898
2020-07-10,0.02815921009565836,0.9375488759451176,0.16831357822393594
2020-07-13,0.02257156286429255,0.9465482051513945,0.1483496108698887
2020-07-14,0.020286655319965933,0.9531345226053383,0.1314113397030956
2020-07-15,0.014488413473124937,0.962702574962103,0.10726939558867143
2020-07-16,0.01106756103946772,0.9736347681816035,0.08001819081937221
2020-07-17,0.008355814113645362,0.9835545985606634,0.056813656427848705
2020-07-20,0.006003272872491449,0.9863412614472884,0.049739485101225285
2020-07-21,0.005019098782479722,0.9882011767387258,0.04480974017970381
2020-07-22,0.005162219896863706,0.9873788727868653,0.04791052980931897
2020-07-23,0.016430502940172724,0.9579807738566627,0.11193279828778384
2020-07-24,0.02728419627786971,0.938243231379745,0.15819189722662272
2020-07-27,0.027552102866656686,0.9384330567472604,0.157598790371491
2020-07-28,0.03828354270280996,0.9266791375237584,0.18356898256831342
2020-07-29,0.04304840244161812,0.9220305179369553,0.19525184928737505
2020-07-30,0.037422680821910075,0.9410829801157826,0.1570994546497767
2020-07-31,0.027612577470737025,0.9610746327463296,0.10909007222144958
2020-08-03,0.027583208932189213,0.9612174469280008,0.10854675091329144
2020-08-04,0.019735731576771588,0.9656847424917636,0.10146623777869208
2020-08-05,0.017285431273806835,0.9657588630103167,0.10215458595103802
2020-08-06,0.011412218443564087,0.9754538424598497,0.07842623711026574
2020-08-07,0.01006239549769267,0.9751868406998121,0.07997313974189438
2020-08-10,0.011015490691972428,0.9668329657285322,0.10342866743257714
2020-08-11,0.01743810633618692,0.9469373694105577,0.14212488100702364
2020-08-12,0.020965300671966374,0.9326964820344614,0.17413991567322543
2020-08-13,0.026646107252593847,0.9152762178112764,0.2162695835532679
2020-08-14,0.03002219313682018,0.9023869789742877,0.24876574349531885
2020-08-17,0.03012782683271884,0.9006480964034947,0.25359381273480736
2020-08-18,0.024869592655493225,0.9140482682044512,0.22999835524636797
2020-08-19,0.021737464377859627,0.9260630084258749,0.2032525930492517
2020-08-20,0.016102151226864394,0.944974338553082,0.1557842113530798
2020-08-21,0.01196933841796365,0.961140516021854,0.11150046085104526
2020-08-24,0.009540247409524217,0.9731222577540768,0.07620025981372446
2020-08-25,0.004307775835902726,0.9894467302073192,0.032780355958230305
2020-08-26,0.0007243094534357508,0.9988984023748728,0.005047630804668813
2020-08-27,0.0002071194332111613,0.9997926416943228,0.0011395713437439465
2020-08-28,0.00011825081326058422,0.9998817415053953,0.0006483889930115683
2020-08-31,5.985152129201855e-05,0.9999401419224275,0.00035047087941812846
2020-09-01,4.52175552112679e-05,0.9999547821009818,0.0002690989657918935
2020-09-02,4.1351873072662375e-05,0.9999586477831354,0.0002455382499020668
2020-09-03,3.927598344726202e-05,0.9999607236727612,0.0002319056785958813
2020-09-04,1.449961269990472e-05,0.9999855003784355,9.347284486332726e-05
2020-09-08,0.000630645037092275,0.9993691136894617,0.002420284732408201
2020-09-09,0.0006214215060101531,0.9993783372292858,0.0023637949274064023
2020-09-10,0.0006195298666305677,0.9993802288686758,0.0023505140488529726
2020-09-11,0.0006193229643332372,0.9993804357708111,0.0023490322088856744
2020-09-14,0.0006193218975924719,0.9993804368375517,0.0023490202619412576
2020-09-15,4.78070749876476e-07,0.9999995219290693,3.7975651615152997e-06
2020-09-16,4.403101911764459e-07,0.9999995596896287,3.4498991867551917e-06
2020-09-17,4.403288282996992e-07,0.9999995596709917,3.4501253408648315e-06
2020-09-18,2.3903738617070833e-11,0.9999999999760962,2.9006193223528536e-10
2020-09-21,2.562926035804424e-11,0.9999999999743707,3.110004471867551e-10
2020-09-22,9.933239784387764e-09,0.9999999900667603,9.893046950214726e-08
2020-09-23,2.055158156781601e-06,0.9999979448418431,1.4368911472286599e-05
2020-09-24,0.0002478404394838573,0.9997521595333853,0.001071681786719562
2020-09-25,0.0002483180735751437,0.999751681899294,0.0010754023858144603
2020-09-28,0.00025100574863719954,0.9997489942242316,0.0010937447543020917
2020-09-29,0.0002535153462496304,0.9997464846266191,0.00111093174186688
2020-09-30,0.0002515160459830057,0.9997484839268859,0.0010970795734739484
2020-10-01,6.783959821829683e-06,0.9999932160401779,4.750541948353847e-05
2020-10-02,9.111579324768409e-06,0.9999908884206749,6.286252372904528e-05
2020-10-05,7.455134506642415e-06,0.9999925448654843,5.210971681979971e-05
2020-10-06,8.229717842867222e-06,0.9999917702811336,5.69306615527069e-05
2020-10-07,9.303121773616136e-06,0.9999906968771951,6.469954095639383e-05
2020-10-08,8.730363031505996e-06,0.9999912696359061,6.070158874061246e-05
2020-10-09,6.270935650944534e-06,0.9999937290632854,4.438012540523605e-05
2020-10-12,1.0356747624554445e-05,0.9999896432509583,6.987193339017487e-05
2020-10-13,8.722937321455223e-06,0.9999912770622448,5.954288602667404e-05
2020-10-14,1.3217128715840247e-05,0.9999867828630806,8.735699222866202e-05
2020-10-15,2.3251008665631087e-05,0.9999767489388616,0.00014736131748641483
2020-10-16,3.0398336263324622e-05,0.9999696016025288,0.00019145147655103006
2020-10-19,2.790137243874452e-05,0.9999720985666896,0.0001762884346337911
2020-10-20,4.4528056609174276e-05,0.9999554718545628,0.0002697249969571922
2020-10-21,4.813435886445871e-05,0.9999518655337806,0.00029029775051290434
2020-10-22,0.00016298951965719636,0.9998370100895674,0.0008130333188483104
2020-10-23,0.0002773340717088247,0.9997226638451118,0.0013381068611552607
2020-10-26,0.00037161495583694837,0.9996283774646866,0.0017874948547286322
2020-10-27,0.00045578334317329157,0.9995440118796663,0.0021748668508218714
2020-10-28,0.0360792978215171,0.9637323620589304,0.05557655997321124
2020-10-29,0.03631532408413845,0.9634961518830101,0.056468640400314865
2020-10-30,0.08252206036228686,0.9164128922816106,0.1204330763605442
2020-11-02,0.1775335265353653,0.8208399648940535,0.20023476494793133
2020-11-03,0.1840440688486479,0.8140747160373445,0.21738080825440612
2020-11-04,0.14867682860471523,0.8496298148656745,0.16505594509920193
2020-11-05,0.1488845834408984,0.8494219836100321,0.16576109635531303
2020-11-06,0.10356157645350264,0.8956201037190578,0.10477043906342405
2020-11-09,0.00901546561348687,0.9907234635155711,0.026692675310889813
2020-11-10,0.003399068940565947,0.9965560367870309,0.012804811592185304
2020-11-11,0.0042073539568472235,0.9957462710544063,0.015419093245711968
2020-11-12,0.004624993403262825,0.9953218318514994,0.016764347221724846
2020-11-13,0.005008992704274911,0.9949237896533395,0.017955015287046742
2020-11-16,0.0056061278758784,0.9943252426810787,0.01978601857062184
2020-11-17,0.0057900914889131416,0.9941505655381897,0.020268671642016
2020-11-18,0.005288879862981979,0.9946024712044448,0.019001039881987716
2020-11-19,0.0049030390956404865,0.9948451926614537,0.018503114297508793
2020-11-20,0.00409477273458193,0.9955371515209308,0.016652773062194332
2020-11-23,0.0035966657536203603,0.9955929536047563,0.017060176609429385
2020-11-24,0.0029357151282432764,0.9959978975258139,0.016158713586364115
2020-11-25,0.0033191649492276864,0.9927497857531437,0.02668834048797506
2020-11-27,0.0029671191643544014,0.9930798562816958,0.02556752269298047
2020-11-30,0.002548300207765734,0.99339236491762,0.024538419953141787
2020-12-01,0.0022778646625563224,0.9939832728433837,0.022332999364860474
2020-12-02,0.0020684169510623435,0.9944300413211534,0.020564421468287665
2020-12-03,0.0012947318707982262,0.9978669586000108,0.009549421814328317
2020-12-04,0.001068412319719899,0.9982326742818162,0.008031599240448672
2020-12-07,0.0009201868585022985,0.9985858472561597,0.00702711233885023
2020-12-08,0.0005435711888014176,0.9990222391875128,0.006310433651794506
2020-12-09,0.0002558818305194584,0.9993577859268885,0.004878765308960385
2020-12-10,0.00013761644125948465,0.9997281443722793,0.0032944925169884716
2020-12-11,0.00019124456661704503,0.9997026763203305,0.004423789235947604
2020-12-14,0.00026714184275275054,0.999646769497828,0.025448200145969102
2020-12-15,0.0002940275829306852,0.9996807285224808,0.07288265204716553
2020-12-16,0.00030992448719435327,0.9996588093987058,0.11977853339744202
2020-12-17,0.00029401645258762333,0.9996728607537848,0.1660272580576609
2020-12-18,0.00028557718834456154,0.9996779708449299,0.23829178350803382
2020-12-21,0.00025563853353115413,0.999696181201363,0.2942842758638844
2020-12-22,0.00028294008732069746,0.9996738165748733,0.31438400979560926
2020-12-23,0.0002841763146052601,0.9996595063898163,0.31156196071501235
2020-12-24,0.0002606615163756081,0.999684067698903,0.28922765068659617
2020-12-28,0.0002173383581082221,0.9997337979055582,0.24195725629904913
2020-12-29,0.000179949811643813,0.9997867417057407,0.22179866906130874
2020-12-30,0.00013113903563185107,0.999809882158224,0.22236921848404304
2020-12-31,0.00011259237782064595,0.9998079764296787,0.25272974625990735
2021-01-04,0.0007635298550338244,0.997983766475474,0.3064311961913424
2021-01-05,0.0008934684850813123,0.9975565314390133,0.35818380531774163
2021-01-06,0.005336053216922741,0.9868606648870284,0.3591488156756599
2021-01-07,0.008336328176507618,0.9796104862252999,0.3438846537610468
2021-01-08,0.010026202925247158,0.9756083286117965,0.31147624110312333
2021-01-11,0.01054942170918426,0.9752398713667366,0.29921760314281165
2021-01-12,0.012970168949997935,0.9705647683885796,0.29080522864486136
2021-01-13,0.009561810570382242,0.9792426309587856,0.3156038442000966
2021-01-14,0.008503517293261051,0.9826484801410975,0.3332060361554937
2021-01-15,0.01531178214546397,0.9693008689245556,0.35001928738046295
2021-01-19,0.024334062054482776,0.9496445271273497,0.39915342387290875
2021-01-20,0.023167491242198086,0.9519642609557553,0.35607416100257216
2021-01-21,0.02255698619957921,0.9532153551919806,0.2875414043360446
2021-01-22,0.020682266745470794,0.9570047871243123,0.21852634274543842
2021-01-25,0.012219577200875858,0.9743574689171697,0.160457353458705
2021-01-26,0.0020717999965908502,0.9961509207644023,0.0477767528886386
2021-01-27,0.0010253952773282876,0.9984053813403607,0.023468117347524946
2021-01-28,0.0013691648162438657,0.997755393791887,0.014216165714934656
2021-01-29,0.020604353836758352,0.9572700242546441,0.08632264791779894
2021-02-01,0.03316256890198329,0.9317665706760367,0.14153228654855066
2021-02-02,0.06702979913877737,0.8718637418757862,0.24291444234703796
2021-02-03,0.08702984335522229,0.8369905126128041,0.31371410962613516
2021-02-04,0.10484090154611733,0.809445357489669,0.3721530029552767
2021-02-05,0.10983289886412673,0.8184883178501101,0.3638380115758714
2021-02-08,0.11068687920628621,0.8243966221355334,0.3575233943776027
2021-02-09,0.09416920600658787,0.8569995044898657,0.3179149928835357
2021-02-10,0.07443473005812419,0.8916753535037106,0.24836646268440501
2021-02-11,0.05762019955881607,0.9181180589762657,0.19487036012528833
2021-02-12,0.03354663801737111,0.9492638174257758,0.13019158578000029
2021-02-16,0.02016534785038155,0.968609110313573,0.08195299757314155
2021-02-17,0.0028207359172088948,0.9951807165373949,0.021431131607836544
2021-02-18,0.002329989385496078,0.9943624595773628,0.024008341264625317
2021-02-19,0.0006755240537626714,0.9957457524470982,0.018392979073726567
2021-02-22,0.03604740533752805,0.9105073009321428,0.1355968108948828
2021-02-23,0.07705011324440125,0.8095777434812303,0.2669336319669574
2021-02-24,0.12033615378241067,0.7062705081254903,0.3942097177705066
2021-02-25,0.21372687539669152,0.5087224117354222,0.48268156824279956
2021-02-26,0.30626965026626346,0.3106913818741532,0.578606264275289
2021-03-01,0.3677047750720584,0.1987087619503644,0.5477214991712043
2021-03-02,0.4225040944325721,0.10120002429842301,0.5096146964815838
2021-03-03,0.4729283654264097,0.005333590174126362,0.47210381749649566
2021-03-04,0.46867535419883993,0.004453395231748832,0.5165124225448094
2021-03-05,0.46782349999246586,0.0036602910483729822,0.5264935169780148
2021-03-08,0.47204727079167,0.0012804922257000602,0.551480419264894
2021-03-09,0.47470938481012137,3.681387130462234e-05,0.5437893663010368
2021-03-10,0.47789840213273804,9.117832874193618e-05,0.5380295936773722
2021-03-11,0.4822202388480273,0.00048586258767571315,0.4964574241369677
2021-03-12,0.48239283045682757,0.0009893308577528035,0.48168058058974034
2021-03-15,0.47511251253600173,0.006784891694021575,0.4935622615283949
2021-03-16,0.47609890448862835,0.01099816377987352,0.5385912960272494
2021-03-17,0.459060932171922,0.020169030223259058,0.6343484075189603
2021-03-18,0.4615814695092194,0.02081161426178858,0.680225965757445
2021-03-19,0.46799674361317817,0.024198589213888434,0.7264091510759112
2021-03-22,0.483859879592983,0.05786840510499179,0.7552683590165661
2021-03-23,0.40942423827556185,0.16788853196228426,0.7625141087110026
2021-03-24,0.3640299556537415,0.17584623952875528,0.7512948977837233
2021-03-25,0.30503355018984313,0.24879685931011325,0.7714411757022723
2021-03-26,0.21673336422763892,0.4246873653125899,0.6804800926625678
2021-03-29,0.12133540661892328,0.5070450457104162,0.6574116245339838
2021-03-30,0.1173451812797627,0.43778804067369437,0.6988785562928035
2021-03-31,0.09736467250192307,0.5490514997387208,0.6603385823597006
2021-04-01,0.06184280765602758,0.6472044417226342,0.5562809447478156
2021-04-05,0.05549856938404905,0.6201706858284364,0.5903527660735715
2021-04-06,0.042289947136261746,0.6913115076683564,0.4805400608446999
2021-04-07,0.023799574027115133,0.8308617648902346,0.33903940105235647
2021-04-08,0.009350382763884895,0.9014891862875721,0.20938483150891912
2021-04-09,0.007901918712265942,0.9267438194173037,0.15894576014257386
2021-04-12,0.00430586115333664,0.9715761086365446,0.08269436093436622
2021-04-13,0.003200902346322143,0.9755033181148859,0.07247391003671634
2021-04-14,0.0026365786154667107,0.9716272841668234,0.0827702597869337
2021-04-15,0.0034704233703412466,0.9563000599823235,0.12083893134586776
2021-04-16,0.0038980926163395277,0.948274565755888,0.1416750156789836
2021-04-19,0.004116118976185809,0.9441248272119772,0.1562482354948256
2021-04-20,0.004539623427644048,0.9411780038091427,0.16513042720026108
2021-04-21,0.0027733081216920197,0.9593172613801058,0.13504264383276599
2021-04-22,0.0026815568568564945,0.9723772274828353,0.10558649886547515
2021-04-23,0.0026107688134642216,0.9815948263685756,0.09752352275687612
2021-04-26,0.002698443082695947,0.9870196912758222,0.10117868145767366
2021-04-27,0.0025396642300158367,0.9918409432517507,0.1292288562437011
2021-04-28,0.0024631597890518177,0.9925002616152845,0.13121282183582827
2021-04-29,0.0017766826989230214,0.9949024449676938,0.14718585105571766
2021-04-30,0.0013272290232946113,0.9962320843756818,0.13130276289116832
2021-05-03,0.001052441296940518,0.9968528908222332,0.11636598507649591
2021-05-04,0.0011003594716013044,0.997156116978189,0.07233639305166246
2021-05-05,0.0015270121528342972,0.9963136923205133,0.05628648258528057
2021-05-06,0.002262018924808879,0.9948575584514397,0.03608066345225968
2021-05-07,0.009485041803408263,0.9759150533970523,0.08191048284883022
2021-05-10,0.08319165547590221,0.8085465506589351,0.2148848339109068
2021-05-11,0.15973037512917246,0.636147591496014,0.3536403402481524
2021-05-12,0.2469459871762964,0.44029717988344974,0.47577108314056255
2021-05-13,0.33603182933822073,0.2523659395057261,0.5798493011550733
2021-05-14,0.4119622710528417,0.09351394227432137,0.6476564008662898
2021-05-17,0.4247818477995139,0.07737012818531881,0.6171804093619745
2021-05-18,0.4415426982494979,0.05625238499831845,0.5784549714095739
2021-05-19,0.4489807127212015,0.05763852907860687,0.5517423810095623
2021-05-20,0.44183888733011345,0.06991800769110929,0.5573729823217347
2021-05-21,0.4492568907323561,0.06048855576486145,0.5417030802711056
2021-05-24,0.4215318261885441,0.10761651958467436,0.5637066885485266
2021-05-25,0.38075288525221607,0.1783711723659344,0.5940707401856101
2021-05-26,0.29648957234592965,0.3324176122312409,0.5817679773146461
2021-05-27,0.24570355647216385,0.4171155812604267,0.6034981218198593
2021-05-28,0.1679322944942702,0.5388332393458481,0.6210611095078852
2021-06-01,0.12859705305156216,0.5919118850103826,0.6248068298595748
2021-06-02,0.09416923359336216,0.637805003875709,0.625150850293035
2021-06-03,0.1472719922687329,0.519219801208203,0.6943420174380235
2021-06-04,0.14529814410256112,0.5140766440997624,0.7045773478493932
2021-06-07,0.16132600532660016,0.48289400192663756,0.7321985313498001
2021-06-08,0.156078542943288,0.4928018398296847,0.7222564375817017
2021-06-09,0.1613222984758706,0.4935484952371153,0.7249164053033068
2021-06-10,0.11761367680822137,0.5845645647397346,0.7026336493436649
2021-06-11,0.09101996320514809,0.667298381523148,0.6664800892542988
2021-06-14,0.0660432156590342,0.7502217690191237,0.6273157979408778
2021-06-15,0.05844341996552085,0.8096113715166566,0.5649113285683626
2021-06-16,0.047995748176231715,0.8585387986874448,0.5202401809249404
2021-06-17,0.032848944471626736,0.9139695902678475,0.46606796647152704
2021-06-18,0.04136039188382541,0.8966758467939663,0.47763495747614043
2021-06-21,0.04851257488175129,0.8869938448076837,0.44486719001982555
2021-06-22,0.04703849800040671,0.8895384070720548,0.4344485792940559
2021-06-23,0.039715390462882944,0.9054298689408178,0.38802598173309905
2021-06-24,0.03841513862669409,0.9110835345825115,0.3455346753845058
2021-06-25,0.030216675318942676,0.9361658226733734,0.25657050243794655
2021-06-28,0.021263298023026716,0.9552288177098329,0.2108254101188774
2021-06-29,0.018332021832898854,0.9618547467974657,0.1886654462378326
2021-06-30,0.014446553745999149,0.9691372012358569,0.17702240444227874
2021-07-01,0.012215607576330084,0.9731456519659183,0.1726879408582151
2021-07-02,0.008887147157547966,0.9777753593759174,0.17704680014173585
2021-07-06,0.006962176122856889,0.9816963031934101,0.16065614975625558
2021-07-07,0.004783266053493165,0.9863294587160901,0.1403647232672775
2021-07-08,0.002996667302217777,0.9904230088950081,0.12589661411997172
2021-07-09,0.0018821362829722424,0.9930538236640529,0.11138091076591312
2021-07-12,0.0024937944610498083,0.9936798527248605,0.09070062837428683
2021-07-13,0.0027011731503941484,0.9932470668500967,0.09095774716840799
2021-07-14,0.002874695968072382,0.9930253336700238,0.08925367892312727
2021-07-15,0.0038815810925725996,0.990942666670161,0.08950108279586548
2021-07-16,0.01386886092116664,0.9705312558060133,0.14944353312636377
2021-07-19,0.07097515354716952,0.8562914647453775,0.29563516848622423
2021-07-20,0.07685327043308905,0.8447816965888381,0.32628729999504
2021-07-21,0.08275704845120568,0.8332511093301823,0.3522218944815463
2021-07-22,0.09035495971632082,0.8185895820855036,0.38249744600639607
2021-07-23,0.08372462027933136,0.8327633765454484,0.3344449949182132
2021-07-26,0.03221485976896375,0.9364184028413574,0.21080689241651623
2021-07-27,0.04756640195935205,0.906948212744517,0.25108479768003555
2021-07-28,0.045906933713079336,0.9105562224923134,0.24224420974712882
2021-07-29,0.04271914179969176,0.9171225659230373,0.22722040730530896
2021-07-30,0.04258811502193094,0.9175497911494087,0.2281785755925702
2021-08-02,0.04538391365758686,0.9122148877605432,0.23953572895508138
2021-08-03,0.03469200623575689,0.9326244597667523,0.21252892329988882
2021-08-04,0.04191868943954587,0.9180409937255419,0.24541041060360538
2021-08-05,0.05452107941212199,0.8927027880652979,0.2957218753563907
2021-08-06,0.06357067527490705,0.8747740942234336,0.32765983427294143
2021-08-09,0.07436034157619284,0.8534195770608892,0.3603906527863171
2021-08-10,0.0810602279479217,0.8396552115941021,0.38681153425865855
2021-08-11,0.08778469198995337,0.8258131154220483,0.41224994876829424
2021-08-12,0.08931526428527137,0.8223050111277102,0.41900849870707735
2021-08-13,0.09150426574332723,0.8172319298735105,0.4336521614252752
2021-08-16,0.08280603941187792,0.8339952606912882,0.4091788975583647
2021-08-17,0.08637124445102781,0.8278011618923043,0.408965398691224
2021-08-18,0.15435265661834124,0.7000875283715724,0.44820181083484467
2021-08-19,0.18578056573150914,0.6422383194354854,0.4832682137057316
2021-08-20,0.18359917728599026,0.6478839393612985,0.46520720548921873
2021-08-23,0.1877952674321085,0.6409907851501494,0.47601822047266423
2021-08-24,0.18325908359566037,0.6507760831838288,0.46499163109487157
2021-08-25,0.09760777170750737,0.8140598596306511,0.3536687197923455
2021-08-26,0.04795736594753448,0.9086991382726893,0.24284329240517888
2021-08-27,0.043582869221678255,0.917760201862469,0.22530627130916842
2021-08-30,0.02866579794885376,0.9462800382051195,0.1624389652576857
2021-08-31,0.012169300114858212,0.9777670798162978,0.10131017241239729
2021-09-01,0.011330705355966123,0.979365006484087,0.12881388206197913
2021-09-02,0.00979527809070527,0.9822270372811468,0.13899879843293744
2021-09-03,0.0013932070646910336,0.9978300597111389,0.16862297599577292
2021-09-07,0.0006286962453779133,0.9990900517720682,0.1906026296363443
2021-09-08,0.0005819002804023198,0.9991103963526407,0.2069395079223883
2021-09-09,0.0009576456680070666,0.9983231398769401,0.1775614597969956
2021-09-10,0.0026890798408230666,0.9949903032428196,0.19118516389482754
2021-09-13,0.00626150450220975,0.9878090497403281,0.17239261731409622
2021-09-14,0.01245386957778553,0.9740014477910937,0.24529316733297205
2021-09-15,0.014032981655763374,0.9706685156438908,0.25432324172303666
2021-09-16,0.013766009662665358,0.9711624429478046,0.27841957318135624
2021-09-17,0.023687510392067214,0.9529891165576123,0.3550488230409594
2021-09-20,0.12480758879837868,0.7670581171632962,0.3967481014604431
2021-09-21,0.222905243698015,0.5887760133181816,0.38866170899965063
2021-09-22,0.31359993915319506,0.42621109834011817,0.47967896795685616
2021-09-23,0.34333280613924155,0.3736883013118777,0.5693441478264017
2021-09-24,0.37211126937660943,0.3217617767254201,0.5813324729109717
2021-09-27,0.36845608547458647,0.33322945857276387,0.6029521187398635
2021-09-28,0.3741841473964615,0.325660433064867,0.5923835538088469
2021-09-29,0.38948766521692463,0.2918575231915589,0.548285891979212
2021-09-30,0.46468384332840873,0.1448236502193323,0.5038640273271913
2021-10-01,0.5270033572926895,0.018514307587524027,0.45769606202233915
2021-10-04,0.5271050496098166,0.0003116582996556945,0.4272115303675662
2021-10-05,0.5190644778690313,0.00015959310420468874,0.4240143223667981
2021-10-06,0.5133463269381127,0.00010779052750309452,0.42015052697487326
2021-10-07,0.5107492403505111,0.0001622619824091195,0.4159786248883403
2021-10-08,0.5096957334959056,0.000184165359848323,0.41343664950264297
2021-10-11,0.5064671149408468,0.00019872837247512468,0.4083368420481584
2021-10-12,0.5048715592256157,0.0003465732239799495,0.41520927405489133
2021-10-13,0.5022482710059735,0.0005546235011928306,0.4226707176465898
2021-10-14,0.5010422830249796,0.0011265387048316074,0.42576808333126753
2021-10-15,0.5008404578864054,0.0022406595935119955,0.42884332465474184
2021-10-18,0.4822373937387452,0.02996345330980668,0.4750820846444238
2021-10-19,0.45293203713541114,0.0756053687091942,0.5268186231454413
2021-10-20,0.42653730100077886,0.12142836530580232,0.5728859423323566
2021-10-21,0.39858832411320194,0.1639289257809754,0.6297771776153311
2021-10-22,0.3850020877925101,0.18051488064216056,0.664941221171659
2021-10-25,0.3710421373509377,0.2045841530793008,0.6825523346153453
2021-10-26,0.34931410771623955,0.24109516446186713,0.6912694210395637
2021-10-27,0.2965713780249846,0.3513436102597309,0.679938037067459
2021-10-28,0.22896247651921828,0.49131801186032353,0.6520977178872551
2021-10-29,0.14334407413149658,0.6646576927368205,0.6324287344468272
2021-11-01,0.07865455391569798,0.8100618307285863,0.5718097061759293
2021-11-02,0.029851651963704644,0.9257179868793722,0.4872642916486927
2021-11-03,0.010075731285396468,0.9682490030262025,0.4168642864718974
2021-11-04,0.005624277170515743,0.9828498559012587,0.37923635935055283
2021-11-05,0.003388585684746648,0.991412453700758,0.3542185846598417
2021-11-08,0.0030621146188455003,0.9935413473995768,0.3460961745830263
2021-11-09,0.005994780194300718,0.9919693341069713,0.3326100350649924
2021-11-10,0.032082299949420044,0.9665009794850009,0.32402770740842646
2021-11-11,0.046965302743898735,0.9516137359231159,0.2929580703597502
2021-11-12,0.04761989309259185,0.9510123968955423,0.2800658936958239
2021-11-15,0.04764147395149161,0.9511040843213868,0.25960699549012844
2021-11-16,0.04417281343084455,0.9545804606844648,0.23442901355521029
2021-11-17,0.017782022971515262,0.9809718711698985,0.2074846565310115
2021-11-18,0.0016579751475112355,0.998025015918633,0.19687138644333696
2021-11-19,0.0009109049944498237,0.9988160181493694,0.1605598128058035
2021-11-22,0.0015331956128316168,0.9977693331836237,0.15519657592868613
2021-11-23,0.005429754062347476,0.9908782085000023,0.20419893783715573
2021-11-24,0.006189905303157392,0.9893826201243489,0.25223200543257274
2021-11-26,0.06464253172487185,0.8800372941126033,0.34562379214933997
2021-11-29,0.06945139535406866,0.870923575150983,0.40816506144526166
2021-11-30,0.13420095845515292,0.7481344903146232,0.49079676931183636
2021-12-01,0.22353254922538285,0.5783763199639054,0.527278970189593
2021-12-02,0.32050163607467114,0.3945360053762652,0.5647117324170321
2021-12-03,0.3653220701037279,0.3058446817853716,0.5226628723720745
2021-12-06,0.4622780478534489,0.1190706606988873,0.5240047174152074
2021-12-07,0.490404771194027,0.059945829439288965,0.49943836273395037
2021-12-08,0.4939325782005103,0.048119768440097674,0.49054057363218984
2021-12-09,0.4992296640867223,0.03664572203221324,0.4748552942463604
2021-12-10,0.49532672938040906,0.04366434695898562,0.4888146402039185
2021-12-13,0.49099793920129475,0.04654953705171061,0.49399629799863753
2021-12-14,0.49659361833661925,0.03294205067433082,0.4710785885994227
2021-12-15,0.4933816732707125,0.029257966894051114,0.46438329500634384
2021-12-16,0.48926113184660336,0.02707155343372934,0.4599625695802153
2021-12-17,0.4876587186932211,0.01888908467521579,0.4448564521590742
2021-12-20,0.48881907960158266,0.012311022991614797,0.4348609104415083
2021-12-21,0.47542103440066164,0.013924556170817875,0.4604393570027388
2021-12-22,0.4736016658562162,0.008821739153900656,0.4596696748103496
2021-12-23,0.4622353062165506,0.013311442433231398,0.48312077535645975
2021-12-27,0.4518712897070786,0.015815503167712838,0.5307643964248309
2021-12-28,0.4380571908796053,0.023386017779904487,0.5689498891322633
2021-12-29,0.43748792602925074,0.025092772585136657,0.5717646727619478
2021-12-30,0.42339034749688914,0.03901197629891824,0.6053602173499502
2021-12-31,0.36955652963082813,0.0959694593748798,0.6748227242362833
2022-01-03,0.3086510116154899,0.14719048526826675,0.7222193864240187
2022-01-04,0.2578419710788483,0.20043442467398767,0.7772801981928816
2022-01-05,0.2296429156870527,0.2010780920751138,0.8265560666215019
2022-01-06,0.2215267570382952,0.18956472264022528,0.8485231235356873
2022-01-07,0.2376645614491745,0.1297155578985569,0.834311692518656
2022-01-10,0.24611923002431588,0.08039796975464579,0.8179276745495297
2022-01-11,0.2729162411155558,0.026999218860203233,0.8031052998900912
2022-01-12,0.29135785165484107,0.029782762221035364,0.7813842610337265
2022-01-13,0.2953648986882104,0.02586210863423257,0.7713401748691411
2022-01-14,0.3378866273942346,0.02454848297129994,0.7142690255582345
2022-01-18,0.3654584619326273,0.01951604855046682,0.7090362596633127
2022-01-19,0.33117922037696296,0.011849063961582574,0.6963993720657301
2022-01-20,0.2588988814039978,0.002234749874650964,0.644559725563418
2022-01-21,0.18964692649681605,0.0011351749938402066,0.5904490872755974
2022-01-24,0.10207009249517066,7.953910589500472e-05,0.5746386830673321
2022-01-25,0.0503688149399126,1.0194287574076137e-05,0.5145217667023357
2022-01-26,0.029333365983132454,4.981289074797984e-07,0.4541340858449378
2022-01-27,0.031170255159438765,1.0501402803897895e-09,0.4524380444118904
2022-01-28,0.03680411688455752,1.6237728362397715e-09,0.46112517567921285
2022-01-31,0.0583318000678615,9.333390651284664e-07,0.5054407963802421
2022-02-01,0.062441180357294235,3.7324913476461895e-06,0.5273975512745486
2022-02-02,0.07069058926955907,1.2464803146436187e-05,0.557121299716775
2022-02-03,0.09816400502518659,1.2465942274266685e-05,0.5828602975379878
2022-02-04,0.10831098081601635,1.2496907684482537e-05,0.5943155480824455
2022-02-07,0.1056636426914275,1.1568718853645385e-05,0.5704204938527331
2022-02-08,0.10348766578513797,8.840174670143324e-06,0.5517779418674059
2022-02-09,0.10302375604800165,3.442196887679842e-06,0.536480806773203
2022-02-10,0.0884581899991508,3.4778053753701027e-06,0.5272473692729437
2022-02-11,0.09171930735510168,3.446033858299654e-06,0.5277997601801692
2022-02-14,0.07812388463315349,3.4417282963773296e-06,0.5140901840156471
2022-02-15,0.07784980198099958,3.379924522232324e-06,0.5128217782246046
2022-02-16,0.08315294902161864,5.563686899834872e-08,0.5137990163638266
2022-02-17,0.07867403408638449,1.8893661025818575e-08,0.5081935289275534
2022-02-18,0.07115504966557981,1.8879882981203595e-08,0.5019399913570921
2022-02-22,0.08615077865682616,1.8857453561068384e-08,0.5159406485459511
2022-02-23,0.11346408861079489,1.005169797076318e-08,0.5348694351037057
2022-02-24,0.1438620299376972,4.515829334726482e-12,0.5505951710829631
2022-02-25,0.17812312846752962,1.0464211469882028e-13,0.5708024170430551
2022-02-28,0.1971108316917486,6.807417439634601e-14,0.5841259138038614
2022-03-01,0.19487453643309677,7.072297837159865e-14,0.5825050458146651
2022-03-02,0.16276181589642985,2.7232337637597198e-12,0.557510080001996
2022-03-03,0.12362102004223403,2.7835808523016234e-12,0.5325383652874836
2022-03-04,0.08606882648057793,2.7515604340514104e-12,0.5086123157049762
2022-03-07,0.10351974235749714,2.717777165395762e-12,0.514360496835949
2022-03-08,0.13073652624653093,2.7149448696407454e-12,0.5269249309335114
2022-03-09,0.16010008668458112,6.244513734787174e-14,0.550739981018091
2022-03-10,0.1773814341175633,1.7592978155513556e-15,0.5664259016563931
2022-03-11,0.20204271962063522,1.5933277295771663e-18,0.585785962622187
2022-03-14,0.21705352812313503,1.5932720366414797e-18,0.5871903588851859
2022-03-15,0.2383095199664529,1.5954341126669135e-18,0.5887854759599284
2022-03-16,0.26866105717101546,3.752269840703401e-16,0.5948151938971332
2022-03-17,0.28012556788948356,6.693802091392327e-14,0.6007394051517118
2022-03-18,0.2817260970376507,1.7342212976741555e-11,0.6014066677314668
2022-03-21,0.2420330943529203,2.354565889697455e-11,0.5902615378196229
2022-03-22,0.20092464610368665,2.1570039297485245e-10,0.5809999925535843
2022-03-23,0.1674158569227307,2.1796262384374261e-10,0.5735399452777272
2022-03-24,0.18302244738433907,2.2717504912866258e-10,0.578014607252441
2022-03-25,0.15867026449730012,6.905875159437436e-10,0.5602310953949622
2022-03-28,0.13583909886855228,9.152590649913256e-08,0.5369216120029439
2022-03-29,0.10984962474071296,4.243672805354484e-06,0.5111881994526593
2022-03-30,0.0821369741065908,4.606536843115213e-06,0.48662448993529644
2022-03-31,0.033056693287935604,4.7689780780433875e-06,0.4538049060346858
2022-04-01,0.02716290708297876,4.800942124123053e-06,0.44618781880715475
2022-04-04,0.035595484053681035,5.246632803600152e-06,0.4574841804797278
2022-04-05,0.07383527985064327,1.094324839004024e-06,0.4887923412817671
2022-04-06,0.1203546792717316,7.314586341732965e-07,0.5196515362499026
2022-04-07,0.12828260915001738,5.690179502935259e-07,0.5301786828583028
2022-04-08,0.14472899675954426,5.365732905494048e-07,0.5475322999152381
2022-04-11,0.18604512339514473,4.108864874528587e-11,0.5697368305990549
2022-04-12,0.22179589384441942,9.999655503874342e-12,0.5728370748744369
2022-04-13,0.203479152514661,9.904911087747564e-12,0.5668120965769337
2022-04-14,0.20863209431370394,7.488062349610443e-14,0.5719178796867233
2022-04-18,0.1991357829771278,8.259862155008584e-16,0.5633572700880287
2022-04-19,0.1501082915128245,1.5904416023365472e-13,0.5310382613940787
2022-04-20,0.07879857638466939,1.605909352388022e-13,0.5008698470496404
2022-04-21,0.05350003606465871,1.5979683241352702e-13,0.4801358407719496
2022-04-22,0.05982129780586676,1.5978923347666247e-13,0.4852010203891767
2022-04-25,0.06081309838685443,1.5976660660468592e-13,0.4862556571011819
2022-04-26,0.10610474967321945,1.5428833263881346e-15,0.5179004747819415
2022-04-27,0.14730676338044554,0.0,0.5466621840347441
2022-04-28,0.1584874476751194,0.0,0.5582551371170971
2022-04-29,0.22476435288880992,0.0,0.5678847726172316
2022-05-02,0.29191724908981564,0.0,0.5882637096087656
2022-05-03,0.31236528953479836,0.0,0.589723176045094
2022-05-04,0.3098487749388191,0.0,0.5889263693617461
2022-05-05,0.4418986877935726,0.0,0.5623325131401806
2022-05-06,0.5211129671157784,0.0,0.5018399609724552
2022-05-09,0.6327177009069196,0.0,0.39960489893299644
2022-05-10,0.7523817853757305,0.0,0.3011613391721496
2022-05-11,0.9041913375677766,0.0,0.18991231990711657
2022-05-12,0.9488111631448108,0.0,0.12006948322818567
2022-05-13,0.9688838424369326,0.0,0.087123256283625
2022-05-16,0.9706387392260558,0.0,0.08301163480468411
2022-05-17,0.9712553346831356,0.0,0.08170910863137565
2022-05-18,0.9724850718635695,0.0,0.07802122422062552
2022-05-19,0.9746949959085851,0.0,0.07134104714770356
2022-05-20,0.984021175587056,0.0,0.04785473197922966
2022-05-23,0.9884469731125491,0.0,0.03525186595230455
2022-05-24,0.9965120960858631,0.0,0.014141165618848511
2022-05-25,0.997283049522013,0.0,0.011487505430666952
2022-05-26,0.9971609674767029,0.0,0.011905345164087328
2022-05-27,0.9907380604585475,0.0,0.029188619836952794
2022-05-31,0.9880808720645711,0.0,0.03727180680413624
2022-06-01,0.9831304747351197,0.0,0.05136773797381129
2022-06-02,0.9767189686265059,0.0,0.068696758404869
2022-06-03,0.9686771782013629,0.0,0.08899234768100434
2022-06-06,0.9659232611740277,0.0,0.09488899917659838
2022-06-07,0.960575528245488,0.0,0.10750979694227399
2022-06-08,0.963715890215598,0.0,0.09930269507279277
2022-06-09,0.9691555412939973,0.0,0.08526033957802824
2022-06-10,0.9778470494669479,0.0,0.06257071395423515
2022-06-13,0.9875345788363672,0.0,0.03725293481736687
2022-06-14,0.9959810050505065,0.0,0.01477472986499519
2022-06-15,0.9979293633004183,0.0,0.008331316889756446
2022-06-16,0.9993372660337336,0.0,0.003226944191724138
2022-06-17,0.9995174064608856,0.0,0.0024349673489576355
2022-06-21,0.9994037209654414,0.0,0.002984916270018868
2022-06-22,0.9993813280593955,0.0,0.003086118793569097
2022-06-23,0.9993416848001508,0.0,0.0032477604708207194
2022-06-24,0.9991618417327128,0.0,0.004055367110282232
2022-06-27,0.9989069576656597,0.0,0.005148395534454091
2022-06-28,0.9988106826429999,0.0,0.005562890615605203
2022-06-29,0.9981618856462436,0.0,0.008057562183734759
2022-06-30,0.998009774311622,0.0,0.008656104623560262
2022-07-01,0.9979830031732456,0.0,0.008769257846891827
2022-07-05,0.9971382758440768,0.0,0.011762194971719358
2022-07-06,0.9960759946501158,0.0,0.015533932517654059
2022-07-07,0.98911032473173,0.0,0.03367877890056289
2022-07-08,0.9727912026224136,0.0,0.07041981605301732
2022-07-11,0.9685148361297321,0.0,0.08307230884698266
2022-07-12,0.9666494215532895,0.0,0.08856457493941051
2022-07-13,0.9668977372164453,0.0,0.087755666173326
2022-07-14,0.9740829087865052,0.0,0.06882479868627814
2022-07-15,0.9887027434079801,0.0,0.03759761911193924
2022-07-18,0.9863322120870587,0.0,0.0431786936284617
2022-07-19,0.9751692329182152,0.0,0.06724225277974731
2022-07-20,0.942031299533736,0.0,0.12734899180133316
2022-07-21,0.8533265569393056,0.0,0.2360945376141883
2022-07-22,0.7826403063873977,0.0,0.32995754934097954
2022-07-25,0.6935966929995834,0.0,0.42492796089222534
2022-07-26,0.5825028997798368,0.0,0.5132034961708906
2022-07-27,0.4809016083432067,0.0,0.5716308932852023
2022-07-28,0.4820117083567129,0.0,0.5711478408436852
2022-07-29,0.4650542465715154,0.0,0.5813510168874698
2022-08-01,0.4835460344867796,0.0,0.571328896497532
2022-08-02,0.5112798495900976,0.0,0.563956979521237
2022-08-03,0.5194841437527745,0.0,0.5636877324083841
2022-08-04,0.4713419965298941,0.0,0.5755472879573226
2022-08-05,0.3905235836637897,2.905086437188333e-16,0.5766703365957188
2022-08-08,0.2966090502395509,3.9616756491792734e-16,0.5844145114550023
2022-08-09,0.24383882085377434,3.962443374538969e-16,0.5901427167340075
2022-08-10,0.22371072589524088,4.383970295662851e-16,0.5889820415589238
2022-08-11,0.22156510893318576,4.3323548461547285e-16,0.5887870629181142
2022-08-12,0.245682375474546,1.6795225995283129e-15,0.5976034133412778
2022-08-15,0.24963929930015322,5.260469415718955e-13,0.599899239107812
2022-08-16,0.24287988551591524,5.785742023267238e-13,0.598059352506615
2022-08-17,0.2018928689796517,1.010952192102611e-12,0.5741824192838485
2022-08-18,0.14685154337022843,7.949098681279086e-12,0.5428318390139913
2022-08-19,0.10028468067997438,9.170099756803557e-12,0.5130312218133525
2022-08-22,0.08935431823719561,8.64576163192654e-12,0.5059489997314423
2022-08-23,0.07397708541507153,8.59330360403574e-12,0.498639635405241
2022-08-24,0.10635604379070947,8.16090597938928e-12,0.520507112356595
2022-08-25,0.1098856959331983,1.2389871901080427e-12,0.5253677979895014
2022-08-26,0.11942088588652697,1.6450069977984497e-14,0.5366009229754305
2022-08-29,0.11119890612468897,1.6315440159743425e-14,0.5290229017643314
2022-08-30,0.10348305519783423,1.6246144677108872e-14,0.523377463560674
2022-08-31,0.08109411261360204,1.6222560033354288e-14,0.5113038950185407
2022-09-01,0.08754118766239269,0.0,0.5183770237708334
2022-09-02,0.09740328544801909,0.0,0.5263128484632714
2022-09-06,0.1360156292031704,0.0,0.5478953942173049
2022-09-07,0.16101956576524526,0.0,0.5615535478338902
2022-09-08,0.1717998024641077,0.0,0.568652687048911
2022-09-09,0.17557915675761393,1.74552989718756e-16,0.5719819527181123
2022-09-12,0.1598084226178583,7.498561442706192e-14,0.5576664348109953
2022-09-13,0.21125210463237373,7.498562579242612e-14,0.550961622490721
2022-09-14,0.22659461729436017,7.498564245235236e-14,0.5537864486200902
2022-09-15,0.2580974705687209,7.498563262771126e-14,0.5621723788079547
2022-09-16,0.30794012502090495,7.480003169319383e-14,0.5785243775296511
2022-09-19,0.35102608125274093,0.0,0.6035918040084312
2022-09-20,0.3276524965742312,0.0,0.6104562385368422
2022-09-21,0.3736762690451101,0.0,0.6015558436732158
2022-09-22,0.4392714119284399,0.0,0.5789450462233018
2022-09-23,0.5035252214325376,0.0,0.5524871986532592
2022-09-26,0.5780157717476485,0.0,0.5317199190214671
2022-09-27,0.6652207617502965,0.0,0.47261530371612465
2022-09-28,0.6837827982960255,0.0,0.4622904486094083
2022-09-29,0.7218029482191254,0.0,0.4249068842549149
2022-09-30,0.7685482531887013,0.0,0.37105649769184573
2022-10-03,0.7983739207410918,0.0,0.3439794633786696
2022-10-04,0.7441824611349097,0.0,0.3915843917748515
2022-10-05,0.6940733353829813,0.0,0.4106957357734924
2022-10-06,0.5799942830874949,0.0,0.4695993421614223
2022-10-07,0.4979393502753611,0.0,0.5438063172561128
2022-10-10,0.4183493069777656,0.0,0.5919628525280786
2022-10-11,0.3938620770542971,0.0,0.6017596889477684
2022-10-12,0.4160879669385905,0.0,0.5967594004576322
2022-10-13,0.4245680485550617,0.0,0.5977754179742282
2022-10-14,0.4499301409825985,0.0,0.584567960024265
2022-10-17,0.4708272856853877,0.0,0.5790128632097871
2022-10-18,0.4315354153414117,0.0,0.5798964972017384
2022-10-19,0.36698988530665516,0.0,0.5769418315489949
2022-10-20,0.34676627610900523,0.0,0.572725270472586
2022-10-21,0.2465837864461582,8.228362489938619e-18,0.5787251165962779
2022-10-24,0.17596925370959265,5.76318445871163e-17,0.5746010688927319
2022-10-25,0.14842217937582927,3.51349513339142e-14,0.5613482590385968
2022-10-26,0.15517328702699354,3.522411772086043e-14,0.5644646124199966
2022-10-27,0.15277983260791977,3.522512988488008e-14,0.5635485564468022
2022-10-28,0.16343572294622133,3.680314631605017e-14,0.5698680984151386
2022-10-31,0.18218550945875084,3.676007633041424e-14,0.5778562162636435
2022-11-01,0.19215489766616073,1.68719054184807e-15,0.5844061742327684
2022-11-02,0.2016209251864301,1.5979193825549661e-15,0.5874883471325668
2022-11-03,0.2361323288713842,1.5969026992203024e-15,0.5924990066339729
2022-11-04,0.25916358079743257,0.0,0.5991085590227583
2022-11-07,0.31586728429489547,0.0,0.5933117891094006
2022-11-08,0.37307027633527884,0.0,0.5989857350922146
2022-11-09,0.46526435749669764,0.0,0.5692966926061639
2022-11-10,0.5827669571483522,5.216283719544507e-16,0.47091987966622967
2022-11-11,0.6865327737715516,1.1085296128058007e-13,0.41810328525349394
2022-11-14,0.768703783066861,1.1129409318377073e-13,0.33692232130300553
2022-11-15,0.8321231420172894,3.6622460892349157e-13,0.2969672886988268
2022-11-16,0.8212215488830683,1.4724584676532594e-12,0.3056794591951399
2022-11-17,0.7493259525526766,2.302838492587121e-12,0.3883499769851757
2022-11-18,0.720122659071445,2.7173768222642743e-12,0.416512397807623
2022-11-21,0.6388400859049719,2.9134800077857994e-12,0.49731823794147856
2022-11-22,0.5973740644530373,4.757270424561236e-11,0.5288114412526401
2022-11-23,0.5117977564025137,1.0339015887660692e-09,0.548616272764711
2022-11-25,0.406208820202077,1.3013533014935758e-09,0.5417900490133107
2022-11-28,0.3036601341543733,1.3022065053771282e-09,0.5572393095815897
2022-11-29,0.2142664347950657,1.30585513842011e-09,0.5452784257249746
2022-11-30,0.11702147143910949,2.5398870904780215e-09,0.5340936871839383
2022-12-01,0.09106046229897666,1.9632510438768097e-09,0.5192550752761941
2022-12-02,0.11256355924496039,1.702245673770416e-09,0.5350638429234248
2022-12-05,0.14944864401193436,1.700876787331448e-09,0.5447311521471885
2022-12-06,0.18875118646964623,1.6970323104893727e-09,0.5644545227447291
2022-12-07,0.22006278612000343,4.1808751933730773e-10,0.5839626288558752
2022-12-08,0.24019627116017098,7.441545351135293e-12,0.5966887961140511
2022-12-09,0.291856474497204,1.7189483563859965e-13,0.6013421435377365
2022-12-12,0.32220259855040706,1.7717230514892565e-10,0.5958826900397011
2022-12-13,0.3427127493592518,1.1730452659361494e-08,0.5964143278023226
2022-12-14,0.30974830986504676,1.2116849613410926e-08,0.5750546260424395
2022-12-15,0.3334513964805258,1.211898280686788e-08,0.5804688077431222
2022-12-16,0.3076285136887415,1.2118989710036767e-08,0.5826922897480454
2022-12-19,0.2529261019110459,1.1941980148067764e-08,0.5842612940963552
2022-12-20,0.21911258019696303,3.886991310114189e-10,0.5804135258770617
2022-12-21,0.2354351463307871,2.301538785820541e-12,0.5943252416445303
2022-12-22,0.196561894784579,1.5247743160769787e-14,0.580306842628491
2022-12-23,0.1583005026101042,7.40744529643115e-16,0.5658715201109109
2022-12-27,0.16691987540848277,7.053259605391974e-16,0.5682368214511289
2022-12-28,0.19751306407665611,6.676510782010778e-16,0.572294600541186
2022-12-29,0.24084559372660636,0.0,0.5828209107103571
2022-12-30,0.268098043733126,0.0,0.595244034783085
2023-01-03,0.28663014609130905,0.0,0.60542518291574
2023-01-04,0.2683714772235632,0.0,0.5989113727779207
2023-01-05,0.237238842335036,0.0,0.5946893496736599
2023-01-06,0.19549741771774648,0.0,0.5851194756444069
2023-01-09,0.17731727150139337,0.0,0.5784613119914056
2023-01-10,0.1663013460095167,9.551743327128478e-17,0.5733121257913875
2023-01-11,0.15727615614736049,2.5763094936579837e-14,0.5677181070889151
2023-01-12,0.13046315965611177,3.8181988907031143e-13,0.5500910510681402
2023-01-13,0.10678247067511593,3.78531429398298e-12,0.5276310240293369
2023-01-17,0.08243793624061768,8.30580483664604e-12,0.5063393572622668
2023-01-18,0.0656561778322069,8.305753078654353e-12,0.49285825551879314
2023-01-19,0.05863079037233534,8.280085694896477e-12,0.48699492897805
2023-01-20,0.05657484383287838,7.924239928398897e-12,0.4847445371132382
2023-01-23,0.06138948812253214,4.890398885925972e-12,0.4912619116501292
2023-01-24,0.06224830574698194,1.8848444321730857e-12,0.49245891792283486
2023-01-25,0.07998977533848947,1.8962766416568537e-12,0.5064670604994577
2023-01-26,0.07671482268402514,2.3107336291008936e-12,0.5031378720734698
2023-01-27,0.08478149354655591,2.4154147364502985e-12,0.5109647542666134
2023-01-30,0.11269437958230255,2.0457965088641062e-12,0.5312373003442846
2023-01-31,0.12627118009204183,5.756692040322253e-13,0.5448949509634059
2023-02-01,0.11745100048877284,9.137776608931607e-12,0.5390596919930462
2023-02-02,0.14055657576706534,8.369050879971762e-10,0.5556950418104122
2023-02-03,0.15574120689789522,1.015902952979897e-09,0.5653955983392827
2023-02-06,0.17365771812610725,1.0185041786441864e-09,0.5701453694477203
2023-02-07,0.18427425815876836,6.2357970566707875e-09,0.5769539083946766
2023-02-08,0.2541104942143604,7.06833587132212e-09,0.5880217877566657
2023-02-09,0.27284709108094957,6.501662140911663e-09,0.5934826782377889
2023-02-10,0.2720835297931584,7.123048890994434e-09,0.5931204602275642
2023-02-13,0.233929537512563,2.8994478247848086e-08,0.5759713086576146
2023-02-14,0.21482196741157722,2.471500632012481e-07,0.5615103354549662
2023-02-15,0.13072404657796058,7.087469693341651e-06,0.5356766099252833
2023-02-16,0.07892532498312176,7.737410736066292e-06,0.49979838847445013
2023-02-17,0.046783214714347744,1.823847644228428e-05,0.4684085200990779
2023-02-21,0.02934769293555662,2.8924743711951747e-05,0.44487867648153206
2023-02-22,0.015872622317485673,0.0001352135467426468,0.4241563727776767
2023-02-23,0.00832895207985002,0.00044970817594008807,0.41134439167550035
2023-02-24,0.0053873824677766425,0.0004727747184778943,0.4049486047508811
2023-02-27,0.0031521638613836384,0.004783687236870745,0.4096653901625455
2023-02-28,0.002319378956774496,0.00910732560678037,0.419038931007484
2023-03-01,0.0022166839283645364,0.010927683402539527,0.4244549870261757
2023-03-02,0.0029195037769404178,0.016717927448418123,0.4420641930485248
2023-03-03,0.00895032581568999,0.0334624665106919,0.49421260708548564
2023-03-06,0.030743185562743792,0.05034329964082749,0.5685102988913328
2023-03-07,0.05406612291488042,0.0678377574334228,0.6433699121905526
2023-03-08,0.08650273413704355,0.09473140620895927,0.735005683256313
2023-03-09,0.10006582461458198,0.09342020730021358,0.7711606491316776
2023-03-10,0.10010473418558477,0.07746787213070927,0.7470618456392614
2023-03-13,0.08239218422074583,0.05813552955443087,0.687326448913316
2023-03-14,0.06688962699976717,0.04802939916063656,0.6528481680626068
2023-03-15,0.09377017263586088,0.03253272870148707,0.644012242842572
2023-03-16,0.13464691398749062,0.044151965594925166,0.6809213401370251
2023-03-17,0.17855801974743918,0.06385279953901284,0.7480196075572185
2023-03-20,0.24279006786486854,0.08631497598179891,0.8008944658067663
2023-03-21,0.2871126467674707,0.10896525440471298,0.8430552030760972
2023-03-22,0.2952179903202691,0.12681482277415332,0.8322324148985407
2023-03-23,0.28116270817069583,0.18766751719616845,0.8246954180415622
2023-03-24,0.25546458167779157,0.2771260685523174,0.7954852894218079
2023-03-27,0.20852165927719007,0.3909833832891037,0.7571598239354219
2023-03-28,0.1784146285633945,0.49245360012619194,0.7013853492120246
2023-03-29,0.12192921817214449,0.621688008483724,0.6317141028872468
2023-03-30,0.08240497694600758,0.7080292507699196,0.5439307956471261
2023-03-31,0.05805906108711045,0.7933106421693108,0.4141179037619757
2023-04-03,0.036771666491499315,0.8536419860925593,0.3033358937710051
2023-04-04,0.015952321810510182,0.910343326695098,0.21141965942572022
2023-04-05,0.00877195097788146,0.9169581861417854,0.19924475220957613
2023-04-06,0.009930405129810157,0.9266864479283294,0.18862186099334194
2023-04-10,0.010775565187515957,0.9123853475872877,0.22483716324326014
2023-04-11,0.011322452861537368,0.9098217280369367,0.23261318898463826
2023-04-12,0.010466186980943079,0.9145398596881587,0.21739775599588604
2023-04-13,0.006532298530654776,0.9471494716713703,0.15308384407847486
2023-04-14,0.0035451108659564816,0.9734006786330289,0.09842078867122797
2023-04-17,0.0030204081122207826,0.9898482459251532,0.11518015852685712
2023-04-18,0.0021676823734225856,0.9936269731197385,0.14033371723989202
2023-04-19,0.0024257276202055375,0.9932716698438574,0.20875625695090028
2023-04-20,0.006441055875909547,0.9828379945298931,0.289295028654525
2023-04-21,0.008080910850460834,0.9786930458330625,0.36851202970070596
2023-04-24,0.00955488066996588,0.9755943303482819,0.39247105205857713
2023-04-25,0.0695420767625252,0.8488943767977822,0.48598729958774706
2023-04-26,0.12836598333693422,0.7259283163867009,0.5490472323977291
2023-04-27,0.16319690882176177,0.646706554955111,0.6020222724716172
2023-04-28,0.18322578763583833,0.6012428301475488,0.6275911129711552
2023-05-01,0.19383618266277117,0.5772598375743232,0.6235984882782497
2023-05-02,0.1919234459667311,0.5817844813372386,0.6446853004175124
2023-05-03,0.18911620939669435,0.5888910609600246,0.6569189992903123
2023-05-04,0.2044400671764827,0.5661575359807008,0.6644890273384917
2023-05-05,0.18828470169685455,0.6043920433450284,0.59753614133221
2023-05-08,0.17648881253503412,0.6321977717022123,0.522274738695655
2023-05-09,0.12049296727672598,0.7497488390306686,0.39604861153472426
2023-05-10,0.06608124291198489,0.8627971367856186,0.27266899664423383
2023-05-11,0.012378213134293431,0.9738808953751624,0.14064731601593167
2023-05-12,0.0068759196644465935,0.9852770368720991,0.10439869026669608
2023-05-15,0.02576938808304447,0.9401644072479971,0.2120690282903627
2023-05-16,0.052247636178225886,0.8768842317724508,0.32316973899862
2023-05-17,0.060751471802046896,0.8552259145782145,0.39286384692972837
2023-05-18,0.06610852108998455,0.8415892390550956,0.44405358683333673
2023-05-19,0.06703115024401866,0.8382810618877322,0.47786577084335
2023-05-22,0.04785684007233466,0.8824138091274258,0.39516622457838907
2023-05-23,0.022440771126774752,0.9424697219732039,0.30132211278057036
2023-05-24,0.01287804333120463,0.9663433812959312,0.2357751851179845
2023-05-25,0.008878857027405925,0.9784012240919919,0.20109143622344564
2023-05-26,0.009608974999062245,0.9797248325932644,0.1994071989843479
2023-05-30,0.010079866610954665,0.98097170217502,0.20094305533688042
2023-05-31,0.00787736743845523,0.9879224625522246,0.19059576140800333
2023-06-01,0.0076063652341555295,0.9902231351177646,0.1739319008603882
2023-06-02,0.01325048323522839,0.985752060429699,0.17355387270965145
2023-06-05,0.023669836208003597,0.9757957544008565,0.17153237455557005
2023-06-06,0.025131556722600625,0.9744673043858771,0.21406850939144112
2023-06-07,0.027009575453900064,0.9723439621514579,0.20784419948955085
2023-06-08,0.027030021168616858,0.9723230772447259,0.21148994646369154
2023-06-09,0.019756190502724112,0.9796718944722309,0.1882127969313589
2023-06-12,0.007829658829048135,0.9916683861640504,0.14921823117639615
2023-06-13,0.005442408682659552,0.9941842488827717,0.06898290567277614
2023-06-14,0.0029787462605372376,0.9970121667892752,0.042103201122326114
2023-06-15,0.002504002226819937,0.9974910617781438,0.02370873625707958
2023-06-16,0.0025095491752929046,0.9974883188407281,0.012889276139879013
2023-06-20,0.0022283853228283047,0.9977704180958387,0.010322029143578788
2023-06-21,0.0018589208798209414,0.9981400109453592,0.0083419135598227
2023-06-22,0.0014142832087162115,0.9985850897038191,0.0061021291083667
2023-06-23,0.0005097670110588274,0.9994901219639598,0.0027496189621970027
2023-06-26,0.00026477987944054364,0.9997352092164615,0.001502345343866972
2023-06-27,0.00022669286185038424,0.999773297546375,0.001143301796481502
2023-06-28,0.00018766396050610097,0.9998123294156729,0.0009845746456539084
2023-06-29,0.00018037961688837617,0.9998196137860553,0.000945689853783878
2023-06-30,0.0001582317618999811,0.9998417616989219,0.000825628809473828
2023-07-03,3.515675787460071e-05,0.9999648430724493,0.0002765944127527639
2023-07-05,3.513799946000227e-05,0.9999648618497922,0.0002814731430634505
2023-07-06,3.0571542049163044e-05,0.9999694284285813,0.00021732462996827657
2023-07-07,3.136853492690682e-05,0.9999686314260761,0.00022066258670807676
2023-07-10,3.1876531917776296e-05,0.9999681234287922,0.00022574235605051673
2023-07-11,3.1569945792078094e-05,0.999968429965205,0.00025355903727798136
2023-07-12,2.988186868639951e-05,0.9999701179896248,0.00024758079966343357
2023-07-13,3.118326579469197e-05,0.9999688165923686,0.0002602912122574266
2023-07-14,3.729395391633654e-05,0.9999627057572257,0.00033080635713095844
2023-07-17,4.3594564971407944e-05,0.9999564050184789,0.0003814779703853947
2023-07-18,4.52441149064869e-05,0.9999547554283463,0.0003674797729593091
2023-07-19,4.7998097329909245e-05,0.9999520013956706,0.0004189525424929874
2023-07-20,4.9913158121138736e-05,0.999950085692398,0.00042340722273571317
2023-07-21,4.585988728498823e-05,0.9999541390101829,0.0003624716091560701
2023-07-24,6.181684902065918e-05,0.9999381612960798,0.00045605365213551957
2023-07-25,0.00012016460735359072,0.9998796014604217,0.0030029584198666584
2023-07-26,0.0002243655757675494,0.9997752805236546,0.004764423701097029
2023-07-27,0.0002842225799060833,0.9997152477733646,0.005692272494725198
2023-07-28,0.0003621425133488032,0.9996369583825478,0.026595514289733356
2023-07-31,0.00044032419095078065,0.9995576306639247,0.0603594472897947
2023-08-01,0.00042791253948715695,0.9995701348303069,0.06763291016544118
2023-08-02,0.0006036606280361361,0.9993317942041919,0.06787623620850029
2023-08-03,0.0009671594864882826,0.9986325797318514,0.07040017957100164
2023-08-04,0.014716379581013623,0.9704837408642095,0.1077128641868095
2023-08-07,0.016041160060300343,0.9678636695142091,0.08646020516470446
2023-08-08,0.017674075581259344,0.9646927536000784,0.08760823300315224
2023-08-09,0.05087643154078468,0.8973791325374606,0.18623309779848257
2023-08-10,0.06052759747899365,0.8776701950488492,0.22931587660687214
2023-08-11,0.04952471909649129,0.9000588041876121,0.18911038149459744
2023-08-14,0.04881928004625918,0.9014502002645441,0.18171063922483294
2023-08-15,0.057824046784782146,0.8823044471065739,0.22105959160419236
2023-08-16,0.043350629470964894,0.9085783197239705,0.20041914553401313
2023-08-17,0.09975541471912017,0.7889168076938045,0.2961813239822539
2023-08-18,0.17369351394864382,0.6464209567886181,0.41702531237733753
2023-08-21,0.18807367996046354,0.6176627647188855,0.4743695240426848
2023-08-22,0.18071222540517737,0.6346986406379145,0.4409888566620313
2023-08-23,0.16238296858890938,0.67509873152526,0.3649674002522941
2023-08-24,0.13073135058220364,0.7488271901537731,0.3280184438364001
2023-08-25,0.05758961297721993,0.8912423417976554,0.2076393038515481
2023-08-28,0.04515087829910836,0.9174433433163637,0.15805264950346304
2023-08-29,0.04239349463468191,0.9221277099027116,0.1437368845185773
2023-08-30,0.04194774595178398,0.9228675659739609,0.14079208393932957
2023-08-31,0.007231260692307169,0.9891473183479397,0.03667577325463202
2023-09-01,0.0039849570029026945,0.994503965723743,0.023922497983149115
2023-09-05,0.0016122285750033425,0.997964904471214,0.016855061817479304
2023-09-06,0.0013858874886871146,0.9981299345246288,0.016609710378387273
2023-09-07,0.0019400401966507344,0.9970377995799143,0.020828515777974902
2023-09-08,0.0018920113135265457,0.9970863299103497,0.019974105643476212
2023-09-11,0.0015355002461588459,0.9976308282973612,0.01436891711734024
2023-09-12,0.001315465293395481,0.997983149814188,0.008802739517296817
2023-09-13,0.0010173526229430535,0.9984020580976003,0.00673867097099552
2023-09-14,0.0002634407413446765,0.9996908923527995,0.001956247759606593
2023-09-15,0.002227926835163427,0.9955863067373094,0.015155112494205526
2023-09-18,0.0034590942191246284,0.9934179549370563,0.02311519247986261
2023-09-19,0.005426958415103428,0.9898196034736552,0.03520797580551176
2023-09-20,0.05458213480693915,0.8911875128469994,0.15609365531602198
2023-09-21,0.14515616710479143,0.7145260914047619,0.27496496741826937
2023-09-22,0.24245552959590153,0.5257922188791687,0.3593943968359891
2023-09-25,0.3381600030297716,0.3446337349683511,0.46842098686776784
2023-09-26,0.44132835571786033,0.15036158829840163,0.5526414591541526
2023-09-27,0.4958866477808602,0.052847519037887924,0.5298670863290866
2023-09-28,0.5103817597232184,0.03197302272821866,0.5010752735683597
2023-09-29,0.5151484501414358,0.02736607895270689,0.49424224609528755
2023-10-02,0.5218062688928329,0.013458332195257544,0.4662822505007555
2023-10-03,0.5225853835623168,0.011649077287134638,0.4542126803789664
2023-10-04,0.5222149524115267,0.009682956835666603,0.4417332090711531
2023-10-05,0.5177378530346121,0.011462188771953475,0.44396761570476223
2023-10-06,0.5082439563643206,0.023287859231349618,0.456364970949112
2023-10-09,0.4923761690538587,0.04649300385783289,0.48048675234240923
2023-10-10,0.43154136280228456,0.15012909132125413,0.5137356100624016
2023-10-11,0.3464462209585787,0.3090338740106855,0.4999876006543083
2023-10-12,0.3046649737278613,0.38307373190628774,0.532335765095245
2023-10-13,0.30449438294041326,0.38275769026677164,0.5318578156213236
2023-10-16,0.3010619463168665,0.39245536398521946,0.537171375145732
2023-10-17,0.31987137478082717,0.3573815981222254,0.5463227746367939
2023-10-18,0.3931562263816327,0.214001202991042,0.5827767811791112
2023-10-19,0.4341734810952991,0.14223859221020635,0.5554333628592725
2023-10-20,0.4418234290337827,0.12975196904680597,0.564514252578953
2023-10-23,0.45959924328788676,0.09665382549328037,0.5566498784512081
2023-10-24,0.48830820521066887,0.05107755431673022,0.5541546580199438
2023-10-25,0.5092217011159119,0.03421511546592867,0.5669323339129237
2023-10-26,0.519129022523018,0.027756061790978264,0.6188940813623669
2023-10-27,0.5196950900479033,0.02626679402049526,0.6340228900466408
2023-10-30,0.517447744668998,0.023780636617342532,0.6306973816905754
2023-10-31,0.5266917635807004,0.0006403748946925038,0.5970956604351632
2023-11-01,0.5199802584358109,0.001749518749979976,0.5788092587894579
2023-11-02,0.5112426059210557,0.010550230469762705,0.5313515247442864
2023-11-03,0.499994913072178,0.032544680630122835,0.5191966309074851
2023-11-06,0.49667561515275727,0.045669501859299445,0.5143366823096358
2023-11-07,0.4789883190258295,0.08114808499490986,0.5426197672747569
2023-11-08,0.4208311772884222,0.17578117530113743,0.5630414295727398
2023-11-09,0.34450917329784764,0.30104009030497064,0.572478629063562
2023-11-10,0.25970317975203694,0.45780697170445084,0.5099789969587845
2023-11-13,0.17696399617788888,0.608954761360471,0.48148349806278423
2023-11-14,0.10125278592111937,0.7471963247010182,0.4241242781279442
2023-11-15,0.0663947479304113,0.8116563920495554,0.38373573673908185
2023-11-16,0.055761543035784386,0.8311883082872299,0.36822313245155636
2023-11-17,0.05955031006692043,0.8187427311708063,0.3944749195759751
2023-11-20,0.04879496874286024,0.8416421969565608,0.3608065595705792
2023-11-21,0.04347639130890494,0.85973116109605,0.32963531923925393
2023-11-22,0.03405543047531888,0.8917571659119542,0.2771569722965477
2023-11-24,0.027393847462894822,0.9155618151093069,0.2625123582871304
2023-11-27,0.026968964990624955,0.7996524731947612,0.3245126758282413
2023-11-28,0.029527859120830845,0.6756751605483107,0.4240639892512519
2023-11-29,0.02683259473614884,0.6077482875378829,0.5223540553249603
2023-11-30,0.0240539966502109,0.5320977506840862,0.6251230516300543
2023-12-01,0.018433757806574313,0.5201469768393805,0.6791153066765165
2023-12-04,0.0183347900051229,0.6359121291460363,0.6663936445081511
2023-12-05,0.017311059289049153,0.759206807172338,0.6082862962669993
2023-12-06,0.024114805095740228,0.8148865636257316,0.5881963727136037
2023-12-07,0.03762751443402979,0.8645866076077574,0.5759727130831581
2023-12-08,0.04995042176371113,0.8654760538826695,0.5633977770669546
2023-12-11,0.05198975082794256,0.8676315967455877,0.5534976128517922
2023-12-12,0.06090005378115948,0.852821412904291,0.5532408142208922
2023-12-13,0.062473434876670744,0.8527840119054394,0.518572815395864
2023-12-14,0.06910261974684963,0.844979654982688,0.48498119173229703
2023-12-15,0.07005007492248308,0.8488498917743332,0.43420902843490444
2023-12-18,0.06284908660660712,0.8705876901867462,0.3554003712150731
2023-12-19,0.05095662228575328,0.8953742309942923,0.29619746314307127
2023-12-20,0.06283352047055209,0.8754268265960968,0.3060181358384305
2023-12-21,0.0467662897465449,0.907208082629321,0.25423391573731335
2023-12-22,0.03474764259706227,0.930910022565737,0.21172327043142483
2023-12-26,0.03497619440696105,0.9309106954510684,0.21328790083764582
2023-12-27,0.03762368004333387,0.9257948046619194,0.22898930190099334
2023-12-28,0.02042871686580474,0.9588154558797422,0.1803629156630796
2023-12-29,0.022819283726272815,0.9537895515095574,0.19200717687197222
2024-01-02,0.09434901121271762,0.8111460207674499,0.3094026673335555
2024-01-03,0.18610819460823658,0.627413640048903,0.3749549464770469
2024-01-04,0.2756502098631929,0.44226924051445565,0.45254383244467905
2024-01-05,0.3626271427175851,0.26056377062290825,0.542136200635735
2024-01-08,0.40113227771558,0.18244890430669095,0.6482027930896294
2024-01-09,0.367232910825454,0.25125167089770767,0.6292257696308154
2024-01-10,0.3137499686496161,0.3598163236411038,0.6521776261676189
2024-01-11,0.2848338217324784,0.4256264810223852,0.6773131252810507
2024-01-12,0.2652315414721668,0.4757329915035936,0.6909117591623422
2024-01-16,0.30207699901137264,0.4073402862537051,0.6679577889022433
2024-01-17,0.33329428761861235,0.3437469509932917,0.6867499614580663
2024-01-18,0.3726180751247391,0.2610489910426848,0.697266039949006
2024-01-19,0.3709396800443346,0.2586652467894936,0.7136151638437569
2024-01-22,0.3624622775113046,0.2684750517127606,0.7317133332008348
2024-01-23,0.30219065905119963,0.38275854589377495,0.7296258950646546
2024-01-24,0.25832208354394426,0.46913212363167256,0.712140210700522
2024-01-25,0.200597828880567,0.5863600966410442,0.6958780372666524
2024-01-26,0.16452498233398666,0.6629463905296455,0.6506787768092692
2024-01-29,0.1552757739301775,0.6860035311211057,0.6443943723760244
2024-01-30,0.18428773352257818,0.6328002209803589,0.6515412269909187
2024-01-31,0.2573017392683067,0.49483485709195063,0.6142901996603729
2024-02-01,0.27428678433849185,0.46677691776850844,0.6144560790460998
2024-02-02,0.2643974035737794,0.4883816342730733,0.6160085785682174
2024-02-05,0.22166246029923845,0.5756220516595564,0.5573995776340441
2024-02-06,0.18621905208582004,0.6462265521554627,0.5240830778219426
2024-02-07,0.0929049430547368,0.8272563264615066,0.490262647650707
2024-02-08,0.05527688660911666,0.8985953875128997,0.40913513768137644
2024-02-09,0.04068773322687712,0.9262748781733278,0.3364786505273806
2024-02-12,0.03213239006276731,0.9418478962180528,0.27457190809413456
2024-02-13,0.05741340853847533,0.8975834127700937,0.3052966671489486
2024-02-14,0.05590950645567775,0.8998743378881807,0.339601943227195
2024-02-15,0.05366028817342187,0.903743731946127,0.37978316814240143
2024-02-16,0.05445050024533268,0.9013562374534964,0.4307976907172574
2024-02-20,0.06750543079081268,0.8746753465937882,0.5218198151463623
2024-02-21,0.07907242664733094,0.8447591493837849,0.5370019215407943
2024-02-22,0.10444198893583449,0.7960378065622813,0.5753431245649282
2024-02-23,0.1671354953523674,0.6741220559311957,0.6442989961446524
2024-02-26,0.18814880535836323,0.6327407247147496,0.6715010651209322
2024-02-27,0.2034296417788593,0.6036149287482759,0.6835739308750115
2024-02-28,0.18762236718790498,0.6307143675603186,0.6736702322793248
2024-02-29,0.210608730505021,0.5795018936081415,0.685325894189471
2024-03-01,0.15733155775540936,0.6844865551474246,0.6433659730570446
2024-03-04,0.14850366809226132,0.7029203572558735,0.635114965178989
2024-03-05,0.199355266122843,0.6087778465070279,0.6412476805287014
2024-03-06,0.21962576262814704,0.5770592469392843,0.6496926601245916
2024-03-07,0.1776281095810408,0.6612614096140591,0.591608321193535
2024-03-08,0.20023714899772038,0.6100452263699556,0.6063296347518186
2024-03-11,0.23016407678566334,0.5446687509444519,0.6257523387854697
2024-03-12,0.2034956728596004,0.58300884699409,0.6195724566169061
2024-03-13,0.1950280358574082,0.5895600940464849,0.6064219901091431
2024-03-14,0.22933354078779913,0.5232073312325285,0.6734827590521717
2024-03-15,0.2717017859545413,0.4394349387770144,0.6730689427480849
2024-03-18,0.2667028244555828,0.4495353205326911,0.6696245030423463
2024-03-19,0.23230543217599084,0.5209062322790914,0.6359339065266002
2024-03-20,0.1930786257934981,0.602340322718033,0.57219782367282
2024-03-21,0.14726922028832806,0.6939499384040485,0.4388179617692292
2024-03-22,0.07115256069837847,0.8489413991906833,0.32820825517461133
2024-03-25,0.030831479300454705,0.9335795535800454,0.22601332417003867
2024-03-26,0.010976401621701107,0.97660795343251,0.15017006376832537
2024-03-27,0.0017377598304326894,0.9964363979577939,0.08627083540945346
2024-03-28,0.0007223619516150122,0.9985776660829654,0.0813420137881157
2024-04-01,0.0005740357439885762,0.9987757652634206,0.0740543858083029
2024-04-02,0.0004533512933997472,0.9989185454142111,0.05649507408645649
2024-04-03,0.0003975449352076487,0.9989143762815159,0.047061358932034406
2024-04-04,0.0006247864507742276,0.9983641635156616,0.047866969702633204
2024-04-05,0.0009595077837455679,0.9975392189342269,0.07546485944583041
2024-04-08,0.0012464922934400594,0.9969751674858486,0.1013320732851932
2024-04-09,0.0017721491873171652,0.9958451616613371,0.17262695412423196
2024-04-10,0.004949363919060706,0.9891374384984832,0.25293479944298125
2024-04-11,0.007458266811190238,0.9836949084952513,0.3383240635805552
2024-04-12,0.024127223604508218,0.9502119924867063,0.4180962434703114
2024-04-15,0.10588506841531302,0.7909852293458932,0.5080020581420174
2024-04-16,0.17637839590603618,0.6569167093764287,0.5596632113621131
2024-04-17,0.27387338279216566,0.47341494789043354,0.5631673037912359
2024-04-18,0.37138557892273794,0.2882282366982285,0.5683234050473844
2024-04-19,0.4581322328425953,0.12491853841537999,0.5390121104878584
2024-04-22,0.4728484442549387,0.0975114273991489,0.5248576628134967
2024-04-23,0.45070372576786716,0.13677320867236475,0.5182369201426875
2024-04-24,0.3985331061516973,0.2315047535306089,0.5422841740395589
2024-04-25,0.35757708361169716,0.3014055872959083,0.5719716345992373
2024-04-26,0.25771924798676993,0.49157795180551034,0.502818718494388
2024-04-29,0.16137271196548114,0.6783070488705991,0.3973941047782726
2024-04-30,0.12024841695537385,0.7598420977298103,0.31172760281604
2024-05-01,0.10691657314428507,0.7835635555834803,0.29719086461572936
2024-05-02,0.06285569210827793,0.8731720456205039,0.2345549915978289
2024-05-03,0.06262483947066425,0.872384471347651,0.2358382482489727
2024-05-06,0.0686257143217813,0.8580193896260753,0.2709749223690908
2024-05-07,0.07251348440081293,0.844723639742667,0.2924380008027797
2024-05-08,0.05336259654214391,0.8785477218236876,0.2584276295982759
2024-05-09,0.06254244431199234,0.8536643606132802,0.28774682796277756
2024-05-10,0.07320488823273588,0.8264498732611617,0.33590713288617424
2024-05-13,0.07625187481427786,0.8192352976329902,0.3570666616961238
2024-05-14,0.06923013340116563,0.8338928239296635,0.35150303625185453
2024-05-15,0.05363838953454925,0.87001534602164,0.2934368029021663
2024-05-16,0.03134123972715545,0.919432980693094,0.25576484418548534
2024-05-17,0.01775057011028906,0.9500226000943707,0.22999431307037388
2024-05-20,0.008481649413151247,0.9688734404013939,0.2521810624896692
2024-05-21,0.003983423492371719,0.9800962006982677,0.2825007965590565
2024-05-22,0.003939451708870008,0.9800669758803264,0.34241046360355015
2024-05-23,0.0025110102580250477,0.9848975008548162,0.3594606259365223
2024-05-24,0.002172178905205866,0.9880289136570054,0.389359430908118
2024-05-28,0.0023560995773313316,0.9901971394162536,0.3642321828042413
2024-05-29,0.003171328320739894,0.9899035848079129,0.33587220271847346
2024-05-30,0.006861025570886368,0.9812455819866823,0.3628834035623244
2024-05-31,0.012107553618601073,0.9659203046254685,0.4072187623437863
2024-06-03,0.01303664533581494,0.9647055349419931,0.376759193996892
2024-06-04,0.013436995225038783,0.9642264477039706,0.3365522264003885
2024-06-05,0.012719273770736946,0.966024111640615,0.2983943718048097
2024-06-06,0.008883889235779159,0.9762718610366703,0.21260038977297757
2024-06-07,0.0031308039874481685,0.9935486296031169,0.11106143664674342
2024-06-10,0.00216054498033291,0.9957932775203467,0.08308364794024287
2024-06-11,0.001674223375490973,0.9968118438850109,0.08375757079630726
2024-06-12,0.0015818566065773532,0.9970100061298112,0.08675156803841315
2024-06-13,0.0013626553284671087,0.9973928654228696,0.09613054919424868
2024-06-14,0.0013412745164095765,0.9973747570021809,0.09846793638008566
2024-06-17,0.0009986766636000779,0.9980311600071463,0.10415221515387955
2024-06-18,0.0007698377065819354,0.9984495975941273,0.10881758844449282
2024-06-20,0.0008539440440573358,0.9981783449868127,0.11212462428998689
2024-06-21,0.00140453500614145,0.9970041708715442,0.1142757835430718
2024-06-24,0.011994114302503963,0.9763283087477361,0.21216819919724336
2024-06-25,0.013080511617376247,0.9742078011484994,0.22380082575107033
2024-06-26,0.01400333556638913,0.972384265436995,0.22951777548238955
2024-06-27,0.014759540522710234,0.9708618111077337,0.23524616076543903
2024-06-28,0.015826863688296517,0.9687897600449944,0.2412022207819112
2024-07-01,0.005522280571514515,0.9889429966039719,0.14317690731836927
2024-07-02,0.004572728834266771,0.9908108711840657,0.13453836242854278
2024-07-03,0.0036792026082734805,0.9926785089265028,0.14396646016814824
2024-07-05,0.0028721908694139394,0.9946007521461743,0.180417633350444
2024-07-08,0.0011736912738890882,0.9980881446898412,0.18722493025809567
2024-07-09,0.0007095533013785796,0.9990366515679133,0.2205715609099963
2024-07-10,0.0005595792828941898,0.999374011834178,0.24296914439758735
2024-07-11,0.005151002538733976,0.9931727442366813,0.28394116403762915
2024-07-12,0.00647591536307128,0.9910300422106486,0.2916440446013704
2024-07-15,0.007139923140316866,0.9898326925239133,0.29277135713786967
2024-07-16,0.00784880642595708,0.9885386161218752,0.2790981156638101
2024-07-17,0.1105489606235496,0.8037178499774988,0.33914952463876025
2024-07-18,0.20922543572155683,0.6215525076886973,0.3651156665418185
2024-07-19,0.3140875951616766,0.42612024867652964,0.3780155341763629
2024-07-22,0.4203981040849296,0.23012035341696618,0.4237119242120878
2024-07-23,0.5267402631857924,0.03337162128916069,0.4717929791709506
2024-07-24,0.5245612840114702,0.018306910542265912,0.4486555432142351
2024-07-25,0.5202660910265522,0.006854000450784074,0.4307069074840523
2024-07-26,0.5141086807601046,0.00470316609616673,0.4267954249298224
2024-07-29,0.5085872782080182,0.0019968652893153343,0.42107241859947175
2024-07-30,0.4992377230725646,8.93182239719173e-05,0.4219582778114777
2024-07-31,0.5007362671143272,0.00013975044126370977,0.4178123492206452
2024-08-01,0.5026688854912402,0.00013774894122966093,0.41479572090547895
2024-08-02,0.5012419463391039,0.00011982019229514102,0.4255833541947555
2024-08-05,0.5517126389951565,9.472118111558985e-05,0.462176612334944
2024-08-06,0.5838851517005559,9.008971171203593e-05,0.5026596287210084
2024-08-07,0.6209630437706272,6.5385449937963975e-06,0.5617311429879084
2024-08-08,0.6383088890513111,7.533381262651609e-07,0.6119837770585297
2024-08-09,0.6405780694337435,1.438593430257953e-06,0.6308588712053953
2024-08-12,0.5925660868963921,2.3558856438593046e-06,0.6311056680825842
2024-08-13,0.5625671940719117,9.949579315096034e-06,0.60579606697337
2024-08-14,0.5185096747456168,5.681792414360602e-05,0.5719793915911912
2024-08-15,0.4911348203700685,0.0006072539259982161,0.5455804050956676
2024-08-16,0.4630710714273123,0.003162030389732437,0.5878562518557707
2024-08-19,0.3643531716413339,0.017860704407263037,0.5929778648494458
2024-08-20,0.2751617301189412,0.03625883081936036,0.6384977512404679
2024-08-21,0.18375017071735447,0.059563653702914554,0.6579049224917265
2024-08-22,0.09663568962049146,0.07402278720317504,0.6711601883873042
2024-08-23,0.027300290203538764,0.10254877772083995,0.6436397980324169
2024-08-26,0.029852570182730086,0.10684242665880397,0.6560054037472816
2024-08-27,0.02173822129046831,0.10968575729858647,0.6284497774219949
2024-08-28,0.022197760997719328,0.09605035216862394,0.612691340096249
2024-08-29,0.02142591866634242,0.0979509496731813,0.6142124480500512
2024-08-30,0.01956870248990386,0.08764266131490547,0.6042456339142783
2024-09-03,0.015577409702436826,0.06881674529899481,0.5560387710378805
2024-09-04,0.03015188694433557,0.04759225739281386,0.5397271525040435
2024-09-05,0.03620843402143924,0.03791749400942813,0.5258368107008302
2024-09-06,0.04478137756107254,0.021006866754118697,0.5027284334825962
2024-09-09,0.055955656107784434,0.00024147037389692246,0.48669047555228273
2024-09-10,0.06997033570970507,0.00016118158673829658,0.51034191806826
2024-09-11,0.07768708388499548,0.0019061556264672176,0.536214478411512
2024-09-12,0.1341107119731478,0.010470660561012018,0.6091225203234235
2024-09-13,0.19156909694463525,0.02460037778386024,0.6788446642495872
2024-09-16,0.27228184918188514,0.02794547033948359,0.678478120995863
2024-09-17,0.32258150507650835,0.041547611344018485,0.7244911609998362
2024-09-18,0.3768832721032446,0.04563400321459016,0.7340273835841218
2024-09-19,0.3794261040014487,0.06340087547659773,0.7165320068763738
2024-09-20,0.33021747346373437,0.12183882200238072,0.7181992317926491
2024-09-23,0.25364166286106826,0.2043661756519044,0.7793085012138838
2024-09-24,0.20583388797304458,0.29095902477516294,0.7764444644248405
2024-09-25,0.1350268209917957,0.4164555680929647,0.7589157368917521
2024-09-26,0.07198603750048478,0.5330815053754977,0.7142926937874128
2024-09-27,0.05947826922718398,0.592064799297021,0.665219871167488
2024-09-30,0.04778669847173211,0.6442259390689842,0.614457303878776
2024-10-01,0.05150598306845274,0.6310099467772421,0.624053766264757
2024-10-02,0.05913216550040372,0.5698352289520635,0.6681613769835427
2024-10-03,0.0558025023838659,0.5532468977436165,0.6752721581378707
2024-10-04,0.05067688197208141,0.5663867332834228,0.6523167553737718
2024-10-07,0.047452648078599995,0.4487508056619599,0.656397663683634
2024-10-08,0.027279388066463156,0.457696502228974,0.6259017194599306
2024-10-09,0.015850403525176783,0.5441189526439162,0.563813876280334
2024-10-10,0.04143661780132837,0.5405721229147264,0.625117118845925
2024-10-11,0.05631836758629481,0.5557446128486949,0.666981136747934
2024-10-14,0.056724342221089394,0.7290526617138011,0.6194367695766072
2024-10-15,0.07427213266869845,0.7820000538283564,0.6110630562055489
2024-10-16,0.08297901460323223,0.7937628235222258,0.6067077454534819
2024-10-17,0.06482861736211369,0.8470495974690861,0.5253257860853966
2024-10-18,0.04870890952598936,0.8847913503621594,0.4511340730863263
2024-10-21,0.046903920219040766,0.8890651284143122,0.4376511088184046
2024-10-22,0.026537551279643364,0.9374671431561437,0.3643121927456023
2024-10-23,0.045998347447184916,0.8969568435983952,0.3931957610795476
2024-10-24,0.047643407435776594,0.8941982997602365,0.42300313959844527
2024-10-25,0.056353772150842696,0.8750495407073405,0.4607246071117994
2024-10-28,0.06413705481282524,0.8582685214782331,0.496345474160646
2024-10-29,0.06503831895402643,0.8559143701315884,0.5300837951959713
2024-10-30,0.033648435884625974,0.9250145313279399,0.4544110846509213
2024-10-31,0.10967278152694952,0.7780403505014263,0.44598728482279004
2024-11-01,0.19219500197925732,0.6183524122683909,0.45513481437584247
2024-11-04,0.28190601863463627,0.4457172481318034,0.46500079512176784
2024-11-05,0.3599029109725416,0.295361206157548,0.5166241168963843
2024-11-06,0.4387497991089888,0.13874017666700164,0.5977555837415449
2024-11-07,0.4173097771778428,0.17993702663505529,0.6269478301492242
2024-11-08,0.3965220376474606,0.22138323193240658,0.6606493891391747
2024-11-11,0.37372307176797026,0.26509025030734257,0.7030558376406024
2024-11-12,0.3793005179038083,0.25305034153195793,0.6941853995124225
2024-11-13,0.3775137262318026,0.2613685796094332,0.7004077836572905
2024-11-14,0.36697243358117715,0.27564343692062804,0.7145042394036774
2024-11-15,0.3931968179819877,0.22082864408570207,0.6626845546814077
2024-11-18,0.41500138136275194,0.17469221560401993,0.6155176764725957
2024-11-19,0.42402195136331333,0.15200615205553938,0.5885041223970534
2024-11-20,0.4109750044544295,0.15309904514895156,0.5938708017212668
2024-11-21,0.39018836426681697,0.17926576994222004,0.5751760548303091
2024-11-22,0.3368204431995156,0.2618812778619536,0.6329150459207675
2024-11-25,0.2890553123144227,0.3336869682782111,0.6922678410854588
2024-11-26,0.24969125567803357,0.3964454630908783,0.7404462939506898
2024-11-27,0.24735659920396275,0.4064033589648002,0.7372069686777104
2024-11-29,0.26584923618691053,0.3779595894454818,0.7412218759108317
2024-12-02,0.22559404363015495,0.47113871355254844,0.6888818549340836
2024-12-03,0.18071595369073976,0.5738924178520713,0.6362316804978025
2024-12-04,0.12983060308118352,0.6760708398371369,0.592730121551964
2024-12-05,0.07742091282601793,0.7839532902498576,0.5842331856316443
2024-12-06,0.033778690249230324,0.8820965542945706,0.5388784897681351
2024-12-09,0.04805774063477438,0.863452590522537,0.5362886445908104
2024-12-10,0.07218210147243007,0.825146344582784,0.5493126063263896
2024-12-11,0.12584503350497891,0.7338971179449395,0.5960273829866211
2024-12-12,0.16582238524865606,0.6649261757303566,0.6081342667936683
2024-12-13,0.22260966669224908,0.5532321768666149,0.6611724740128341
2024-12-16,0.25155638557077376,0.49422955475870145,0.7201833634146219
2024-12-17,0.23586338068183568,0.5237534603874147,0.6864852574705436
2024-12-18,0.2754359716920599,0.44167944030780326,0.6307548481997169
2024-12-19,0.3224496066139162,0.34381526289709613,0.5747608834830602
2024-12-20,0.3562204084049359,0.2799112182202323,0.5135141452088094
2024-12-23,0.40899339780426186,0.17949785646011876,0.4499285140438368
2024-12-24,0.49418858066806715,0.018060462741234167,0.4755937104457349
2024-12-26,0.49391032489990955,0.02664029293481504,0.4834184494947932
2024-12-27,0.49656963430627454,0.028354526682244696,0.48177866898589167
2024-12-30,0.4928364585173332,0.027562793103965234,0.48104001853193107
2024-12-31,0.4865158894127005,0.025325209529994376,0.4835445026934778
2025-01-02,0.4825001516954043,0.015325045226682415,0.4688736034527225
2025-01-03,0.4573054496111261,0.0185088868301743,0.5165600663512567
2025-01-06,0.435158509943828,0.031202802965424447,0.5714617489756376
2025-01-07,0.4179770272162071,0.03454166004805497,0.6189730715775137
2025-01-08,0.3935658656082724,0.03962235364577752,0.6789668348572441
2025-01-10,0.3618278497461956,0.04254340985656281,0.7448882413714781
2025-01-13,0.3435307450767891,0.03167636440827231,0.7529353038877329
2025-01-14,0.319098713494112,0.01874702228722311,0.7707606464817183
2025-01-15,0.3187801543452514,0.019135001846803674,0.7721387716121182
2025-01-16,0.3371976166056053,0.017489604078883444,0.7383310138561149
2025-01-17,0.36080158842657156,0.021844418618874258,0.7023048859766492
2025-01-21,0.3837573181004509,0.03681158896706348,0.6787685263635315
2025-01-22,0.42007608920411627,0.052092446471894496,0.6338173914136151
2025-01-23,0.41107430672563056,0.09463880348768793,0.6395351847283061
2025-01-24,0.382515617572906,0.16396585080347204,0.6572426859067255
2025-01-27,0.38994028610723575,0.16435336387880844,0.6327957567586143
2025-01-28,0.4029158527239124,0.15971847475309311,0.599759174212007
2025-01-29,0.4045510556657071,0.15235812234960672,0.5849967045461064
2025-01-30,0.41025156215815795,0.14261124277721457,0.5624378449964265
2025-01-31,0.4394335114543889,0.08595112829653956,0.5360384408103009
2025-02-03,0.4217583484758046,0.11717978132719264,0.5651744010900952
2025-02-04,0.36386454347247704,0.23544532019561712,0.5634575329437117
2025-02-05,0.2770481370753497,0.4142983194135502,0.4922820255132841
2025-02-06,0.2099227618340361,0.5560169668396241,0.41888014620696373
2025-02-07,0.13393049358065778,0.712780505990907,0.3627502812760627
2025-02-10,0.06130733574720826,0.8636736043756466,0.2655757685259422
2025-02-11,0.032065411820852825,0.9245749838688566,0.19027654560631174
2025-02-12,0.029654453195035502,0.9276043363952902,0.1882299582046927
2025-02-13,0.02588852263287946,0.9297510479120492,0.19480726824612662
2025-02-14,0.026025506857923254,0.9236696303929115,0.22849617636256347
2025-02-18,0.03905821604769858,0.8878532012848004,0.31820124495820584
2025-02-19,0.0570148327836015,0.8421560227085175,0.4224241072482305
2025-02-20,0.09008508212584379,0.7639306490106136,0.5533539524494424
2025-02-21,0.1680838056067472,0.6076316156102075,0.6270291539542497
2025-02-24,0.2417936092948653,0.4553109613576062,0.6664960745528967
2025-02-25,0.31185924205824567,0.3124912986068753,0.6767687766755803
2025-02-26,0.3865672989064083,0.1700843681375307,0.6565610263259519
2025-02-27,0.4479716692744457,0.05642193745368691,0.6006444316523564
2025-02-28,0.46310592559547475,0.031962732358226435,0.567888989568115
2025-03-03,0.471211660017577,0.016752566568376957,0.5464433019489932
2025-03-04,0.47671132116692727,0.005249600577599162,0.5316782603429127
2025-03-05,0.4766312403177878,0.0016917669285817563,0.5189772247423423
2025-03-06,0.47659702203448073,0.0015646540930388335,0.5169530487523541
2025-03-07,0.4773164051717099,0.0006024031407126809,0.5119317945318731
2025-03-10,0.4815770651789095,0.0004521065217981268,0.5722495635494714
2025-03-11,0.4969281766886879,0.0003247702841593842,0.5860533683396615
2025-03-12,0.5042358433798098,5.260770217338488e-05,0.6003321048190458
2025-03-13,0.5140667666166558,3.770369481422549e-05,0.6700522369770738
2025-03-14,0.499596293317763,2.0829604583139656e-06,0.7446750216059418
2025-03-17,0.4719175257601509,5.661686576474694e-06,0.750734331084143
2025-03-18,0.4201676768350545,5.683033704589199e-06,0.781145503821415
2025-03-19,0.4016784700337074,6.752779358411397e-06,0.8463359590617332
2025-03-20,0.3358896956824278,8.007310647057678e-06,0.8347431344226521
2025-03-21,0.3002209628226239,9.426719529419462e-06,0.8392126253614445
2025-03-24,0.2336362007080214,7.371182119237826e-05,0.7636677328345712
2025-03-25,0.1843591244348383,0.0002543394225559121,0.7111828226588586
2025-03-26,0.10568384226220769,0.00026064311838457397,0.6308356313328021
2025-03-27,0.06719036877807787,0.00026217572689643054,0.5587256207780998
2025-03-28,0.022531261718524608,0.00025931291510085337,0.4759601815205753
2025-03-31,0.021146393488355588,0.00019132260930869376,0.46291295925960163
2025-04-01,0.017894056224796624,1.0586542457601067e-05,0.4419079280437842
2025-04-02,0.0149330961502528,2.961980882887177e-06,0.42812005270433084
2025-04-03,0.06114038295911748,1.498233484853669e-07,0.46172986107775565
2025-04-04,0.2246336429936418,1.4455493877752545e-07,0.4362195664125002
2025-04-07,0.3546254125517301,1.3909535871340073e-07,0.44804040881612756
2025-04-08,0.49910392265304004,1.149139638129951e-07,0.4474357073232437
2025-04-09,0.696683829072849,1.7073709372693606e-13,0.36407322501737965
2025-04-10,0.8479378990407991,4.4615416116884496e-17,0.24435873180199855
2025-04-11,0.8801988076076164,4.46155048405729e-17,0.1829228237893879
2025-04-14,0.9470890395187833,4.461649731332075e-17,0.08651249197316194
2025-04-15,0.9994968653417453,4.461803535573623e-17,0.0025993385440347756
2025-04-16,0.9994990700308624,4.4411835813970064e-17,0.002588732042480424
2025-04-17,0.999236961263113,4.441184454689088e-17,0.0036782768801775236
2025-04-21,0.9981399869985038,4.4411728547574705e-17,0.007760617961572594
2025-04-22,0.9970123376556828,4.441050348918607e-17,0.01186702540219867
2025-04-23,0.9950519251758678,4.440952538242054e-17,0.018507807939066857
2025-04-24,0.9758025899307207,4.468618589976764e-17,0.06093143297961092
2025-04-25,0.963952259906567,4.773986130180432e-17,0.08961266633880784
2025-04-28,0.9479314921266548,5.357304440273314e-17,0.1244674639129936
2025-04-29,0.9351973514262506,8.474110808478771e-17,0.1534025778578471
2025-04-30,0.9251873817269137,1.1416698183232737e-16,0.17623730664493986
2025-05-01,0.9355148807013507,1.957827242956079e-16,0.15727764409595896
2025-05-02,0.9393132282694264,2.539670571059054e-16,0.14961103832707073
2025-05-05,0.9497753998357001,1.8292686785477253e-14,0.12928764103298057
2025-05-06,0.9515638475608978,5.577971627043646e-14,0.12595999066159372
2025-05-07,0.953453555793762,1.244482665910495e-13,0.12225452520989791
2025-05-08,0.9580012697178528,1.5451728148168007e-13,0.11196142626705621
2025-05-09,0.768073075906328,1.816861946297682e-05,0.1715046192208048
2025-05-12,0.5779242185595217,2.267028814943194e-05,0.23781181414377
2025-05-13,0.39177508378147957,0.00013156642140798444,0.29015667373219733
2025-05-14,0.203303824768234,0.0004735012338545755,0.34640411122916476
2025-05-15,0.00905471525078574,0.0008737292430247088,0.41551834963229073
2025-05-16,0.010681496894534116,0.0008665956816180049,0.4188519408086475
2025-05-19,0.010721633359827855,0.0008750817463174194,0.4189701485990562
2025-05-20,0.01735892732045392,0.0007662790146701252,0.42984460094129073
2025-05-21,0.020189121740758924,0.0004264749343576081,0.4343165717804805
2025-05-22,0.020553008906304102,5.586169399715734e-05,0.433837364262666
2025-05-23,0.017987675755748757,0.0001248445901162899,0.42838131599106344
2025-05-27,0.015108719482334962,0.010219511882024905,0.4399572978369627
2025-05-28,0.007083873498248952,0.018186498978369037,0.4405249937068986
2025-05-29,0.0031479903793796365,0.033886488011315816,0.4563637615365268
2025-05-30,0.0017140330850022075,0.04744841138239501,0.4748844578274557
2025-06-02,0.0011611307932100077,0.09249784115065256,0.5152403712766389
2025-06-03,0.001196470336260789,0.18329582549804818,0.5364972048740221
2025-06-04,0.0011228719060961973,0.2625075274137343,0.5641019324432256
2025-06-05,0.0010363196914002699,0.29688384406368984,0.5828124009792577
2025-06-06,0.0009324474184258177,0.36631373829049974,0.6039045561962062
2025-06-09,0.000916944197370562,0.4523435094224273,0.5831308249627558
2025-06-10,0.0006447870282714357,0.5205944098901796,0.5254168399497167
2025-06-11,0.007327196071805262,0.611463519065793,0.5167478728744157
2025-06-12,0.016335738234506382,0.7403637971116582,0.5128246238317902
2025-06-13,0.04406696416105117,0.7890720824252141,0.5366506888717643
2025-06-16,0.057051414092580834,0.8254641208441527,0.5547072891956545
2025-06-17,0.07529716984041367,0.8082957158075745,0.6138566633993843
2025-06-18,0.0844726797734622,0.7874919298892894,0.609670339498629
2025-06-20,0.08655247534279734,0.7743729435304114,0.5755632591683871
2025-06-23,0.06990723547560232,0.8092073817751049,0.5417221297378684
2025-06-24,0.07261807221974302,0.795559565097107,0.5596309695176475
2025-06-25,0.06600032984559362,0.8031851170768048,0.5851674053216086
2025-06-26,0.06737719017131134,0.8057064243721239,0.6076545301415323
2025-06-27,0.0720290924609749,0.8005354813757382,0.6566999815264916
2025-06-30,0.07196249853021033,0.803497908996551,0.6745988265310398
2025-07-01,0.06857974225139829,0.811588823293105,0.6796643783331777
2025-07-02,0.06685001299222344,0.8266515151622574,0.6496807590944147
2025-07-03,0.05587824964161562,0.8497438813416466,0.6139593181165613
2025-07-07,0.046948412234227986,0.8712040342636376,0.5722169482361533
2025-07-08,0.0464501250068889,0.876103968345114,0.5310144721054169
2025-07-09,0.05563826761218269,0.8652580497703648,0.5214674652070945
2025-07-10,0.07403869354062867,0.8270794330331828,0.5526667145895716
2025-07-11,0.08592219275908157,0.8044261135227535,0.5681140726838082
2025-07-14,0.09923248459332039,0.7777355741927605,0.5997244598332744
2025-07-15,0.10297800676136534,0.7718726597740625,0.611860105624245
2025-07-16,0.08539697945199413,0.8111622750088617,0.5291930122168439
2025-07-17,0.060920418999743486,0.8662235277922334,0.4223851338714463
2025-07-18,0.0479776879724194,0.8934598494736303,0.3599415585995952
2025-07-21,0.029747088376006564,0.9327028987736388,0.2683053426477808
2025-07-22,0.02173375384313552,0.9466180306391406,0.22963359285391363
2025-07-23,0.02596097843529175,0.9372787796986654,0.2443843421112785
2025-07-24,0.04212520121127103,0.9049834094269033,0.2986545853498815
2025-07-25,0.054015590728533146,0.8823680379219496,0.3366459830945122
2025-07-28,0.06873029284369976,0.8543969916245928,0.3865458096719102
2025-07-29,0.06849581712763553,0.8596024857850102,0.3655561910732958
2025-07-30,0.07628432012553896,0.8468034265066755,0.38014996956895153
2025-07-31,0.067309269247491,0.8658063095834446,0.34270261496622795
2025-08-01,0.1463310856167724,0.7130426673862249,0.3713041689055091
2025-08-04,0.19260028358331677,0.6248798126185396,0.4212630013458686
2025-08-05,0.24239017326505538,0.5297967917717087,0.5058307895575297
2025-08-06,0.3064639076158485,0.40647949763968094,0.5563969136194719
2025-08-07,0.38946474635005857,0.24530223665689208,0.6073403899809566
2025-08-08,0.3820982270195966,0.2604003208522817,0.607661333881447
2025-08-11,0.38736924413894447,0.25097225260433453,0.6038255487635367
2025-08-12,0.41178778728999677,0.20437156109190716,0.6035032969690777
2025-08-13,0.4099553029529284,0.20996734476957277,0.6015896768279406
2025-08-14,0.39197871630049336,0.24747494444233492,0.6212906785555304
2025-08-15,0.3718511472986106,0.28645277933390334,0.6392467900668671
2025-08-18,0.36223759468939376,0.301442113391161,0.6527379406060261
2025-08-19,0.37116622683254924,0.27898472122206314,0.6501310354052647
2025-08-20,0.3876437943764719,0.23748921747848364,0.6373243245321788
2025-08-21,0.41026396857203357,0.1861590537443406,0.6092198080243646
2025-08-22,0.42295305785597587,0.16244967632619198,0.6040255133231931
2025-08-25,0.4475127265400446,0.11815376645695405,0.5910576241097026
2025-08-26,0.41976426330116157,0.17306580382339773,0.6136956232036799
2025-08-27,0.3848191726430307,0.24600252945390677,0.6437501920229952
2025-08-28,0.3221340836497862,0.3700417085489243,0.6860703878286218
2025-08-29,0.3144064286703958,0.3846867716440415,0.6962364508533387
2025-09-02,0.3143110505167497,0.38898508867509707,0.7044557141387139
2025-09-03,0.274691556468944,0.4688883962603567,0.6484907759157652
2025-09-04,0.22513262388883665,0.5673279718156113,0.5575215392173754
2025-09-05,0.19259276644550888,0.6331927719549721,0.45384896410304637
2025-09-08,0.12390108216189366,0.7654995352526258,0.3843851321096918
2025-09-09,0.04142003574602317,0.9200528476527751,0.3250779981056993
2025-09-10,0.020059016878961545,0.9606352395494941,0.31553329635746524
2025-09-11,0.010791975691604649,0.9781702898252244,0.346022692469377
2025-09-12,0.007647934686127902,0.9845395335627067,0.37408394661366007
2025-09-15,0.0027428983953789923,0.994761385867875,0.3833403242557897
2025-09-16,0.0021844599179376015,0.995804751011452,0.3856648802147357
2025-09-17,0.0016935538812073477,0.9967555233043139,0.38017519118823484
2025-09-18,0.0007007202149604687,0.9987058146101834,0.3490695336774939
2025-09-19,0.0003796337636166035,0.9991356798898113,0.33190728954182847
2025-09-22,0.00022151351743732246,0.9994991457167677,0.2972206544664172
2025-09-23,0.00019317968483982442,0.9996654749577605,0.23353058120419745
2025-09-24,0.0002840356316549581,0.9995181070552801,0.17314127444836602
2025-09-25,0.0004752438634993996,0.9992300192389285,0.15282031459621542
2025-09-26,0.000536217494627555,0.9991428976636154,0.13163422047655834
2025-09-29,0.0005924504236085907,0.9990880290204108,0.1562273379450385
2025-09-30,0.0006611746124195307,0.9990642446610852,0.1931355499047084
2025-10-01,0.0007487328532408619,0.9990888479275174,0.22098959860546005
2025-10-02,0.0006882769166167685,0.9992722012110443,0.22869836818525568
2025-10-03,0.0009696131923179547,0.9990242836998778,0.23734929974453894
2025-10-06,0.0009190000179838806,0.999077648741755,0.1694154250740573
2025-10-07,0.0008232395135740324,0.9991744473154786,0.11769958548585673
2025-10-08,0.00060010210923438,0.9993984973719788,0.07597035813740956
2025-10-09,0.0006126224142018275,0.9993872675333091,0.11245990713681278
2025-10-10,0.0006201378137112024,0.9993790134879307,0.07803549092174575
2025-10-13,0.0009346730355328771,0.9990637391217166,0.0965052858502243
2025-10-14,0.0016388602674590215,0.9983502090225835,0.11160189374799408
2025-10-15,0.0022497169392402603,0.9977357119799107,0.13976052233642627
2025-10-16,0.002193330851137429,0.9977921749426834,0.06557207067823875
2025-10-17,0.0019476511793308914,0.9980385873680756,0.06603140550502676
2025-10-20,0.0016373660238800994,0.9983496116620512,0.04756948993655148
2025-10-21,0.001127950349740996,0.9988683681864086,0.03334217195419422
2025-10-22,0.0009548395166655337,0.9990445080568925,0.0112046350977745
2025-10-23,0.0027613942357208503,0.997218734741511,0.030794504648485356
2025-10-24,0.002724225631440632,0.9972548860715783,0.029680422960114694
2025-10-27,0.002725645378766826,0.9972534326458513,0.02972788638204049
2025-10-28,0.0025312774398632268,0.9974477822070007,0.02886642846351544
2025-10-29,0.002115453361761456,0.9978642085261568,0.022978849802805935
2025-10-30,0.00026632966986356787,0.9997307644881184,0.001989509946822363
2025-10-31,0.00030538259979775615,0.9996837592858594,0.002059247761498055
2025-11-03,0.0003549656042072503,0.9996327395943778,0.0024079132613991742
2025-11-04,0.0005239070999564635,0.9994353973127243,0.0032905750224730005
2025-11-05,0.0006551573719052794,0.9992913667911336,0.003957070831564191
2025-11-06,0.0028865883241439238,0.9952644957610008,0.017090584246893276
2025-11-07,0.004954543761333407,0.9913611641031054,0.029514475773985905
2025-11-10,0.00916493155225658,0.9854094571098632,0.05661528442500878
2025-11-11,0.03316524541853873,0.9410378453617063,0.16500628100087283
2025-11-12,0.06496821997239081,0.8834296803292492,0.2886623569594847
2025-11-13,0.15497461258128267,0.7131682365353453,0.3904282157486822
2025-11-14,0.24492021871086492,0.543096845759771,0.49289073289840024
2025-11-17,0.3412907068373167,0.35731044811310425,0.5623155710480109
2025-11-18,0.41852904309947914,0.20500176879089352,0.5410013451295025
2025-11-19,0.47979145663278067,0.07935007568479267,0.523340301630048
2025-11-20,0.4887710031634411,0.05448208367528884,0.4934862541373429
2025-11-21,0.4972310168196657,0.03117696986640068,0.4664923403266772
2025-11-24,0.48690049907020666,0.03713503870072715,0.4728714508172027
2025-11-25,0.4699865131790255,0.0591038146673454,0.4986492205739556
2025-11-26,0.4530284149762747,0.08259931934747447,0.5154479244411514
2025-11-28,0.38662065315233796,0.20294094170468147,0.5413914183582772
2025-12-01,0.3475446096242005,0.26819703115777627,0.5788809619563656
2025-12-02,0.3090303195151502,0.3389386244301263,0.6006445265245646
2025-12-03,0.2576060946036758,0.4355161263508309,0.5978058135286112
2025-12-04,0.21180418843022547,0.528488313434091,0.5752331961312691
2025-12-05,0.17951654926447602,0.5970199078430922,0.4945551176137409
2025-12-08,0.1235077348812379,0.7143814826600445,0.40893718932416967
2025-12-09,0.07220237170659122,0.8246363373036589,0.3006144670153099
2025-12-10,0.03957341277004772,0.8990474678248864,0.2066336790894021
2025-12-11,0.009775895239625548,0.961271929008111,0.12446929152911508
2025-12-12,0.015761599835881827,0.9478195693342641,0.14909973413379107
2025-12-15,0.04668133058652195,0.8787531856336963,0.2294507019681636
2025-12-16,0.06258332330881053,0.843218794494193,0.29183351219778797
2025-12-17,0.1312682689050084,0.6952821425838264,0.41493583177680343
2025-12-18,0.17252168476114796,0.6117351120411789,0.5144914867480689
2025-12-19,0.20098337791190737,0.5576790794991375,0.5688657275202083
2025-12-22,0.19877400951726196,0.5727861850795388,0.5682553508381767
2025-12-23,0.21574192584710086,0.5466107422191319,0.6327449686349991
2025-12-24,0.17077588847061925,0.6520860241294535,0.5949242746421137
2025-12-26,0.15735100609962943,0.6856710999634519,0.5843158313071231
2025-12-29,0.1821048835035394,0.6418623868428743,0.6281211136464828
2025-12-30,0.21657695475833588,0.574772108205331,0.6604063953587829
2025-12-31,0.279695754823183,0.45468710567389997,0.6243121798978274
2026-01-02,0.3418342551911847,0.3260292524323636,0.6515678412190457
2026-01-05,0.36510542198503887,0.2675160820374967,0.6959933216767578
2026-01-06,0.3210603772322977,0.346023955951534,0.6850070730779472
2026-01-07,0.27425169411932915,0.43011052675177525,0.6834502936669079
2026-01-08,0.21855780320949436,0.5246234842409303,0.7349933424504609
2026-01-09,0.15323768322015224,0.6514003843215075,0.7514185922965565
2026-01-12,0.12422407879913071,0.7119557566840423,0.74940342620295
2026-01-13,0.12960301621319809,0.7019628306582525,0.7572095090531843
2026-01-14,0.17915752881484945,0.6104590651186673,0.7616305865873334
2026-01-15,0.1880156449672675,0.6009946382933548,0.762200595152256
2026-01-16,0.22157497891755598,0.5377829525918251,0.7789929597402178
2026-01-20,0.2950815619191153,0.3933406504431204,0.7385054643958231
2026-01-21,0.37159245941884994,0.2546110779079259,0.6910320710535895
2026-01-22,0.38318605727561594,0.2393549668867429,0.665837459549189
2026-01-23,0.4014661918613148,0.21113092662764096,0.6405688389018288
2026-01-26,0.39600401009357733,0.22802321783640248,0.60552017181426
2026-01-27,0.34881556437048455,0.3296579653539025,0.6268830040596584
2026-01-28,0.30543655814014475,0.4118340686070384,0.6624173675736988
2026-01-29,0.26331347011422845,0.49078678828809263,0.6538304333756235
2026-01-30,0.278098235986046,0.46175850942320784,0.6495365595684074
2026-02-02,0.2588426883421002,0.4994234938713896,0.6227003103436131
2026-02-03,0.3073827056926168,0.404225852019137,0.5967570103242668
2026-02-04,0.35294838786909166,0.3159108497070953,0.5497400863940377
2026-02-05,0.41070448797281917,0.19597762364332016,0.5300716871184884
2026-02-06,0.4298204183875969,0.15580169938157584,0.4841306427384886
2026-02-09,0.5010976395757054,0.01406297647198342,0.46834587576182407
2026-02-10,0.504802162931659,0.006122745913089289,0.4503438174619491
2026-02-11,0.5036210706663979,0.005349026692952651,0.4463239635081992
2026-02-12,0.5023241388181752,0.005112960375593846,0.43535567291938027
2026-02-13,0.49755590804131894,0.0044409013997169355,0.4397434651398381
2026-02-17,0.49450555901219995,0.003427395558838961,0.44339755106262946
2026-02-18,0.49218540999175026,0.002671423418602482,0.4445355205676286
2026-02-19,0.49016359641070933,0.0020581321230055518,0.4451097882122969
2026-02-20,0.4938941188946943,0.0035486869643747395,0.442441014969277
2026-02-23,0.49618500011822836,0.004763571991693491,0.45105724018867993
2026-02-24,0.4959351522012566,0.007316296934153746,0.4628978411132767
2026-02-25,0.49514750865528273,0.0113728224842739,0.47063496982030706
2026-02-26,0.4966761848708874,0.012386625986471087,0.4741904494545861
2026-02-27,0.4834387950016299,0.017183236985861404,0.5150384988820704
2026-03-02,0.47328728442529566,0.021540654999543864,0.5434898660704074
2026-03-03,0.47165629376833207,0.02021503193233649,0.5475713929063775
2026-03-04,0.4711595525081408,0.019523789558914033,0.5488305181392155
2026-03-05,0.46962190505869517,0.020333144989829355,0.5515373394815424
2026-03-06,0.4740376678599906,0.014344167330583477,0.5262004691173301
2026-03-09,0.47513621724436844,0.010995451666024964,0.5108572635579064
2026-03-10,0.47586375707465134,0.010634261204034764,0.5019382660639718
2026-03-11,0.47380523162373356,0.008659409559902386,0.5106129785522968
2026-03-12,0.4620741464928977,0.006662073949647638,0.5370521279783169
2026-03-13,0.4472179043089534,0.00632124643861134,0.5698382505107492
